policy_id,year,exposure,payroll
POL000001,2022,0.656,1105067.18
POL000001,2023,0.714,1020007.84
POL000002,2020,0.701,3321514.37
POL000002,2021,0.832,3103676.07
POL000002,2022,0.602,3395586.31
POL000003,2019,0.818,4885365.12
POL000003,2020,0.6,4664618
POL000004,2018,0.693,2914759.71
POL000005,2019,0.764,3109150.78
POL000006,2022,0.964,3168648.9
POL000006,2023,0.67,2847936.46
POL000007,2021,0.684,248389.1
POL000007,2022,0.791,237596.12
POL000008,2019,0.776,3738481.33
POL000008,2020,0.633,4263347.75
POL000009,2018,0.695,355937.68
POL000009,2019,0.989,372583.11
POL000010,2018,0.886,1896815.02
POL000010,2019,0.896,2167960.48
POL000011,2023,0.958,1972978.15
POL000012,2022,0.633,4273382.82
POL000012,2023,0.852,4340819.49
POL000013,2018,0.752,1165483.45
POL000013,2019,0.889,1245292.39
POL000013,2020,0.943,1260562.2
POL000014,2021,0.96,2650210.03
POL000015,2018,0.985,2400499.93
POL000015,2019,0.646,2506463.84
POL000015,2020,0.991,2256123.14
POL000016,2022,0.889,10491949.22
POL000016,2023,0.905,10488389.36
POL000016,2024,0.714,11190105.29
POL000017,2023,0.648,2751806.69
POL000017,2024,0.932,2614744.81
POL000018,2018,0.869,1255661.59
POL000019,2018,0.763,2018250.42
POL000019,2019,0.947,2085216.05
POL000020,2022,0.821,2288055.66
POL000021,2022,0.777,283619.79
POL000021,2023,0.653,269546.29
POL000021,2024,0.827,255164.86
POL000022,2022,0.617,1831985.56
POL000022,2023,0.764,1900032.93
POL000023,2021,0.95,7486077.02
POL000024,2019,0.824,1108296.52
POL000024,2020,0.735,1043112.4
POL000025,2024,0.964,1221873.6
POL000026,2018,0.869,939021.55
POL000026,2019,0.622,922295.69
POL000027,2020,0.902,881425.33
POL000027,2021,0.896,925039.03
POL000028,2018,0.65,720086.19
POL000029,2018,0.65,3806588.59
POL000030,2022,0.791,4427305.93
POL000030,2023,0.639,4380554.02
POL000031,2023,0.689,1398487.14
POL000031,2024,0.828,1410110.85
POL000032,2021,0.61,6636378.8
POL000032,2022,0.708,6362268.23
POL000033,2021,0.935,438497.26
POL000034,2023,0.64,2153176.79
POL000034,2024,0.668,1974227.17
POL000035,2021,0.821,11307033.79
POL000036,2020,0.985,1461770.26
POL000037,2023,0.988,2019276.34
POL000038,2022,0.659,2451056.15
POL000038,2023,0.624,2324500.42
POL000038,2024,0.63,2177896.34
POL000039,2023,0.739,388349.36
POL000040,2022,0.897,663665.22
POL000041,2024,0.653,3308264.96
POL000042,2019,0.799,1863963.22
POL000042,2020,0.952,1934556.4
POL000043,2022,0.957,1095688.17
POL000044,2022,0.928,3084258.22
POL000044,2023,0.837,2869277.64
POL000044,2024,0.809,2750270.89
POL000045,2019,0.747,1668655.82
POL000045,2020,0.717,1604957.15
POL000046,2018,0.962,3660938.03
POL000046,2019,0.94,3719062.56
POL000046,2020,0.859,3937193.13
POL000047,2018,0.682,16281906.14
POL000047,2019,0.768,16463545.11
POL000047,2020,0.838,15792499.39
POL000048,2021,0.691,2745074.04
POL000049,2024,0.882,1582656.33
POL000050,2021,0.905,245435.36
POL000050,2022,0.825,250746.78
POL000051,2021,0.628,6032791.68
POL000052,2022,0.953,2588639.07
POL000053,2023,0.837,12298932.38
POL000053,2024,0.803,13019867.17
POL000054,2021,0.852,428189.17
POL000054,2022,0.737,384532.37
POL000055,2022,0.887,1644145.74
POL000056,2018,0.696,1464147.17
POL000056,2019,0.912,1394437.83
POL000056,2020,0.707,1383864.22
POL000057,2024,0.968,966421.7
POL000058,2023,0.676,2863216.63
POL000058,2024,0.873,2806302.7
POL000059,2018,0.766,6386981.37
POL000059,2019,0.882,5862617.66
POL000059,2020,0.891,6370853.03
POL000060,2019,0.759,2440470.47
POL000060,2020,0.844,2512884.91
POL000061,2020,0.924,1930667.35
POL000062,2021,0.811,1339471.62
POL000063,2021,0.613,248415.96
POL000063,2022,0.619,218148.05
POL000063,2023,0.854,233412.53
POL000063,2024,0.959,242079.62
POL000064,2024,0.962,3093796.66
POL000065,2019,0.972,1224471.14
POL000065,2020,0.834,1193391.04
POL000065,2021,0.964,1258398.43
POL000066,2023,0.653,5948441.47
POL000066,2024,0.859,6102427.21
POL000067,2020,0.96,2119185.92
POL000067,2021,0.736,2033656.84
POL000067,2022,0.812,2017481.21
POL000068,2019,0.98,4227987.83
POL000068,2020,0.909,4039670.12
POL000069,2020,0.659,1848596.16
POL000069,2021,0.918,1715248.62
POL000070,2024,0.871,774923.29
POL000071,2023,0.78,2403126.56
POL000072,2024,0.732,3690211.56
POL000073,2019,0.781,1310462.98
POL000074,2020,0.677,5343366.48
POL000074,2021,0.621,5075706.27
POL000075,2021,0.745,2036214.72
POL000075,2022,0.744,2038197.13
POL000076,2024,0.73,10903163.08
POL000077,2019,0.756,1823698.68
POL000077,2020,0.994,1761453.64
POL000077,2021,0.706,1684832.24
POL000078,2019,0.855,1895692.76
POL000079,2021,0.609,1891608.39
POL000079,2022,0.95,1825418.66
POL000080,2019,0.785,4734211.95
POL000081,2019,0.932,755229.49
POL000081,2020,0.762,687136.82
POL000081,2021,0.941,758556.7
POL000082,2024,0.674,2629537.61
POL000083,2018,0.755,1320603.09
POL000083,2019,0.605,1349857.73
POL000083,2020,0.74,1306834.55
POL000084,2020,0.918,2573921.28
POL000084,2021,0.842,2743838.33
POL000084,2022,0.807,2738996.76
POL000084,2023,0.818,2699818.53
POL000085,2018,0.89,2086852.8
POL000085,2019,0.797,2072565.18
POL000086,2023,0.734,6166478.62
POL000087,2020,0.879,2102295.7
POL000087,2021,0.902,2157148.24
POL000088,2019,0.865,4275500.86
POL000088,2020,0.975,4072978.19
POL000089,2021,0.721,5291977.81
POL000089,2022,0.746,5304594.26
POL000089,2023,0.92,5605401.79
POL000089,2024,0.716,5402845.74
POL000090,2019,0.897,2359844.06
POL000091,2024,0.774,3799759.8
POL000092,2022,0.628,705932.49
POL000092,2023,0.982,775927.81
POL000093,2024,0.662,1051026.75
POL000094,2022,0.933,444593.22
POL000094,2023,0.774,482644.65
POL000095,2022,0.619,631298.01
POL000095,2023,0.929,573714.58
POL000095,2024,0.644,589420.23
POL000096,2020,0.962,3754500.68
POL000097,2024,0.925,4200988.87
POL000098,2023,0.755,2787835.3
POL000099,2020,0.614,14832527.34
POL000099,2021,0.765,13719025.3
POL000100,2022,0.635,708689.02
POL000101,2021,0.848,4559552.72
POL000101,2022,0.953,4296443.65
POL000102,2023,0.619,468781.33
POL000102,2024,0.882,452679.9
POL000103,2019,0.713,399385.93
POL000103,2020,0.743,381918.44
POL000103,2021,0.756,407690.66
POL000104,2019,0.776,2084614.01
POL000104,2020,0.846,2077654.13
POL000104,2021,0.771,2287560.95
POL000104,2022,0.88,2220992.4
POL000105,2019,0.689,9353714.31
POL000105,2020,0.809,9768204.93
POL000105,2021,0.677,9309886.82
POL000106,2020,0.89,3449125.83
POL000106,2021,0.604,3712783.48
POL000107,2018,0.951,1302408.17
POL000107,2019,0.74,1298647.09
POL000108,2020,0.604,3642925.04
POL000108,2021,0.782,4023419.18
POL000108,2022,0.634,4031553.65
POL000108,2023,0.951,3955591.23
POL000109,2021,0.985,863023.15
POL000109,2022,0.865,853780.57
POL000110,2023,0.979,657049.98
POL000110,2024,0.802,616868.96
POL000111,2024,0.943,1012490.11
POL000112,2022,0.857,2930338
POL000113,2018,0.61,3489167.04
POL000113,2019,0.741,3605460.65
POL000113,2020,0.802,3484851.51
POL000113,2021,0.672,3875926.33
POL000114,2023,0.856,7312691.46
POL000114,2024,0.931,7300349.1
POL000115,2019,0.889,2294797.16
POL000115,2020,0.962,2197365.97
POL000115,2021,0.875,2031724.95
POL000116,2024,0.781,279877.49
POL000117,2021,0.653,3743820.86
POL000118,2023,0.724,1234497.87
POL000118,2024,0.947,1196865.15
POL000119,2020,0.732,1106797.48
POL000119,2021,0.948,1101115.89
POL000119,2022,0.795,1228143.45
POL000120,2019,0.62,2879350.5
POL000120,2020,0.776,2993478.37
POL000121,2022,0.699,1724551.95
POL000122,2022,0.7,605144.63
POL000123,2019,0.607,1256309.09
POL000123,2020,0.827,1419699.43
POL000124,2022,0.943,1440115.47
POL000125,2023,0.65,952107.55
POL000126,2021,0.622,422669.07
POL000126,2022,0.874,390079.7
POL000126,2023,0.861,415198.05
POL000127,2019,0.806,3852570.73
POL000127,2020,0.63,3871999.45
POL000128,2023,0.664,1425153.78
POL000128,2024,0.875,1325603.3
POL000129,2020,0.629,1183555.42
POL000129,2021,0.91,1240230.92
POL000130,2023,0.97,257661.33
POL000130,2024,0.638,273499.39
POL000131,2021,0.676,6278780.09
POL000132,2023,0.7,1728489.8
POL000132,2024,0.693,1701266.4
POL000133,2024,0.944,313379.84
POL000134,2023,0.851,1131717.1
POL000134,2024,0.725,1135724.88
POL000135,2021,0.647,3215725.22
POL000135,2022,0.737,3313600.36
POL000136,2022,0.737,1437898.42
POL000137,2020,0.918,386602.2
POL000137,2021,0.658,414172.64
POL000137,2022,0.969,372702.71
POL000138,2018,0.934,1750401.21
POL000139,2019,0.822,4185548.8
POL000139,2020,0.632,4227710.76
POL000139,2021,0.631,3951140.34
POL000140,2023,0.89,1900624.5
POL000141,2018,0.83,1857419.27
POL000142,2023,0.944,1402751.03
POL000142,2024,0.843,1416384.42
POL000143,2019,0.78,884363.15
POL000143,2020,0.837,848182.09
POL000143,2021,0.93,884108.49
POL000144,2022,0.64,4009221.65
POL000144,2023,0.846,3799028.26
POL000145,2022,0.698,476796.18
POL000146,2023,0.843,2522168.14
POL000146,2024,0.71,2437704.53
POL000147,2022,0.743,1935224.98
POL000147,2023,0.993,1864751.51
POL000147,2024,0.83,2022897.43
POL000148,2022,0.983,9864425
POL000149,2024,0.833,1092428.12
POL000150,2021,0.717,7899065.62
POL000150,2022,0.903,8248842.19
POL000150,2023,0.887,8393288.43
POL000150,2024,0.887,8004196.04
POL000151,2019,0.706,2010977.13
POL000151,2020,0.652,2321948.41
POL000152,2022,0.85,739808.67
POL000152,2023,0.752,762378.5
POL000152,2024,0.623,752621.22
POL000153,2022,0.849,2383610.34
POL000154,2021,0.977,484626.25
POL000154,2022,0.743,440035.38
POL000154,2023,0.906,492830.93
POL000154,2024,0.673,497706.11
POL000155,2022,0.726,1142478.46
POL000155,2023,0.855,1145826.22
POL000155,2024,0.934,1136416.67
POL000156,2024,0.981,1801930.53
POL000157,2023,0.611,722856.35
POL000157,2024,0.636,794784.69
POL000158,2023,0.989,752426.97
POL000158,2024,0.713,796339.74
POL000159,2018,0.689,6252971.83
POL000159,2019,0.937,6628180.21
POL000159,2020,0.626,7019716.97
POL000159,2021,0.708,6492823.23
POL000160,2020,0.97,726951.15
POL000161,2024,0.705,1478106.24
POL000162,2022,0.647,1874875.84
POL000162,2023,0.772,1874484.17
POL000162,2024,0.949,2105816.64
POL000163,2020,0.904,1523218.61
POL000163,2021,0.942,1487726.99
POL000163,2022,0.967,1637524.8
POL000163,2023,0.917,1465839.22
POL000164,2018,0.847,536006.29
POL000164,2019,0.646,530019.96
POL000165,2018,0.708,7376779.51
POL000165,2019,0.743,7674790.96
POL000166,2023,0.633,1688948.29
POL000167,2021,0.658,5614099.68
POL000167,2022,0.719,5372494.08
POL000168,2021,0.755,1385626.62
POL000168,2022,0.997,1297255.51
POL000169,2021,0.766,4486460.56
POL000169,2022,0.92,4469507.14
POL000170,2022,0.809,2366299.68
POL000170,2023,0.914,2146443.35
POL000171,2018,0.979,1293719.75
POL000172,2024,0.752,467028.66
POL000173,2021,0.817,2189730.56
POL000174,2019,0.772,1563355.35
POL000175,2022,0.672,352666.35
POL000176,2024,0.85,758528.52
POL000177,2020,0.919,1871789.09
POL000178,2018,0.627,1248107.78
POL000179,2024,0.601,1337982.95
POL000180,2023,0.78,1179436.74
POL000180,2024,0.612,1259028.15
POL000181,2024,0.706,1009303.48
POL000182,2018,0.9,9572767.38
POL000182,2019,0.863,9357885.96
POL000182,2020,0.965,9656184.7
POL000182,2021,0.998,9835335.68
POL000183,2023,0.956,1880643.13
POL000183,2024,0.914,1997562.33
POL000184,2024,0.892,958639.54
POL000185,2021,0.912,531145.21
POL000186,2019,0.631,615299.8
POL000187,2023,0.978,771601.66
POL000188,2021,0.79,1185892.86
POL000188,2022,0.883,1218996.94
POL000189,2018,0.971,1787018.34
POL000189,2019,0.844,2005469.09
POL000190,2022,0.699,1079994.85
POL000190,2023,0.79,945668.56
POL000191,2020,0.947,4885109.25
POL000192,2020,0.775,3255135.17
POL000192,2021,0.844,3231222.2
POL000193,2020,0.903,1667006.24
POL000194,2024,0.829,5121294.13
POL000195,2019,0.7,565201.36
POL000195,2020,0.886,559315.86
POL000196,2024,0.981,1255228.38
POL000197,2018,0.84,2163082.94
POL000198,2018,0.905,1080318.11
POL000198,2019,0.7,1096990.58
POL000198,2020,0.892,1173463.95
POL000199,2021,0.89,6490685.33
POL000199,2022,0.872,6216652.89
POL000199,2023,0.903,6146782.45
POL000199,2024,0.727,6111265.3
POL000200,2018,0.865,5478670.05
POL000200,2019,0.643,5549470.51
POL000201,2023,0.741,6134171.03
POL000201,2024,0.829,5700794.69
POL000202,2019,0.856,3477623.54
POL000202,2020,0.798,3630020.07
POL000203,2021,0.625,1382651.44
POL000203,2022,0.648,1381272.71
POL000204,2021,0.8,1701931.66
POL000205,2024,0.658,2047081.21
POL000206,2023,0.895,10608965.47
POL000206,2024,0.73,10912614.5
POL000207,2019,0.745,2082947.36
POL000207,2020,0.614,2331465.93
POL000208,2024,0.893,5085502.66
POL000209,2021,0.985,2082502.74
POL000210,2022,0.753,909288.24
POL000210,2023,0.77,861817.42
POL000210,2024,0.627,871092.74
POL000211,2024,0.855,810433.11
POL000212,2022,0.922,2414883.33
POL000213,2024,0.619,1810420.65
POL000214,2018,0.868,956077.66
POL000214,2019,0.737,895859.36
POL000215,2018,0.877,4937329.54
POL000215,2019,0.67,5249908.64
POL000215,2020,0.871,4746408.15
POL000215,2021,0.659,5431625.42
POL000216,2020,0.824,4293288.35
POL000217,2020,0.634,1012182.58
POL000217,2021,0.721,1061376.64
POL000217,2022,0.785,1112393.46
POL000217,2023,0.893,1111306.08
POL000218,2022,0.723,756373.37
POL000219,2020,0.677,1672174.12
POL000219,2021,0.721,1619352.78
POL000220,2019,0.614,4456006.27
POL000220,2020,0.914,4911305.18
POL000221,2020,0.772,4205662.88
POL000221,2021,0.985,4335634.15
POL000222,2022,0.843,673566.17
POL000222,2023,0.624,678198.46
POL000223,2018,0.672,662312.69
POL000223,2019,0.644,664856.05
POL000223,2020,0.834,634667.19
POL000224,2022,0.989,369831.93
POL000225,2019,0.641,5488798.2
POL000225,2020,0.877,5337949.87
POL000225,2021,0.668,5216465.06
POL000226,2024,0.672,1895416.84
POL000227,2019,0.859,555786.28
POL000227,2020,0.668,534659.26
POL000227,2021,0.844,563640.69
POL000228,2023,0.672,1766511.35
POL000228,2024,0.942,1818073.05
POL000229,2022,0.705,237545.79
POL000229,2023,0.912,230167.96
POL000230,2019,0.873,4103733.21
POL000230,2020,0.81,4611999.49
POL000231,2022,0.652,1703705.46
POL000232,2020,0.989,1246984.66
POL000233,2019,0.742,845804.75
POL000233,2020,0.658,883076.62
POL000233,2021,0.699,919840.96
POL000234,2018,0.626,3019850.56
POL000234,2019,0.81,3348216.01
POL000234,2020,0.661,3295431.35
POL000234,2021,0.708,3136414.65
POL000235,2020,0.696,1063991.26
POL000236,2021,0.62,490952.81
POL000237,2020,0.69,9684591.01
POL000237,2021,0.907,9092929.95
POL000238,2021,0.964,1554138
POL000238,2022,0.995,1557706.81
POL000238,2023,0.682,1420128.42
POL000238,2024,0.796,1449840.55
POL000239,2020,0.826,6315718.86
POL000239,2021,0.701,5899405.82
POL000240,2020,0.846,3240955.62
POL000240,2021,0.863,2973708.94
POL000240,2022,0.895,3323745.57
POL000241,2021,0.859,4026891.36
POL000242,2018,0.821,10143028.46
POL000243,2023,0.779,1837377.73
POL000243,2024,0.965,1885567.49
POL000244,2019,0.996,997285.47
POL000244,2020,0.845,993660.43
POL000245,2022,0.949,1560081.2
POL000245,2023,0.961,1713458.86
POL000245,2024,0.692,1659818.72
POL000246,2019,0.633,5145906.83
POL000246,2020,0.616,5674776.19
POL000246,2021,0.727,5247869.52
POL000247,2021,0.838,7734911.64
POL000247,2022,0.79,7162390.28
POL000248,2020,0.716,1297321.57
POL000248,2021,0.928,1153340.66
POL000248,2022,0.622,1257212.58
POL000249,2022,0.78,2619935.37
POL000250,2022,0.792,1557219.32
POL000250,2023,0.739,1432127.05
POL000250,2024,0.686,1561076.25
POL000251,2024,0.735,8648638.92
POL000252,2021,0.868,2713328.48
POL000252,2022,0.642,2644098.16
POL000252,2023,0.687,2660997.05
POL000252,2024,0.765,2896654.22
POL000253,2024,0.826,2110812.3
POL000254,2020,0.816,5338865.4
POL000254,2021,0.626,5046099.59
POL000255,2018,0.772,1728049.54
POL000256,2019,0.955,4145967.81
POL000256,2020,0.65,4024996.76
POL000256,2021,0.971,4097110.23
POL000256,2022,0.676,3919876.15
POL000257,2020,0.737,1032846.58
POL000258,2020,0.716,633656.59
POL000258,2021,0.996,631835.11
POL000258,2022,0.904,616136.75
POL000259,2023,0.76,2094691.93
POL000259,2024,0.627,1965001.36
POL000260,2023,0.969,3030567.94
POL000260,2024,0.7,3329094.37
POL000261,2022,0.711,3951649.27
POL000261,2023,0.774,3935885.37
POL000261,2024,0.757,3553462.96
POL000262,2023,0.92,1076974.2
POL000262,2024,0.678,981320.13
POL000263,2021,0.78,26797947.98
POL000263,2022,0.757,24268363.91
POL000264,2023,0.649,3877133.32
POL000265,2024,0.708,2611955.83
POL000266,2020,0.6,6604329.26
POL000266,2021,0.645,5775903.8
POL000266,2022,0.847,6585905.07
POL000266,2023,0.616,6474989.41
POL000267,2020,0.964,5892915.56
POL000268,2021,0.636,1638969.95
POL000269,2021,0.808,2702847.37
POL000270,2018,0.858,5260682.24
POL000271,2019,0.723,748205.88
POL000271,2020,0.694,684730.87
POL000271,2021,0.646,703057.93
POL000272,2018,0.732,1201252.6
POL000273,2023,0.838,2417100.18
POL000273,2024,0.765,2550602.26
POL000274,2024,0.719,1518875.12
POL000275,2023,1,1042121.36
POL000275,2024,0.819,1026933.58
POL000276,2023,0.623,290878.51
POL000276,2024,0.966,270277.17
POL000277,2018,0.626,2654081.04
POL000277,2019,0.995,2895633.4
POL000278,2024,0.77,512440.82
POL000279,2018,0.942,2682398.03
POL000279,2019,0.806,2862509.24
POL000279,2020,0.697,2892144.47
POL000280,2024,0.735,1480573.28
POL000281,2024,0.981,1172593.55
POL000282,2020,0.994,1317120.3
POL000283,2022,0.761,588887.5
POL000283,2023,0.664,588036.82
POL000284,2020,0.705,2814261.4
POL000285,2022,0.72,1837640.63
POL000286,2020,0.885,2403213.23
POL000286,2021,0.723,2674824.26
POL000287,2024,0.8,2478085.75
POL000288,2022,0.62,305978.72
POL000288,2023,0.807,308998.05
POL000288,2024,0.986,305276.43
POL000289,2018,0.767,7374054.23
POL000289,2019,0.971,7883043.85
POL000290,2020,0.777,612113.36
POL000291,2020,0.971,14151297.49
POL000292,2019,0.806,2718129.49
POL000292,2020,0.845,2580927.21
POL000293,2018,0.611,3357100.92
POL000294,2024,0.864,4687751.04
POL000295,2020,0.718,1444098
POL000295,2021,0.88,1564373.83
POL000296,2018,0.801,9091215.01
POL000296,2019,0.981,8751419.25
POL000297,2019,0.761,3927241.07
POL000297,2020,0.874,3507600.16
POL000297,2021,0.765,3545792.2
POL000298,2020,0.862,3351423.55
POL000299,2020,0.625,648506.88
POL000299,2021,0.839,662769.84
POL000300,2022,0.985,5969422.5
POL000301,2022,0.901,110341.41
POL000301,2023,0.851,118630.41
POL000301,2024,0.972,117816.74
POL000302,2023,0.89,2241769.86
POL000302,2024,0.664,2358208.32
POL000303,2022,0.987,1668833.73
POL000304,2022,0.847,3023271.66
POL000305,2020,0.781,1242613.9
POL000305,2021,0.806,1205258.31
POL000306,2021,0.73,2487339.88
POL000307,2019,0.61,1537091.46
POL000307,2020,0.747,1458585.75
POL000308,2024,0.674,741062.87
POL000309,2021,0.992,2847086.75
POL000309,2022,0.928,2749045.76
POL000309,2023,0.923,2738971.01
POL000310,2022,0.635,2035198.22
POL000310,2023,0.624,2306687.05
POL000310,2024,0.726,2286729.16
POL000311,2021,0.939,1141453.82
POL000312,2021,0.736,1459573.97
POL000313,2018,0.601,3248630.76
POL000313,2019,0.88,3366268.52
POL000313,2020,0.77,3190363.53
POL000314,2021,0.719,1649025.89
POL000315,2018,0.778,2981047.51
POL000315,2019,0.891,3076456.29
POL000316,2018,0.698,8926324.56
POL000317,2021,0.855,3196420.45
POL000317,2022,0.665,3534688.35
POL000317,2023,0.811,3459907.1
POL000318,2018,0.892,1538936.62
POL000319,2022,0.643,5092745.36
POL000320,2023,0.666,3135933.32
POL000320,2024,0.969,3389775.54
POL000321,2023,0.774,3157575.1
POL000321,2024,0.713,2786933.64
POL000322,2022,0.748,1667703.12
POL000323,2018,0.963,1908510.98
POL000323,2019,0.731,1877344.91
POL000324,2018,0.883,1516495.69
POL000324,2019,0.804,1354035.19
POL000324,2020,0.749,1374189.04
POL000325,2022,0.802,2153239.4
POL000325,2023,0.815,2045825.62
POL000325,2024,0.979,2145762.68
POL000326,2019,0.628,2517974.52
POL000326,2020,0.876,2510171.68
POL000327,2018,0.972,336780.12
POL000327,2019,0.777,329541.81
POL000327,2020,0.61,352635.84
POL000328,2022,0.811,1165556.67
POL000329,2020,0.831,3262914.17
POL000329,2021,0.778,3122919.69
POL000330,2019,0.816,10829810.41
POL000331,2023,0.944,12126610.25
POL000332,2019,0.734,2806930.16
POL000332,2020,0.603,2720688.72
POL000333,2019,0.84,570298.91
POL000334,2021,0.632,7337853.14
POL000335,2024,0.785,3838173.55
POL000336,2020,0.798,6792885.34
POL000336,2021,0.768,6610786.61
POL000337,2020,0.655,6339338.03
POL000338,2024,0.866,5505696.78
POL000339,2020,0.846,2592404.46
POL000340,2019,0.693,726805.69
POL000340,2020,0.901,799568.77
POL000340,2021,0.81,761429.41
POL000340,2022,0.643,768955.7
POL000341,2024,0.702,2810201.89
POL000342,2019,0.904,626549.12
POL000343,2021,0.985,1133921.67
POL000343,2022,0.7,992943.76
POL000343,2023,0.926,1048603.11
POL000343,2024,0.818,1040862.56
POL000344,2023,0.707,1738642.76
POL000344,2024,0.944,1648555.02
POL000345,2022,0.722,2160640.97
POL000345,2023,0.641,2155516.04
POL000345,2024,0.863,1950958.56
POL000346,2021,0.654,4963576.75
POL000346,2022,0.829,5124716.55
POL000347,2024,0.645,855616.44
POL000348,2019,0.797,529145.44
POL000348,2020,0.663,528626.58
POL000349,2021,0.73,650219.72
POL000350,2022,0.619,752317.43
POL000350,2023,0.751,755927.88
POL000351,2021,0.809,4421359.63
POL000351,2022,0.757,4371606.76
POL000352,2022,0.638,2932357.18
POL000353,2021,0.7,708260.34
POL000353,2022,0.872,773839.01
POL000353,2023,0.814,770288.83
POL000354,2021,0.948,3178464.05
POL000354,2022,0.841,3257827.52
POL000355,2018,0.997,978543.34
POL000356,2018,0.868,935491.17
POL000356,2019,0.823,949092.85
POL000357,2019,0.802,5753561.95
POL000357,2020,0.709,6565439.85
POL000358,2020,0.673,2423012.61
POL000359,2020,0.788,919528.38
POL000359,2021,0.929,890506.3
POL000359,2022,0.814,837234.89
POL000360,2019,0.72,2501956.51
POL000360,2020,0.705,2410220.07
POL000361,2019,0.915,1072976.99
POL000361,2020,0.796,1088403.18
POL000362,2023,0.824,5325974.62
POL000362,2024,0.954,5950740.19
POL000363,2023,0.958,3160609.57
POL000363,2024,0.946,2997436.35
POL000364,2022,0.84,399480.83
POL000364,2023,0.826,371155.68
POL000364,2024,0.777,408337.02
POL000365,2021,0.701,1497880.77
POL000365,2022,0.793,1377049.76
POL000366,2022,0.951,1243483.69
POL000366,2023,0.641,1295321.3
POL000367,2022,0.993,4457986.81
POL000368,2021,0.679,10521648.09
POL000369,2022,0.716,1269382.95
POL000369,2023,0.734,1393987.04
POL000369,2024,0.879,1236774.8
POL000370,2020,0.839,3742322.46
POL000371,2023,0.823,820712.26
POL000371,2024,0.629,868702.59
POL000372,2022,0.861,2081062.08
POL000373,2018,0.667,664441.65
POL000373,2019,0.754,594514.25
POL000374,2020,0.981,3091885.34
POL000374,2021,0.648,3019138.78
POL000375,2020,0.979,4108751.81
POL000375,2021,0.984,3868186.44
POL000375,2022,0.919,4046731.97
POL000375,2023,0.944,3703682.05
POL000376,2020,0.972,2459405.22
POL000376,2021,0.919,2601546.07
POL000377,2021,0.945,1733807.26
POL000378,2024,0.613,2466584.02
POL000379,2023,0.751,1490796.11
POL000380,2024,0.854,2297833.64
POL000381,2021,0.814,2187091.67
POL000381,2022,0.964,2179932.99
POL000382,2020,0.8,3037826.3
POL000382,2021,0.86,2940847.9
POL000383,2020,0.968,1699917.19
POL000383,2021,0.806,1697865.49
POL000383,2022,0.662,1555536.39
POL000384,2018,0.977,4136573.83
POL000385,2019,0.974,4333649.03
POL000386,2020,0.846,3096086.19
POL000387,2018,0.631,7911966.18
POL000387,2019,0.925,7114284.49
POL000387,2020,0.994,7345618.31
POL000388,2019,0.751,2953006.37
POL000388,2020,0.813,3095309.75
POL000389,2021,0.715,337298.26
POL000390,2022,0.996,2062283.95
POL000391,2020,0.802,4011790.66
POL000392,2024,0.965,5039200.76
POL000393,2020,0.938,844967.68
POL000393,2021,0.666,894124.48
POL000394,2020,0.714,10267183.22
POL000394,2021,0.817,10918601.43
POL000395,2024,0.652,1571744.66
POL000396,2023,0.967,1882089.16
POL000396,2024,0.877,2042743.47
POL000397,2020,0.822,1392182.49
POL000398,2021,0.983,1474456.33
POL000398,2022,0.649,1685085.13
POL000399,2021,0.963,2524681.69
POL000400,2020,0.621,4906706.41
POL000400,2021,0.898,4829970.74
POL000400,2022,0.901,4907565.78
POL000401,2024,0.611,1554963.61
POL000402,2022,0.864,707042.57
POL000402,2023,0.786,672893.23
POL000403,2023,0.695,5386425.93
POL000403,2024,0.798,5270156.28
POL000404,2024,0.85,4687157.07
POL000405,2020,0.917,2043629.66
POL000406,2023,0.734,2304039.8
POL000406,2024,0.84,2211083.16
POL000407,2024,0.725,1257981.28
POL000408,2021,0.848,1079154.48
POL000408,2022,0.985,957678.7
POL000409,2022,0.838,816161.69
POL000409,2023,0.726,754791.31
POL000409,2024,0.89,840849.15
POL000410,2022,0.901,8718834.3
POL000410,2023,0.801,8496538.98
POL000410,2024,0.997,8504455
POL000411,2024,0.813,1419513.97
POL000412,2020,0.814,1679959.72
POL000412,2021,0.877,1643117.67
POL000412,2022,0.894,1604789.4
POL000413,2018,0.799,703713.12
POL000413,2019,0.86,681049.92
POL000414,2021,0.639,574825.92
POL000414,2022,0.979,537848.71
POL000415,2023,0.821,2200431.27
POL000416,2018,0.766,2303343.02
POL000416,2019,0.608,2403357.34
POL000416,2020,0.93,2225813.74
POL000416,2021,0.971,2389106.53
POL000417,2022,0.706,763362.5
POL000417,2023,0.715,697188.66
POL000418,2019,0.722,2845640.13
POL000418,2020,0.764,2941279.85
POL000419,2024,0.791,2472495.64
POL000420,2022,0.884,1411443.71
POL000420,2023,0.919,1393230.3
POL000420,2024,0.952,1489928.1
POL000421,2020,0.759,662967.72
POL000422,2020,0.684,3777259.29
POL000423,2022,0.852,3755120.91
POL000424,2018,0.842,1414419.94
POL000424,2019,0.781,1232137.46
POL000424,2020,0.739,1364763.13
POL000425,2023,0.665,2524430.46
POL000425,2024,0.739,2625569.66
POL000426,2019,0.945,1061197.93
POL000426,2020,0.728,1196192.03
POL000427,2021,0.62,5910625.99
POL000428,2024,0.95,1225566.03
POL000429,2023,0.905,1316790.03
POL000429,2024,0.9,1262488.2
POL000430,2021,0.911,425196.29
POL000431,2018,0.61,2579264.52
POL000431,2019,0.933,2674142.58
POL000432,2021,0.747,3420756.6
POL000432,2022,0.891,3664397.78
POL000432,2023,0.877,3281798.69
POL000433,2020,0.993,6884078.03
POL000433,2021,0.744,6715971.69
POL000434,2023,0.659,2107592.5
POL000434,2024,0.96,2064100.93
POL000435,2024,0.934,7060165.27
POL000436,2019,0.817,11756219.11
POL000436,2020,0.62,11714479.21
POL000437,2021,0.844,740666.63
POL000437,2022,0.95,699631.83
POL000437,2023,0.972,725573.88
POL000437,2024,0.773,700099.67
POL000438,2019,0.882,3046626.16
POL000439,2023,0.745,2194203.06
POL000439,2024,0.953,2061973.5
POL000440,2024,0.643,1297294.5
POL000441,2021,0.841,4193529.12
POL000442,2019,0.666,2106794.11
POL000443,2019,0.638,3393470.5
POL000443,2020,0.934,3376622.39
POL000444,2019,0.903,1736123.91
POL000444,2020,0.664,1602004.16
POL000445,2019,0.695,5184758.55
POL000446,2023,0.947,9014353.83
POL000446,2024,0.826,9790935.91
POL000447,2019,0.998,10031561.02
POL000448,2018,0.642,1016865.23
POL000448,2019,0.625,1004339.76
POL000449,2021,0.828,2610679.03
POL000450,2024,0.94,759053.91
POL000451,2024,0.815,846334.27
POL000452,2021,0.925,5690880.07
POL000453,2021,0.622,4066355.15
POL000454,2019,0.874,1100612.22
POL000454,2020,0.627,1003820.35
POL000455,2021,0.987,2224529.53
POL000456,2019,0.756,1247616.36
POL000456,2020,0.889,1320512.23
POL000457,2019,0.716,2761455.92
POL000457,2020,0.622,3120605.73
POL000457,2021,0.604,2764103.16
POL000458,2019,0.601,1372918.36
POL000459,2022,0.853,2193841.28
POL000459,2023,0.896,2036464.29
POL000459,2024,0.601,2018353.46
POL000460,2022,0.963,1013846.19
POL000461,2024,0.823,1626053.36
POL000462,2021,0.972,5832060.79
POL000462,2022,0.784,5816855.67
POL000463,2020,0.761,1257465.72
POL000464,2024,0.858,841476.75
POL000465,2020,0.925,883442.22
POL000466,2020,0.662,961173.29
POL000466,2021,0.929,1065978.06
POL000466,2022,0.877,1030894.11
POL000467,2018,0.887,889224.95
POL000468,2023,0.839,3530691.25
POL000468,2024,0.712,3643741.42
POL000469,2021,0.696,1048847.04
POL000470,2020,0.706,2005865.53
POL000470,2021,0.827,1806864.79
POL000471,2021,0.702,2000333.02
POL000471,2022,0.749,1975223.64
POL000471,2023,0.635,2009332.16
POL000472,2023,0.643,919664.3
POL000473,2019,0.96,4622408.82
POL000474,2018,0.714,371373.51
POL000475,2019,0.733,4335935.77
POL000475,2020,0.959,4214657.01
POL000476,2024,0.658,6042744.01
POL000477,2020,0.796,1893828.95
POL000477,2021,0.72,1846261.87
POL000478,2024,0.911,613886.77
POL000479,2022,0.805,3847244.23
POL000479,2023,0.823,4202301.55
POL000479,2024,0.795,4413040.86
POL000480,2022,0.846,1844180.98
POL000480,2023,0.806,1793144.61
POL000480,2024,0.861,1695816.71
POL000481,2018,0.992,624367.78
POL000481,2019,0.627,614142.86
POL000482,2024,0.953,658616.72
POL000483,2018,0.845,2595773.97
POL000483,2019,0.868,2565771.11
POL000483,2020,0.829,2439030.17
POL000483,2021,0.907,2292275.43
POL000484,2024,0.663,1840780.18
POL000485,2018,0.61,439877.99
POL000486,2018,0.936,5024980.08
POL000487,2019,0.72,677948.62
POL000488,2023,0.666,732365.98
POL000488,2024,0.641,672753.5
POL000489,2022,0.886,1853165.46
POL000489,2023,0.885,1951558.87
POL000490,2020,0.746,7983078.89
POL000490,2021,0.979,7715429.37
POL000491,2018,0.729,12684590.52
POL000491,2019,0.722,12342502.93
POL000491,2020,0.877,13427547.48
POL000492,2018,0.782,8306771.75
POL000492,2019,0.724,8055822.77
POL000493,2018,0.706,150248.08
POL000494,2024,0.631,1844407.27
POL000495,2018,0.61,670915.16
POL000495,2019,0.773,675824.93
POL000496,2022,0.78,1627940.08
POL000497,2018,0.898,2263067.64
POL000497,2019,0.836,2412629.54
POL000498,2024,0.613,8404210.33
POL000499,2022,0.972,1251214.52
POL000500,2019,0.891,3875227.96
POL000501,2023,0.655,832017.27
POL000502,2023,0.917,5942666.97
POL000502,2024,0.853,5907223.77
POL000503,2020,0.809,3343287.12
POL000503,2021,0.807,2934612.93
POL000503,2022,0.607,3104177.92
POL000504,2021,0.668,637766.42
POL000505,2023,0.826,1119507.06
POL000505,2024,0.923,985863.99
POL000506,2024,0.828,734634.8
POL000507,2018,0.733,3498815.47
POL000507,2019,0.909,3501693.5
POL000507,2020,0.626,3403398.88
POL000508,2018,0.857,1233788.48
POL000508,2019,0.871,1250312.94
POL000508,2020,0.806,1200468.29
POL000508,2021,0.815,1163107.92
POL000509,2022,0.732,731358.7
POL000509,2023,0.872,745023.15
POL000510,2023,0.77,957865.45
POL000510,2024,0.886,877481.79
POL000511,2019,0.873,496920.31
POL000511,2020,0.77,503095.13
POL000511,2021,0.802,492552.91
POL000512,2022,0.878,1712434.79
POL000512,2023,0.743,1680773.46
POL000512,2024,0.838,1651458.45
POL000513,2018,0.769,2276095.9
POL000514,2021,0.632,865267.65
POL000514,2022,0.829,784341.33
POL000515,2020,0.735,3258289.01
POL000515,2021,0.88,3189624.05
POL000515,2022,0.733,3263321.18
POL000516,2024,0.862,1834311.56
POL000517,2021,0.934,2750882.7
POL000518,2023,0.969,3257079.04
POL000518,2024,0.985,2972191.18
POL000519,2019,0.685,3985422.33
POL000519,2020,0.685,3876861.47
POL000520,2019,0.748,10981133.41
POL000521,2019,0.964,1641471.41
POL000521,2020,0.861,1638497.92
POL000522,2024,0.902,1948068.07
POL000523,2023,0.601,1391470.29
POL000523,2024,0.987,1365862.26
POL000524,2019,0.908,11674894.81
POL000525,2020,0.777,4656792.76
POL000525,2021,0.804,4532276.59
POL000525,2022,0.899,4896449.02
POL000526,2018,0.959,4158943.92
POL000527,2024,0.727,1033445.34
POL000528,2018,0.943,9450686.3
POL000528,2019,0.672,9229732.26
POL000528,2020,0.718,9168869.28
POL000529,2021,0.699,753756.82
POL000530,2021,0.926,1576156.94
POL000530,2022,0.735,1604414.75
POL000531,2023,0.794,9962660.24
POL000531,2024,0.985,10042884.52
POL000532,2019,0.611,5994157.54
POL000533,2018,0.879,1741634.92
POL000533,2019,0.803,1711121.98
POL000534,2019,0.768,1328016.12
POL000534,2020,0.784,1341165.9
POL000535,2024,0.854,503292.05
POL000536,2020,0.966,795492.05
POL000536,2021,0.804,767259.21
POL000537,2024,0.71,862638.8
POL000538,2022,0.653,3168332.24
POL000538,2023,0.843,3400361.13
POL000538,2024,0.747,3490240.84
POL000539,2024,0.689,3201064.03
POL000540,2021,0.954,233190.81
POL000540,2022,0.882,251735.96
POL000540,2023,0.806,262035.92
POL000540,2024,0.608,234139.08
POL000541,2020,0.93,778238.75
POL000541,2021,0.718,746512.33
POL000542,2024,0.825,703543.53
POL000543,2019,0.735,699886.54
POL000543,2020,0.996,708692.1
POL000544,2021,0.749,2491631.62
POL000545,2024,0.943,815569.55
POL000546,2021,0.833,1434537.84
POL000547,2023,0.958,1427483.47
POL000547,2024,0.719,1421298.58
POL000548,2022,0.95,164774.43
POL000548,2023,0.776,153117.51
POL000549,2022,0.815,2345591.28
POL000550,2018,0.817,1363725.97
POL000550,2019,0.821,1274949.73
POL000550,2020,0.888,1370692.41
POL000551,2022,0.908,1407198.2
POL000551,2023,0.744,1592159.75
POL000551,2024,0.945,1495537.09
POL000552,2024,0.974,4008618.96
POL000553,2023,0.616,1585963.65
POL000554,2021,0.737,985486.3
POL000554,2022,0.809,898628.66
POL000554,2023,0.776,932395.71
POL000554,2024,0.988,917227.9
POL000555,2020,0.82,2802560.15
POL000555,2021,0.714,2610509.82
POL000555,2022,0.99,2560716.05
POL000556,2023,0.751,17143539.03
POL000556,2024,0.741,15974791.27
POL000557,2020,0.698,3962629.09
POL000557,2021,0.643,3886141.89
POL000558,2018,0.957,2300782.64
POL000558,2019,0.869,2446445.09
POL000558,2020,0.659,2473096.27
POL000559,2020,0.743,831569.61
POL000560,2024,0.848,731770.41
POL000561,2022,0.979,598044.35
POL000562,2021,0.616,1158262.4
POL000563,2022,0.766,416722.52
POL000563,2023,0.925,408584.32
POL000563,2024,0.813,410742.52
POL000564,2022,0.728,743897.26
POL000564,2023,0.627,700431.22
POL000565,2022,0.722,870605.5
POL000566,2021,0.771,2463353.84
POL000566,2022,0.972,2599134.01
POL000566,2023,0.639,2603367.42
POL000566,2024,0.912,2421156.16
POL000567,2023,0.891,10652170.08
POL000568,2022,0.792,2895387.38
POL000568,2023,0.674,2612454.37
POL000568,2024,0.688,2672261.46
POL000569,2021,0.997,2505970.8
POL000569,2022,0.985,2500886.99
POL000569,2023,0.969,2759961.24
POL000570,2022,0.892,18834459.51
POL000570,2023,0.906,19261911.22
POL000571,2019,0.974,3327220.62
POL000571,2020,0.818,3038994.86
POL000571,2021,0.641,3129792.7
POL000571,2022,0.989,3310788.01
POL000572,2019,0.944,1051725.01
POL000572,2020,0.882,941581.71
POL000573,2019,0.912,1072010.08
POL000573,2020,0.613,1003162.62
POL000573,2021,0.734,992172.03
POL000573,2022,0.863,1045453.41
POL000574,2020,0.973,274898.99
POL000574,2021,0.788,258511.96
POL000574,2022,0.968,279238.06
POL000574,2023,0.87,257159.58
POL000575,2021,0.607,1179492.87
POL000576,2021,0.814,419514.51
POL000576,2022,0.922,388290.46
POL000577,2023,0.961,3153056.18
POL000578,2023,0.747,5399159.08
POL000578,2024,0.756,4922153.82
POL000579,2024,0.674,709647.71
POL000580,2021,0.806,434445.17
POL000580,2022,0.84,465506.26
POL000580,2023,0.891,435404.17
POL000581,2019,0.771,3873646.34
POL000581,2020,0.75,4059165.89
POL000582,2022,0.87,8205064.71
POL000582,2023,0.947,8595403.27
POL000582,2024,0.923,8046656.9
POL000583,2023,0.674,2535391.81
POL000584,2022,0.715,1678150.55
POL000584,2023,0.778,1613245.25
POL000584,2024,0.839,1785013.14
POL000585,2022,0.661,793724.31
POL000585,2023,0.832,851442.48
POL000586,2020,0.633,4274372.55
POL000587,2020,0.997,1936158.4
POL000587,2021,0.606,1817908.99
POL000588,2024,0.792,2728183.66
POL000589,2019,0.739,532210.01
POL000589,2020,0.767,482419.32
POL000590,2020,0.686,1089994.55
POL000590,2021,0.95,1142059.08
POL000591,2021,0.914,1418986.97
POL000591,2022,0.811,1441835.88
POL000592,2023,0.725,4431230.62
POL000592,2024,0.881,4385733.07
POL000593,2020,0.642,741997.83
POL000593,2021,0.737,743062.13
POL000594,2021,0.711,432246.98
POL000595,2024,0.98,7772258.65
POL000596,2021,0.633,5163276.37
POL000597,2018,0.719,7227728.51
POL000597,2019,0.869,7212284.44
POL000598,2021,0.82,897917.48
POL000599,2021,0.628,3113702.52
POL000599,2022,0.976,3140522.92
POL000599,2023,0.841,3148807.92
POL000600,2023,0.905,1829307.29
POL000600,2024,0.975,1847957.98
POL000601,2018,0.61,2049413.45
POL000601,2019,0.952,2088171.12
POL000602,2022,0.774,3265381.18
POL000603,2022,0.978,2631757.94
POL000604,2022,0.647,2692214.54
POL000604,2023,0.88,2901003.93
POL000605,2023,0.825,4728882.93
POL000605,2024,0.787,4589812.24
POL000606,2018,0.636,1971219.19
POL000607,2024,0.662,3379578.26
POL000608,2024,0.605,690323.78
POL000609,2019,0.796,1528431.98
POL000609,2020,0.973,1453514.26
POL000610,2024,0.622,3446460.32
POL000611,2018,0.672,1063591.63
POL000611,2019,0.75,1038637.86
POL000611,2020,0.691,1055047.76
POL000611,2021,0.817,1002763.01
POL000612,2021,0.914,1011857.96
POL000613,2023,0.785,996518.18
POL000613,2024,0.699,1038303.16
POL000614,2020,0.602,1608544.58
POL000614,2021,0.941,1531359.28
POL000615,2022,0.821,548137.13
POL000615,2023,0.818,494715.42
POL000615,2024,0.823,487110.56
POL000616,2021,0.729,1855891.86
POL000616,2022,0.815,1902530.45
POL000616,2023,0.815,2022240.23
POL000616,2024,0.723,1957425.42
POL000617,2022,0.938,1669090.75
POL000618,2024,0.832,931542.12
POL000619,2022,0.764,525169.65
POL000620,2024,0.915,601415.4
POL000621,2020,0.979,1433312.31
POL000622,2021,0.624,2619042.64
POL000623,2019,0.785,1804289.13
POL000624,2021,0.965,8412168.6
POL000625,2021,0.681,3418198.05
POL000625,2022,0.692,3531941.4
POL000626,2019,0.89,958174.6
POL000627,2023,0.617,1148324.44
POL000628,2019,0.62,2030220.63
POL000628,2020,0.734,1788917.56
POL000628,2021,0.686,1975334.89
POL000629,2024,0.839,1104319.79
POL000630,2019,0.802,2706194.04
POL000631,2018,0.754,931350.2
POL000631,2019,0.821,922828.24
POL000632,2018,0.772,1574191.28
POL000632,2019,0.978,1471283.61
POL000633,2022,0.823,902486.68
POL000633,2023,0.86,892510.1
POL000634,2023,0.79,1096889.12
POL000634,2024,0.645,995475.54
POL000635,2020,0.881,3467174.95
POL000635,2021,0.647,3477008.26
POL000635,2022,0.97,3251114.4
POL000636,2023,0.747,2802506.91
POL000637,2021,0.755,2987748.31
POL000638,2024,0.828,2558243.05
POL000639,2023,0.663,497226.7
POL000640,2020,0.862,16052913.84
POL000641,2018,0.908,2437712.73
POL000642,2020,0.919,3691809.67
POL000643,2023,0.756,1714518.17
POL000643,2024,0.662,1625217.82
POL000644,2019,0.945,1249378.46
POL000644,2020,0.754,1308938.38
POL000644,2021,0.931,1298089.45
POL000645,2021,0.736,4938392.25
POL000645,2022,0.946,4530484.02
POL000646,2021,0.835,4410537.74
POL000646,2022,0.709,3997411.26
POL000646,2023,0.849,4345908.35
POL000646,2024,0.845,4398542.27
POL000647,2024,0.853,536775.85
POL000648,2019,0.863,1821172.37
POL000648,2020,0.66,1848018.67
POL000649,2021,0.751,956956.27
POL000649,2022,0.739,879421.08
POL000650,2022,0.988,4053410.44
POL000651,2020,0.783,450649.95
POL000651,2021,0.77,463481.05
POL000652,2022,0.834,2965661.24
POL000652,2023,0.954,2905027.38
POL000653,2021,0.78,722227.22
POL000654,2023,0.923,331644.39
POL000654,2024,0.635,325327.87
POL000655,2018,0.664,927478.92
POL000655,2019,0.687,902874.95
POL000655,2020,0.726,912061.67
POL000656,2019,0.942,1476488.56
POL000657,2024,0.723,984979.54
POL000658,2020,0.836,8697293.6
POL000658,2021,0.635,8707448.49
POL000658,2022,0.993,9072848.38
POL000658,2023,0.822,8988846.68
POL000659,2023,0.687,1661283.83
POL000659,2024,0.762,1559973.72
POL000660,2022,0.771,1079863.41
POL000661,2019,0.799,5231410.8
POL000661,2020,0.883,5597088.26
POL000661,2021,0.811,5004912.85
POL000661,2022,0.746,5436819.86
POL000662,2018,0.853,3484539.96
POL000662,2019,0.959,3155901
POL000662,2020,0.668,3222583.62
POL000663,2024,0.656,3502768.36
POL000664,2018,0.746,2463427.18
POL000665,2021,0.936,1595255.05
POL000665,2022,0.828,1614373.73
POL000666,2023,0.779,2331864.08
POL000666,2024,0.949,2431526.73
POL000667,2018,0.816,965304.57
POL000668,2022,0.816,1200090.24
POL000669,2023,0.851,1815453.85
POL000669,2024,0.746,1669122.31
POL000670,2021,0.686,976121.73
POL000670,2022,0.673,893981.21
POL000671,2021,0.721,3326140.35
POL000671,2022,0.748,3360686.93
POL000672,2023,0.705,4086148.32
POL000673,2022,0.778,544424.35
POL000674,2021,0.66,1882023.95
POL000674,2022,0.751,1842258.51
POL000674,2023,0.667,1802180.03
POL000675,2020,0.677,1460843.24
POL000675,2021,0.858,1603460.09
POL000676,2020,0.876,2569233.93
POL000676,2021,0.698,2570928.07
POL000676,2022,0.768,2507057.59
POL000677,2023,0.832,1213145.99
POL000677,2024,0.815,1218341
POL000678,2019,0.833,863515.25
POL000678,2020,0.876,885053.09
POL000679,2019,0.951,2572081.72
POL000679,2020,0.859,2665150.45
POL000680,2024,0.8,4916726.07
POL000681,2024,0.708,591841.59
POL000682,2021,0.949,1909119.64
POL000682,2022,0.919,2030683.6
POL000682,2023,0.642,1969480.3
POL000682,2024,0.613,1969547.32
POL000683,2018,0.862,611682.92
POL000683,2019,0.711,657477.07
POL000683,2020,0.636,595171.5
POL000683,2021,0.737,595492.86
POL000684,2019,0.938,3061747.88
POL000685,2019,0.961,308653.85
POL000686,2019,0.962,1329342.26
POL000686,2020,0.726,1505733.23
POL000687,2020,0.695,6038292.41
POL000688,2018,0.935,1787915.49
POL000689,2023,0.832,780256.5
POL000689,2024,0.843,850713.78
POL000690,2024,0.846,855104.94
POL000691,2021,0.79,895601.02
POL000692,2021,0.748,4734198.25
POL000693,2019,0.708,773444.49
POL000693,2020,0.832,804573.62
POL000694,2022,0.682,3870573.73
POL000694,2023,0.912,4240133.88
POL000695,2022,0.994,1428637.33
POL000695,2023,0.835,1363776.67
POL000696,2023,0.942,2545615.66
POL000697,2024,0.758,2014287.59
POL000698,2019,0.993,3032488.61
POL000699,2024,0.969,2200557.72
POL000700,2024,0.722,1292899.8
POL000701,2024,0.634,1794124.2
POL000702,2020,0.775,516721.72
POL000702,2021,0.74,554659
POL000702,2022,0.885,565180.59
POL000703,2020,0.654,6339586.03
POL000703,2021,0.715,6427795.61
POL000704,2019,0.769,2335795.3
POL000704,2020,0.977,2238682.35
POL000705,2020,0.788,2026052.34
POL000706,2021,0.864,1327809.79
POL000707,2023,0.96,8873305.56
POL000707,2024,0.806,8956853.54
POL000708,2021,0.789,1057808.46
POL000708,2022,0.639,1125034.82
POL000708,2023,0.881,1060723.72
POL000709,2024,0.866,6424272.47
POL000710,2022,0.93,1503000.73
POL000711,2024,0.791,1489363.96
POL000712,2022,0.878,1366536.34
POL000712,2023,0.893,1457887.02
POL000712,2024,0.615,1425964.97
POL000713,2018,0.737,2723166.57
POL000714,2020,0.731,1490274.41
POL000715,2019,0.619,7857429.07
POL000716,2020,0.68,372327.53
POL000717,2021,0.66,10815276.01
POL000718,2024,0.711,3235084.51
POL000719,2020,0.82,2139223.42
POL000720,2018,0.655,907544.22
POL000721,2023,0.807,1076460.86
POL000721,2024,0.875,998313.91
POL000722,2021,0.919,5600624.55
POL000722,2022,0.858,6282466.79
POL000723,2023,0.754,3123145.82
POL000723,2024,0.638,3541714.59
POL000724,2022,0.851,563854.32
POL000724,2023,0.949,587220.45
POL000725,2018,0.725,1793847.5
POL000725,2019,0.983,1650526.78
POL000725,2020,0.888,1773595.67
POL000726,2023,0.82,1155795.82
POL000726,2024,0.84,1166666.78
POL000727,2020,0.701,1325604.3
POL000727,2021,0.86,1298484.53
POL000728,2019,0.786,4276005.29
POL000729,2024,0.785,1220641.15
POL000730,2022,0.64,1121311.55
POL000730,2023,0.885,1144392.92
POL000730,2024,0.966,1142291.41
POL000731,2021,0.92,645621.11
POL000732,2020,0.732,3707329.09
POL000732,2021,0.851,4086528.5
POL000732,2022,0.732,3799265.15
POL000733,2020,0.936,2417326.43
POL000734,2018,0.912,1328328.98
POL000734,2019,0.696,1255822.85
POL000734,2020,0.811,1323880.63
POL000735,2023,0.603,1018354.05
POL000736,2023,0.814,11025731.73
POL000736,2024,0.966,10087082.49
POL000737,2020,0.942,6739478.77
POL000737,2021,0.821,7053095.75
POL000738,2019,0.754,1363922.89
POL000738,2020,0.672,1370533.33
POL000739,2021,0.824,2779648.02
POL000740,2018,0.904,1395449.99
POL000741,2018,0.751,4227635.63
POL000741,2019,0.836,4094318.72
POL000741,2020,0.794,4084312.37
POL000742,2024,0.934,2686129.56
POL000743,2021,0.865,2314738.53
POL000743,2022,0.983,2369859.37
POL000744,2019,0.907,2964816.64
POL000745,2023,0.687,2488793.19
POL000746,2024,0.995,344276
POL000747,2018,0.695,6531618.8
POL000747,2019,0.743,5990241.73
POL000748,2019,0.757,616236.35
POL000748,2020,0.714,588231.73
POL000748,2021,0.698,638721.17
POL000748,2022,0.915,604482.7
POL000749,2023,0.699,667297.8
POL000750,2019,0.667,4271919.99
POL000750,2020,0.744,3901590.53
POL000750,2021,0.983,3848474.37
POL000751,2022,0.984,4943132.66
POL000751,2023,0.791,4619382.95
POL000752,2023,0.903,2483981.63
POL000752,2024,0.655,2624908.45
POL000753,2022,0.984,4334785.49
POL000753,2023,0.9,4365222.32
POL000754,2024,0.955,2211268.66
POL000755,2024,0.653,2415386.84
POL000756,2018,0.982,509348.85
POL000756,2019,0.736,504829.48
POL000756,2020,0.863,550667.88
POL000757,2022,0.723,749842.99
POL000757,2023,0.749,771542.02
POL000758,2020,0.609,1071336.95
POL000759,2024,0.894,2003373.92
POL000760,2023,0.724,964325.48
POL000760,2024,0.88,1047788.22
POL000761,2018,0.628,1245858.63
POL000761,2019,0.925,1231095.62
POL000762,2018,0.872,561441.67
POL000762,2019,0.985,506746.23
POL000762,2020,0.658,495254.36
POL000763,2024,0.834,603977.03
POL000764,2022,0.838,1173320.26
POL000765,2024,0.875,1799640.88
POL000766,2020,0.832,1064600.57
POL000766,2021,0.655,1194057.03
POL000766,2022,0.698,1194324.4
POL000767,2021,0.689,908611.68
POL000768,2023,0.751,2204258.04
POL000768,2024,0.759,2210160.3
POL000769,2024,0.69,754129.55
POL000770,2018,0.889,1890774.44
POL000771,2018,0.654,5616967.87
POL000771,2019,0.951,5873675.38
POL000772,2021,0.915,2975527.17
POL000772,2022,0.695,2776650.87
POL000773,2023,0.62,3266259.8
POL000774,2024,0.616,12275526.49
POL000775,2019,0.819,704041.83
POL000776,2024,0.662,753341.88
POL000777,2021,0.696,734750.23
POL000778,2018,0.66,1404778.08
POL000779,2019,0.672,4310627.73
POL000780,2018,0.625,3966045.86
POL000781,2018,0.981,616691.8
POL000781,2019,0.744,589737.37
POL000781,2020,0.723,659639.61
POL000782,2024,0.921,1540089.42
POL000783,2020,0.99,850759.87
POL000783,2021,0.994,890032.64
POL000784,2023,0.878,5203757.99
POL000784,2024,0.653,5450419.46
POL000785,2019,0.833,807471.08
POL000785,2020,0.797,916895.42
POL000786,2024,0.693,1451683
POL000787,2019,0.967,298433.8
POL000787,2020,0.701,283350.69
POL000788,2019,0.947,776081.04
POL000788,2020,0.7,780683.1
POL000789,2020,0.955,396528.04
POL000789,2021,0.656,406966.84
POL000790,2018,0.782,2961989.65
POL000791,2018,0.619,901343.69
POL000791,2019,0.763,801337.43
POL000791,2020,0.732,884438
POL000792,2022,0.662,398137.48
POL000792,2023,0.751,371772.63
POL000793,2019,0.776,5528063.45
POL000793,2020,0.754,5412631.4
POL000794,2019,0.913,359207.81
POL000794,2020,0.948,352517.12
POL000794,2021,0.888,355362
POL000795,2021,0.601,1522621.55
POL000795,2022,0.703,1374812.72
POL000795,2023,0.688,1453313.18
POL000795,2024,0.61,1329144.72
POL000796,2021,0.966,1752994.75
POL000797,2022,0.925,15829982.01
POL000797,2023,0.831,16491799.57
POL000797,2024,0.935,16327028
POL000798,2018,0.954,2808320
POL000799,2018,0.881,377278.55
POL000799,2019,0.946,356923.78
POL000800,2024,0.924,652182.04
POL000801,2020,0.857,1418778.1
POL000801,2021,0.623,1361237.01
POL000802,2024,0.604,4475044.55
POL000803,2020,0.831,1105118.54
POL000803,2021,0.743,1231382.88
POL000803,2022,0.752,1081757.84
POL000803,2023,0.811,1223360.03
POL000804,2024,0.811,1026365.7
POL000805,2019,0.82,1011396.92
POL000806,2024,0.804,1957993.27
POL000807,2019,0.85,2802734.5
POL000807,2020,0.752,2823020.91
POL000807,2021,0.79,2648483.51
POL000807,2022,0.612,2938115.38
POL000808,2024,0.624,2122173.97
POL000809,2024,0.928,919161.51
POL000810,2020,0.622,921501.66
POL000811,2018,0.844,2849560.33
POL000812,2019,0.79,2854536.98
POL000812,2020,0.905,2791579.81
POL000812,2021,0.684,2955280.95
POL000812,2022,0.652,2678139.44
POL000813,2020,0.965,1220287.48
POL000814,2019,0.612,372493.94
POL000814,2020,0.659,356290.67
POL000814,2021,0.822,329312.99
POL000815,2018,0.799,1733295.86
POL000815,2019,0.676,1845795.61
POL000816,2018,0.617,795408.39
POL000816,2019,0.959,882781.16
POL000816,2020,0.804,889420.28
POL000816,2021,0.802,838945.25
POL000817,2020,0.779,2532971.59
POL000818,2018,0.614,4917621.08
POL000819,2021,0.833,767845.15
POL000820,2018,0.987,2509922.76
POL000820,2019,0.629,2555833.25
POL000821,2019,0.9,1222340.96
POL000822,2023,0.773,3630058.94
POL000823,2021,0.884,462156.94
POL000824,2019,0.787,536954.48
POL000825,2020,0.792,10119846.77
POL000826,2018,0.972,1402064.74
POL000826,2019,0.923,1265982.48
POL000826,2020,0.733,1373932.89
POL000827,2020,0.632,1327706.47
POL000828,2022,0.912,1570933.99
POL000828,2023,0.766,1467879.73
POL000829,2023,0.784,528229.14
POL000830,2024,0.97,1231926.62
POL000831,2023,0.888,785149.71
POL000831,2024,0.779,788890.73
POL000832,2023,0.945,4887319.39
POL000832,2024,0.619,4984923.51
POL000833,2023,0.927,2612893.22
POL000834,2020,0.654,624109.66
POL000835,2022,0.986,6344927.77
POL000836,2023,0.663,3034029.56
POL000836,2024,0.725,3088320.9
POL000837,2022,0.64,11072048.29
POL000837,2023,0.913,12374381.5
POL000837,2024,0.617,11861706.47
POL000838,2019,0.652,1647205.6
POL000838,2020,0.735,1650230.25
POL000838,2021,0.875,1562691.31
POL000839,2019,0.974,1756605.8
POL000840,2021,0.754,5364000.23
POL000840,2022,0.733,5758439.11
POL000840,2023,0.854,5791693.47
POL000840,2024,0.886,6086591.3
POL000841,2020,0.771,2742605.56
POL000842,2022,0.805,2979301.57
POL000842,2023,0.614,2867990.23
POL000843,2024,0.776,3870717.17
POL000844,2023,0.973,1586267.39
POL000845,2022,0.724,707025.1
POL000845,2023,0.925,777618.38
POL000846,2018,0.782,2174806.26
POL000847,2020,0.728,2487231.72
POL000847,2021,0.692,2454590.3
POL000848,2024,0.909,2039986.89
POL000849,2020,0.845,2423829
POL000849,2021,0.636,2221524.76
POL000850,2019,0.759,1328247.35
POL000850,2020,0.901,1301555.23
POL000851,2024,0.601,551370.55
POL000852,2022,0.796,1405443.97
POL000853,2024,0.933,4170956.05
POL000854,2022,0.734,5494923.63
POL000854,2023,0.655,5535322.99
POL000854,2024,0.963,5825071.59
POL000855,2023,0.62,1686160.41
POL000855,2024,0.907,1668917.53
POL000856,2020,0.807,4627551.15
POL000856,2021,0.616,5113903.76
POL000857,2022,0.842,3261891
POL000857,2023,0.771,3354058.96
POL000858,2020,0.645,3171956.7
POL000858,2021,0.997,2939252.44
POL000859,2022,0.737,3005905.26
POL000859,2023,0.653,2742621.57
POL000860,2020,0.918,7676978.88
POL000860,2021,0.961,7893845.81
POL000860,2022,0.906,6933643.83
POL000861,2019,0.891,17741516.28
POL000861,2020,0.664,17973236.7
POL000862,2021,0.677,6348825.18
POL000863,2021,0.664,2161332.63
POL000863,2022,0.825,2051142.47
POL000863,2023,0.635,2008817.74
POL000863,2024,0.963,2112151.95
POL000864,2020,0.634,1392062.82
POL000864,2021,0.806,1412380.31
POL000864,2022,0.772,1463338.17
POL000865,2021,0.661,2587102.6
POL000865,2022,0.73,2532949.6
POL000866,2023,0.834,1319803.72
POL000866,2024,0.676,1301270.18
POL000867,2021,0.8,690534.17
POL000868,2021,0.858,1083906.07
POL000868,2022,0.849,1245569.29
POL000869,2023,0.78,19996444.8
POL000870,2019,0.76,1116731.77
POL000871,2018,0.998,3621349.27
POL000872,2019,0.747,3376288.03
POL000872,2020,0.62,3823507.65
POL000873,2021,0.667,9850349.09
POL000873,2022,0.899,11012982.29
POL000873,2023,0.864,10046506.25
POL000874,2018,0.701,2392806.14
POL000874,2019,0.745,2328538.37
POL000875,2019,0.85,2675141.95
POL000876,2019,0.665,1081929.2
POL000876,2020,0.64,967029.9
POL000877,2018,0.909,595145.53
POL000877,2019,0.794,555117.3
POL000877,2020,0.733,618190.47
POL000878,2021,0.701,6950827.19
POL000878,2022,0.67,6536164.5
POL000879,2021,0.847,2418913.28
POL000880,2023,0.985,117152.75
POL000880,2024,0.85,107383.73
POL000881,2018,0.779,528883.4
POL000881,2019,0.86,551951.88
POL000881,2020,0.61,525951.11
POL000881,2021,0.996,526686.64
POL000882,2019,0.786,532535.58
POL000882,2020,0.857,497492.32
POL000882,2021,0.893,548881.03
POL000883,2023,0.813,4047413.64
POL000883,2024,0.811,4111267.07
POL000884,2018,0.71,5236823.66
POL000884,2019,0.769,4834599.91
POL000885,2022,0.66,11162736.59
POL000886,2018,0.819,1639302.73
POL000886,2019,0.873,1742475.39
POL000886,2020,0.949,1659617.5
POL000887,2021,0.951,2891572.71
POL000887,2022,0.851,3071936.48
POL000887,2023,0.902,3092734.46
POL000887,2024,0.804,3060381.2
POL000888,2018,0.852,4767044.91
POL000888,2019,0.994,5066115.83
POL000888,2020,0.852,4887089.19
POL000888,2021,0.96,5215568.81
POL000889,2020,0.81,239271.99
POL000890,2020,0.914,820735.82
POL000891,2020,0.656,6657382.42
POL000891,2021,0.745,6747595.52
POL000892,2022,0.866,3504417.05
POL000893,2024,0.631,828441.79
POL000894,2018,0.63,3240375.04
POL000895,2022,0.999,5851683.43
POL000895,2023,0.906,5617202.54
POL000896,2022,0.862,1710295.46
POL000896,2023,0.88,1936629.53
POL000896,2024,0.746,1937755.57
POL000897,2020,0.736,2192694.11
POL000897,2021,0.681,2344035.08
POL000897,2022,0.916,2338791.11
POL000897,2023,0.665,2370869.13
POL000898,2021,0.641,1021834.28
POL000898,2022,0.77,955041.94
POL000899,2021,0.831,1983870.53
POL000899,2022,0.881,2014804.8
POL000899,2023,0.751,1978975.61
POL000900,2019,0.96,4051315.3
POL000900,2020,0.835,4299820.01
POL000901,2018,0.735,3560867.78
POL000901,2019,0.653,3438295.4
POL000901,2020,0.787,3234824.59
POL000902,2020,0.999,4256562.3
POL000903,2020,0.881,6575857.17
POL000903,2021,0.94,6118130.96
POL000904,2021,0.97,726548.7
POL000904,2022,0.602,710710.25
POL000905,2019,0.638,1611526.85
POL000905,2020,0.97,1726588.26
POL000906,2023,0.69,1572278.98
POL000907,2019,0.646,4232010.03
POL000908,2023,0.784,8034175.2
POL000908,2024,0.648,7996703.21
POL000909,2018,0.974,6323620.33
POL000909,2019,0.816,5977038.18
POL000910,2020,0.915,2176029.66
POL000911,2021,0.787,2761461.53
POL000912,2021,0.702,8508668.83
POL000912,2022,0.611,8912721.59
POL000912,2023,0.993,8508023.64
POL000913,2024,0.935,15289189.93
POL000914,2021,0.95,1120659.13
POL000915,2023,0.657,3127181.12
POL000916,2022,0.843,3686740.93
POL000916,2023,0.699,3590642.82
POL000917,2021,0.868,5047194.59
POL000917,2022,0.726,5177175.07
POL000918,2021,0.659,724628.27
POL000918,2022,0.786,711087.36
POL000918,2023,0.97,640316.05
POL000918,2024,0.849,703852.04
POL000919,2024,0.819,2789119.21
POL000920,2019,0.835,3435997.08
POL000921,2024,0.618,965396.98
POL000922,2022,0.682,1097236.5
POL000922,2023,0.882,1060216.53
POL000922,2024,0.636,1051655.12
POL000923,2020,0.947,377784.31
POL000923,2021,0.953,362053.12
POL000923,2022,0.789,357048.83
POL000924,2020,0.741,1020183.74
POL000924,2021,0.852,1050834.82
POL000924,2022,0.896,951874.89
POL000925,2021,0.677,2914671.02
POL000925,2022,0.675,2772197.8
POL000926,2021,0.867,1123561.34
POL000927,2021,0.836,630806.52
POL000927,2022,0.987,664540.88
POL000928,2022,0.652,477540.28
POL000929,2024,0.987,513279.72
POL000930,2019,0.747,2071195.97
POL000930,2020,0.629,1939805.1
POL000931,2018,0.703,1279084.75
POL000932,2023,0.664,2581858.08
POL000933,2024,0.607,1367704.56
POL000934,2023,0.895,7131883.26
POL000934,2024,0.945,7186829.2
POL000935,2018,0.6,1223075.31
POL000935,2019,1,1139662.28
POL000935,2020,0.715,1113279.01
POL000935,2021,0.999,1248813.63
POL000936,2019,0.776,1206664.4
POL000936,2020,0.621,1285591.14
POL000936,2021,0.817,1270907.15
POL000937,2022,0.965,2545450.65
POL000937,2023,0.68,2555311.84
POL000938,2021,0.823,2101212.25
POL000939,2023,0.877,1119381.77
POL000939,2024,0.857,1186909.22
POL000940,2020,0.614,1142547.17
POL000940,2021,0.711,1074088.38
POL000940,2022,0.948,1093373.87
POL000941,2024,0.75,3256576.25
POL000942,2020,0.697,3629817.77
POL000943,2021,0.731,2036281.5
POL000943,2022,0.884,1987901.38
POL000944,2022,0.72,601579.53
POL000944,2023,0.981,624042.49
POL000945,2019,0.826,2713231.72
POL000945,2020,0.83,2596878.78
POL000946,2021,0.828,485268.7
POL000946,2022,0.882,515638.2
POL000946,2023,0.828,542470.69
POL000947,2019,0.828,1218355.01
POL000948,2023,0.618,3530164.32
POL000948,2024,0.669,3261921.87
POL000949,2024,0.734,3139537.03
POL000950,2022,0.745,619448.39
POL000950,2023,0.653,605876.55
POL000951,2022,0.938,18475091.73
POL000951,2023,0.759,18390881.8
POL000951,2024,0.87,18854846.88
POL000952,2022,0.842,1753483.11
POL000952,2023,0.772,1690343.84
POL000952,2024,0.718,1626258.68
POL000953,2021,0.663,2837748.99
POL000953,2022,0.629,3009588.17
POL000954,2020,0.947,2105845.37
POL000954,2021,0.801,1869696.49
POL000955,2019,0.676,5907167.75
POL000955,2020,0.621,5373294.36
POL000955,2021,0.843,5663171.99
POL000956,2024,0.673,1474073.1
POL000957,2018,0.685,2588707.43
POL000957,2019,0.809,2715679.23
POL000958,2022,0.728,1459900.91
POL000958,2023,0.953,1485556.21
POL000958,2024,0.846,1381475.68
POL000959,2020,0.761,2378965.03
POL000960,2020,0.747,1250677.5
POL000960,2021,0.727,1284378.22
POL000960,2022,0.695,1144817.22
POL000961,2018,0.884,381067.7
POL000961,2019,0.852,381939.16
POL000961,2020,0.891,375685.74
POL000961,2021,0.973,366021.76
POL000962,2023,0.629,1053039.54
POL000962,2024,0.715,1122406.57
POL000963,2018,0.882,3537583.59
POL000964,2022,0.743,1181162.41
POL000964,2023,0.602,1091962.58
POL000964,2024,0.662,1098024.31
POL000965,2018,0.981,3269373.49
POL000965,2019,0.853,3533556.19
POL000966,2018,0.994,3159485.1
POL000966,2019,0.781,3314873.74
POL000967,2022,0.653,1363551.71
POL000967,2023,0.961,1390715.83
POL000968,2023,0.983,7019749.76
POL000968,2024,0.894,6990054.95
POL000969,2018,0.878,5360988.95
POL000969,2019,0.913,5802094.49
POL000970,2019,0.954,8325719.74
POL000970,2020,0.872,9604097.6
POL000970,2021,0.768,9497918.36
POL000970,2022,0.898,9325130.78
POL000971,2019,0.773,516079.95
POL000971,2020,0.731,481575.59
POL000971,2021,0.855,546453.71
POL000972,2024,0.773,1390101.8
POL000973,2018,0.924,2318335.79
POL000973,2019,0.797,2305104.97
POL000974,2023,0.715,827295.5
POL000974,2024,0.934,826128.34
POL000975,2023,0.797,902539.03
POL000975,2024,0.777,1025976.22
POL000976,2020,0.947,3287973.5
POL000976,2021,0.902,3493895.73
POL000976,2022,0.739,3648107.8
POL000977,2019,0.79,1219751.65
POL000978,2018,0.92,1548295.6
POL000979,2023,0.854,1851124.87
POL000980,2022,0.965,934391.66
POL000981,2021,0.676,2738133.84
POL000981,2022,0.956,2575996.31
POL000981,2023,0.951,2686639.52
POL000982,2021,0.996,879206.53
POL000982,2022,0.757,802147.17
POL000983,2019,0.724,3736199.52
POL000984,2018,0.815,2772849.6
POL000984,2019,0.722,2836558.14
POL000984,2020,0.635,2923035.54
POL000985,2018,0.899,4202967.37
POL000986,2019,0.716,2267135.34
POL000987,2024,0.862,655220.45
POL000988,2023,0.602,1863427.07
POL000989,2021,0.744,8226739.31
POL000989,2022,0.633,7607464.9
POL000989,2023,0.915,7719784.92
POL000990,2021,0.877,3724432.08
POL000990,2022,0.696,3873506.21
POL000991,2022,0.66,1097146.03
POL000992,2023,0.608,424020.15
POL000992,2024,0.941,373159.59
POL000993,2020,0.608,334710.62
POL000993,2021,0.739,334253.7
POL000993,2022,0.629,348319.56
POL000994,2023,0.709,5052699.64
POL000994,2024,0.735,5056369.2
POL000995,2022,0.792,2077604.96
POL000996,2024,0.788,1657996.98
POL000997,2019,0.828,872474.46
POL000997,2020,0.895,880433.39
POL000998,2024,0.746,4328540.18
POL000999,2022,0.853,573500.51
POL000999,2023,0.785,551969.7
POL001000,2019,0.636,3590836.18
POL001000,2020,0.606,3774347.28
POL001001,2022,0.984,1108962.04
POL001001,2023,0.636,1204550.7
POL001002,2018,0.644,1425104.95
POL001002,2019,0.944,1533465.72
POL001003,2023,0.625,1834760.35
POL001004,2019,0.608,1063947.68
POL001004,2020,0.749,1182692.31
POL001005,2023,0.764,211150.62
POL001005,2024,0.779,200696.16
POL001006,2024,0.796,2920106.61
POL001007,2024,0.658,526180.21
POL001008,2023,0.68,2946361.55
POL001008,2024,0.9,2976989.63
POL001009,2022,0.981,10921447.33
POL001010,2020,0.729,6460120.59
POL001010,2021,0.86,7408581.76
POL001010,2022,0.659,6746103.58
POL001011,2020,0.635,4789581.27
POL001011,2021,0.763,4933547.13
POL001012,2021,0.66,6631964.14
POL001013,2023,0.926,297452.99
POL001013,2024,0.863,315421.1
POL001014,2021,0.629,4679526.02
POL001015,2023,0.717,1429729.66
POL001015,2024,0.85,1309995.5
POL001016,2021,0.898,997382.56
POL001017,2022,0.967,3184971.08
POL001018,2024,0.993,4480459.4
POL001019,2020,0.798,718593.77
POL001019,2021,0.691,637760.15
POL001020,2020,0.948,1814648.68
POL001021,2019,0.665,971576.87
POL001022,2018,0.664,3259943.83
POL001022,2019,0.916,3369452.48
POL001022,2020,0.679,3195377.96
POL001023,2019,0.722,4013278.02
POL001023,2020,0.668,3745585.69
POL001023,2021,0.783,3660771.57
POL001023,2022,0.972,3689973.5
POL001024,2022,0.848,3914379.68
POL001024,2023,0.839,3822896
POL001025,2019,0.965,5721300.88
POL001026,2019,0.867,2104941.8
POL001027,2020,0.886,8472059.88
POL001027,2021,0.944,8260962.01
POL001028,2022,0.67,625243.15
POL001029,2018,0.762,2365220.32
POL001029,2019,0.738,2376398.25
POL001030,2019,0.604,14819787.91
POL001030,2020,0.864,13090173.18
POL001030,2021,0.692,12884495.41
POL001031,2018,0.666,3413697.74
POL001031,2019,0.709,3389315.47
POL001031,2020,0.806,3236320.87
POL001031,2021,0.948,3456295.08
POL001032,2018,0.733,1132002.97
POL001032,2019,0.958,1080688.28
POL001033,2022,0.627,3375764.41
POL001033,2023,0.863,3409742.06
POL001034,2022,0.85,1478832.37
POL001035,2024,0.78,2000923.62
POL001036,2022,0.924,2668209.51
POL001036,2023,0.819,2536332.34
POL001036,2024,0.614,2559630.57
POL001037,2019,0.966,1046941.83
POL001037,2020,0.851,1034680.08
POL001038,2024,0.952,1545816.68
POL001039,2023,0.605,1825812.36
POL001040,2023,0.785,1146153.51
POL001041,2020,0.838,638882.89
POL001042,2022,0.75,8328913.94
POL001043,2022,0.931,274234.17
POL001044,2022,0.603,1121774.55
POL001044,2023,0.741,1073613
POL001045,2021,0.619,2715912.58
POL001045,2022,0.609,2690015.91
POL001046,2019,0.71,919493.42
POL001046,2020,0.907,1008420.6
POL001046,2021,0.871,978633.48
POL001047,2018,0.967,2836571.45
POL001047,2019,0.62,2862242.92
POL001048,2018,0.716,1160667.47
POL001048,2019,0.724,1204031.01
POL001048,2020,0.996,1160431.21
POL001048,2021,0.648,1157286.75
POL001049,2023,0.781,4459638.04
POL001050,2021,0.62,4132509.76
POL001051,2021,0.853,1473195.58
POL001052,2023,0.893,2434467.84
POL001053,2020,0.629,857955.6
POL001054,2018,0.78,822150.89
POL001054,2019,0.796,828330.72
POL001055,2018,0.643,1154740.93
POL001055,2019,0.693,1173622.04
POL001055,2020,0.979,1205794.74
POL001055,2021,0.602,1264627.58
POL001056,2018,0.82,3039819.59
POL001056,2019,0.604,3321530.14
POL001057,2021,0.896,11862202.75
POL001058,2023,0.999,6968705.47
POL001058,2024,0.893,7089545.67
POL001059,2022,0.963,657280.77
POL001059,2023,0.612,625576.85
POL001059,2024,0.999,635962.1
POL001060,2021,0.722,1992442.85
POL001060,2022,0.694,2252499.18
POL001061,2023,0.863,965146.17
POL001062,2023,0.918,456170.15
POL001063,2024,0.95,2022010.09
POL001064,2021,0.932,8765728.74
POL001065,2022,0.85,1123446.89
POL001065,2023,0.833,1176693.94
POL001065,2024,0.835,1269019.39
POL001066,2018,0.849,6577183.4
POL001066,2019,0.99,6431168.6
POL001067,2019,0.734,10697250.34
POL001068,2023,0.641,4346169.67
POL001068,2024,0.655,4059865.88
POL001069,2021,0.928,4916661.35
POL001069,2022,0.672,4743153.95
POL001069,2023,0.616,5158244.56
POL001070,2021,0.99,1080564.47
POL001070,2022,0.638,1179601.64
POL001071,2022,0.687,543914.67
POL001072,2020,0.625,1369872.26
POL001072,2021,0.673,1337283.83
POL001072,2022,0.628,1416132.37
POL001073,2022,0.747,973422.78
POL001074,2024,0.982,645528.64
POL001075,2018,0.82,9486398.75
POL001075,2019,0.918,9609644.23
POL001075,2020,0.874,9598095.4
POL001075,2021,0.694,9732227.11
POL001076,2024,0.695,1771629.48
POL001077,2020,0.653,2549832.1
POL001078,2020,0.991,335327.11
POL001078,2021,0.812,348277.2
POL001079,2022,0.648,4996739.05
POL001080,2018,0.938,1456647.87
POL001081,2023,0.777,1708883.02
POL001081,2024,0.981,1594566.75
POL001082,2024,0.796,5924752.5
POL001083,2022,0.635,1097333.74
POL001083,2023,0.724,1053999.49
POL001083,2024,0.644,1016106.65
POL001084,2019,0.816,794973.02
POL001084,2020,0.697,794525.84
POL001084,2021,0.759,844353.68
POL001085,2024,0.652,2830689.34
POL001086,2024,0.631,3739055.93
POL001087,2023,0.692,4347385.94
POL001088,2018,0.767,551649.15
POL001088,2019,0.725,527067.39
POL001088,2020,0.809,565209.46
POL001089,2021,0.675,4353854.02
POL001089,2022,0.667,4546349.84
POL001089,2023,0.66,4364485.13
POL001090,2019,0.602,3729121.87
POL001091,2019,0.987,2192077.18
POL001091,2020,0.913,2059423.16
POL001091,2021,0.775,2201746.79
POL001092,2019,0.607,678174.82
POL001093,2020,0.805,14716076.67
POL001093,2021,0.825,15656890.58
POL001094,2024,0.756,11895171.75
POL001095,2019,0.71,1905036.87
POL001095,2020,0.854,1771182.27
POL001095,2021,0.648,1934783.91
POL001096,2019,0.962,682071.89
POL001096,2020,0.824,618323.72
POL001096,2021,0.885,679430.28
POL001096,2022,0.717,666969.95
POL001097,2020,0.638,4871620.64
POL001098,2023,0.745,2189492.93
POL001098,2024,0.998,2485963.98
POL001099,2024,0.713,2828177.63
POL001100,2023,0.907,1332301.72
POL001101,2023,0.982,717346.84
POL001101,2024,0.986,636941.23
POL001102,2019,0.694,1231949.84
POL001102,2020,0.741,1315071.16
POL001103,2018,0.644,3558805.46
POL001103,2019,0.993,3875020.13
POL001104,2023,0.872,4558464.52
POL001104,2024,0.945,4712732.38
POL001105,2020,0.713,1400858.22
POL001106,2022,0.977,1899714.08
POL001106,2023,0.898,1900450.18
POL001107,2022,0.952,1936371.52
POL001107,2023,0.67,2065752.47
POL001108,2020,0.806,1909159.7
POL001108,2021,0.946,1789664.96
POL001109,2023,0.958,1397017.16
POL001109,2024,0.899,1333984.82
POL001110,2019,0.647,2828627.32
POL001110,2020,0.638,2958722.31
POL001111,2024,0.932,5765955.29
POL001112,2019,0.842,804202.36
POL001112,2020,0.84,762307.82
POL001112,2021,0.669,704957.22
POL001113,2021,0.783,715690.97
POL001113,2022,0.739,721666.97
POL001114,2018,0.998,840866.32
POL001114,2019,0.66,952662.49
POL001115,2020,0.675,531167.6
POL001115,2021,0.896,477412.59
POL001115,2022,0.64,486105.02
POL001115,2023,0.654,487331.28
POL001116,2019,0.989,1969843.38
POL001116,2020,0.811,1983475.45
POL001117,2023,0.724,3357689.85
POL001117,2024,0.634,3402510.85
POL001118,2024,0.739,5645905.67
POL001119,2023,0.798,1749470.17
POL001119,2024,0.638,1892999.6
POL001120,2021,0.82,1050717.74
POL001120,2022,0.835,1168642.27
POL001121,2020,0.713,9776523.1
POL001122,2019,0.686,1624691.01
POL001122,2020,0.702,1729453.02
POL001123,2019,0.95,116173.55
POL001124,2024,0.784,1849107.71
POL001125,2018,0.748,1814203.61
POL001126,2019,0.683,539538.39
POL001126,2020,0.964,531372.61
POL001127,2024,0.607,3397831.17
POL001128,2020,0.606,1815811.56
POL001128,2021,0.79,1747767.98
POL001128,2022,0.98,1774365.36
POL001128,2023,0.633,1908931.27
POL001129,2023,0.898,2073860.96
POL001129,2024,0.744,2128976.13
POL001130,2018,0.946,1884910.37
POL001130,2019,0.708,1753364.59
POL001131,2021,0.743,8050819.07
POL001131,2022,0.832,7653772.12
POL001132,2018,0.934,531037.5
POL001132,2019,0.864,563021.06
POL001132,2020,0.842,503150.58
POL001132,2021,0.617,492285.93
POL001133,2019,0.755,5609011.51
POL001133,2020,0.76,5206034.53
POL001134,2022,0.947,1530069.18
POL001134,2023,0.794,1604063.47
POL001135,2019,0.764,2046292.23
POL001136,2021,0.649,799828.6
POL001137,2024,0.775,1837255.39
POL001138,2018,0.771,1072380.47
POL001139,2022,0.935,902679.12
POL001139,2023,0.817,914404.64
POL001140,2022,0.958,1497147.77
POL001140,2023,0.892,1552010.67
POL001140,2024,0.86,1511011.17
POL001141,2021,0.982,358949.95
POL001141,2022,0.837,332739.64
POL001142,2021,0.984,1829769.87
POL001142,2022,0.625,1762249.18
POL001142,2023,0.948,1665094.59
POL001142,2024,0.904,1654159.68
POL001143,2018,0.612,2333618.51
POL001144,2021,0.938,3500871.24
POL001145,2020,0.9,5691068.51
POL001145,2021,0.812,5919545.54
POL001146,2023,0.711,2093678.88
POL001146,2024,0.949,2249446.94
POL001147,2023,0.706,6881100.78
POL001147,2024,0.733,6726183.32
POL001148,2024,0.696,3315341.26
POL001149,2022,0.611,10083048.79
POL001150,2022,0.904,12966870.21
POL001150,2023,0.703,13698655.24
POL001150,2024,0.751,13002960.7
POL001151,2021,0.823,5224069.85
POL001151,2022,0.948,5069509.78
POL001151,2023,0.686,5694131.36
POL001152,2020,0.625,1302340.98
POL001153,2021,0.935,2537869.84
POL001153,2022,0.962,2678260.02
POL001153,2023,0.774,2410645.35
POL001154,2024,0.638,452694.89
POL001155,2019,0.679,2899308.75
POL001155,2020,0.767,2958199.86
POL001155,2021,0.787,2720880.17
POL001156,2023,0.682,2525047.52
POL001157,2024,0.713,1085175.3
POL001158,2024,0.872,2377586.35
POL001159,2021,0.922,433611.68
POL001159,2022,0.606,415030.45
POL001159,2023,0.931,430868.05
POL001159,2024,0.981,413334.4
POL001160,2018,0.798,7442659.59
POL001160,2019,0.82,7254074.88
POL001161,2018,0.769,4875284.57
POL001162,2018,0.752,2232893.8
POL001162,2019,0.775,2183369.82
POL001162,2020,0.691,2182051.77
POL001163,2020,0.961,1144073.12
POL001163,2021,0.946,1169569.16
POL001164,2022,0.733,7653225.2
POL001164,2023,0.916,7549559.05
POL001164,2024,0.912,8517354.48
POL001165,2019,0.933,1207957.02
POL001165,2020,0.835,1175477.33
POL001165,2021,0.615,1195637.37
POL001166,2022,0.735,3305053.12
POL001166,2023,0.828,3099464.47
POL001166,2024,0.898,3242643.87
POL001167,2019,0.642,1604891.61
POL001167,2020,0.718,1452592.1
POL001167,2021,0.964,1503029.57
POL001167,2022,0.638,1440380.4
POL001168,2021,0.625,1310267.5
POL001168,2022,0.847,1243738.66
POL001169,2021,0.681,6375498.76
POL001169,2022,0.921,6385051.74
POL001169,2023,0.831,6502275.82
POL001169,2024,0.98,6659231.99
POL001170,2018,0.819,1004343.22
POL001171,2024,0.888,3118415.32
POL001172,2018,0.85,3112627.53
POL001172,2019,0.854,3146903.54
POL001173,2018,0.613,1306554.53
POL001173,2019,0.971,1422632.21
POL001173,2020,0.627,1302449.21
POL001174,2018,0.785,1544665.12
POL001175,2019,0.931,6230824.4
POL001175,2020,0.794,6288530.93
POL001175,2021,0.853,6048246.03
POL001176,2024,0.896,3825472.13
POL001177,2023,0.924,1751858.78
POL001178,2021,0.958,2433964.16
POL001178,2022,0.748,2279188.1
POL001179,2019,0.894,2007055.6
POL001179,2020,0.98,1928273.26
POL001179,2021,0.76,1998296.83
POL001180,2018,0.953,4527354.2
POL001181,2018,0.909,2223593.63
POL001181,2019,0.697,2547047.91
POL001182,2019,0.757,1800336.44
POL001183,2018,0.963,971416.62
POL001183,2019,0.812,1043983.31
POL001183,2020,0.706,1001631.93
POL001183,2021,0.964,986487.55
POL001184,2018,0.963,5686958.43
POL001185,2018,0.942,1900164.48
POL001185,2019,0.635,1982829.83
POL001185,2020,0.898,1900470.69
POL001186,2021,0.895,5779244.57
POL001186,2022,0.962,5869871.37
POL001187,2023,0.601,4329510.09
POL001188,2022,0.79,636965.16
POL001188,2023,0.696,606958.43
POL001188,2024,0.897,620928.35
POL001189,2019,0.645,19254044.64
POL001189,2020,0.995,18466989.39
POL001190,2019,0.812,692719.04
POL001191,2024,0.972,9647418.23
POL001192,2021,0.618,2934171.42
POL001193,2018,0.885,874843.91
POL001193,2019,0.649,912734.79
POL001193,2020,0.799,917166.19
POL001194,2019,0.961,2924602.32
POL001194,2020,0.994,2606360.99
POL001195,2018,0.971,7068903.12
POL001195,2019,0.752,7378937.32
POL001196,2019,0.967,3640415.64
POL001197,2022,0.79,1312706.88
POL001197,2023,0.902,1220493.7
POL001198,2020,0.785,1742995.85
POL001198,2021,0.8,1597188.92
POL001198,2022,0.622,1646303.41
POL001199,2020,0.721,1146756.97
POL001199,2021,0.705,1056631.38
POL001199,2022,0.987,1014852.01
POL001199,2023,0.82,1074549.79
POL001200,2020,0.688,1984557.21
POL001200,2021,0.975,1727799.08
POL001200,2022,0.744,1837130.95
POL001201,2018,0.823,8022563.51
POL001201,2019,0.774,8370350.06
POL001202,2023,0.711,2094773.56
POL001202,2024,0.864,2180301
POL001203,2023,0.621,701010.84
POL001203,2024,0.674,782567.04
POL001204,2020,0.823,2415474.3
POL001204,2021,0.648,2382033.47
POL001205,2020,0.712,1898575.52
POL001205,2021,0.933,1767155.48
POL001205,2022,0.958,1949089.95
POL001206,2022,0.867,2814820.32
POL001207,2023,0.923,1677600.15
POL001207,2024,0.657,1757440.45
POL001208,2020,0.953,3669307.43
POL001208,2021,0.959,3962935.41
POL001209,2020,0.614,3003575.1
POL001209,2021,0.914,3030017.91
POL001210,2020,0.866,1945036.56
POL001211,2018,0.929,848300.45
POL001212,2019,0.642,1894954.68
POL001212,2020,0.939,1857491.43
POL001213,2024,0.677,6021052.26
POL001214,2018,0.766,3486981.83
POL001214,2019,0.952,3244932.73
POL001214,2020,0.887,3070138.42
POL001215,2019,0.945,4808089.58
POL001215,2020,0.96,4615474.1
POL001215,2021,0.704,4441322.24
POL001216,2022,0.903,3197777.66
POL001216,2023,0.868,3092484.59
POL001216,2024,0.824,3072230.48
POL001217,2022,0.97,851977.39
POL001218,2022,0.634,1477799.18
POL001219,2021,0.929,595782.57
POL001219,2022,0.864,603650.76
POL001219,2023,0.73,571997.84
POL001219,2024,0.964,551829.91
POL001220,2021,0.916,3425162.98
POL001220,2022,0.647,3766122.11
POL001221,2018,0.785,481807.54
POL001221,2019,0.854,499139.88
POL001221,2020,0.894,497449.5
POL001222,2019,0.813,9048312.03
POL001223,2022,0.774,16382771.31
POL001223,2023,0.687,16694483.22
POL001223,2024,0.72,16845248.35
POL001224,2020,0.965,2881513.44
POL001224,2021,0.826,3124636.32
POL001224,2022,0.843,2859967.23
POL001225,2018,0.676,358369.69
POL001226,2024,0.683,2377574.16
POL001227,2021,0.689,362168.76
POL001227,2022,0.692,358556.91
POL001228,2024,0.927,2141923.72
POL001229,2023,0.974,7250901.54
POL001229,2024,0.732,7235102.39
POL001230,2020,0.656,3937387.4
POL001230,2021,0.806,3783143.09
POL001230,2022,0.746,3818175.98
POL001231,2019,0.831,1546768.03
POL001231,2020,0.769,1504586.68
POL001232,2019,0.639,7230992.38
POL001233,2019,0.642,359082.39
POL001233,2020,0.989,346192.02
POL001234,2024,0.718,3122263.95
POL001235,2024,0.611,1202996.1
POL001236,2019,0.819,3118750.82
POL001236,2020,0.864,3040944.77
POL001236,2021,0.769,2886006.59
POL001237,2022,0.999,1443810.73
POL001238,2021,0.736,1355059.41
POL001238,2022,0.745,1500017.76
POL001238,2023,0.98,1434060.04
POL001238,2024,0.611,1469297.36
POL001239,2019,0.977,2476031.32
POL001239,2020,0.922,2446508.85
POL001240,2018,0.644,3539107.45
POL001241,2019,0.672,890020.35
POL001242,2020,0.991,1156462.55
POL001242,2021,0.76,1205762.79
POL001243,2024,0.999,1529345.88
POL001244,2024,0.693,2016035.72
POL001245,2019,0.683,945511.73
POL001245,2020,0.82,894753.98
POL001246,2023,0.831,944680.03
POL001246,2024,0.759,973039.87
POL001247,2022,0.625,1837665.06
POL001248,2023,0.835,1853279.75
POL001248,2024,0.726,1825069.92
POL001249,2021,0.988,1448537.57
POL001249,2022,0.647,1441595.03
POL001250,2019,0.708,8109646.02
POL001250,2020,0.838,8303279.81
POL001250,2021,0.749,8314589.98
POL001251,2023,0.951,1129881.23
POL001251,2024,0.95,1198358.1
POL001252,2023,0.944,648634.59
POL001252,2024,0.954,645194.54
POL001253,2022,0.823,1040766.97
POL001253,2023,0.733,1105527.98
POL001254,2024,0.789,639274.44
POL001255,2022,0.851,2183910.37
POL001255,2023,0.983,2257336.68
POL001255,2024,0.887,2074978.22
POL001256,2024,0.986,3305768.74
POL001257,2021,0.655,3236909.06
POL001258,2020,0.873,1173251.35
POL001259,2020,0.963,12081337.43
POL001259,2021,0.855,11227331.56
POL001260,2018,0.848,2958705.52
POL001261,2019,0.657,1777655.36
POL001262,2019,0.842,4194174.02
POL001262,2020,0.678,4522942.23
POL001262,2021,0.837,4350626.29
POL001262,2022,0.898,4147764.34
POL001263,2019,0.67,563407.18
POL001264,2024,0.636,2398011.16
POL001265,2022,0.619,2429586.25
POL001265,2023,0.955,2336643.02
POL001265,2024,0.792,2374465.03
POL001266,2019,0.991,1414504.95
POL001266,2020,0.959,1355918.81
POL001267,2021,0.986,1571157.92
POL001267,2022,0.694,1730869.79
POL001267,2023,0.975,1679337.75
POL001267,2024,0.807,1600569.71
POL001268,2024,0.887,1290142.65
POL001269,2023,0.976,8016144.41
POL001270,2023,0.733,1390275.94
POL001271,2020,0.962,747820.38
POL001271,2021,0.963,757349.71
POL001272,2024,0.986,11752937.97
POL001273,2019,0.816,6958270.49
POL001273,2020,0.782,6889375.94
POL001273,2021,0.821,6779424.35
POL001273,2022,0.987,6886813.73
POL001274,2022,0.801,1992977.64
POL001275,2024,0.991,1793459.55
POL001276,2018,0.878,1609303.75
POL001276,2019,0.804,1613398.82
POL001276,2020,0.665,1607658.25
POL001277,2019,0.669,2535494.23
POL001278,2021,0.654,1391029.87
POL001278,2022,0.823,1406264.99
POL001279,2019,0.907,948841.89
POL001279,2020,0.659,991651.48
POL001280,2021,0.604,3074748.33
POL001281,2021,0.919,2120779.11
POL001281,2022,0.711,2073393.63
POL001282,2020,0.675,834026.72
POL001282,2021,0.898,860589.88
POL001282,2022,0.694,862956.57
POL001283,2021,0.975,1064847.03
POL001284,2022,0.661,3862675.3
POL001284,2023,0.964,3866459.57
POL001285,2018,0.635,992857.42
POL001285,2019,0.701,1101283.66
POL001286,2019,0.749,4914217.85
POL001286,2020,0.625,4525675.31
POL001287,2023,0.768,812428.91
POL001287,2024,0.67,706551.83
POL001288,2023,0.758,2732248
POL001289,2022,1,5113204.05
POL001289,2023,0.769,5300024.35
POL001289,2024,0.603,5534043.72
POL001290,2018,0.973,7440876.43
POL001290,2019,0.99,7610156.83
POL001290,2020,0.805,7520571.41
POL001290,2021,0.827,8096102.57
POL001291,2018,0.979,678444.63
POL001291,2019,0.634,725686.58
POL001292,2021,0.676,1670974.93
POL001292,2022,0.777,1698343.27
POL001293,2018,0.964,539210.34
POL001294,2024,0.924,1259655.08
POL001295,2022,0.806,910286.66
POL001295,2023,0.953,955737.71
POL001296,2018,0.68,968749.18
POL001296,2019,0.991,959951.04
POL001297,2019,0.985,4481835.09
POL001297,2020,0.64,4663226.31
POL001297,2021,0.657,4463731.97
POL001298,2024,0.649,7407241.9
POL001299,2019,0.82,2389978.61
POL001299,2020,0.958,2339844.78
POL001299,2021,0.732,2493681.19
POL001300,2021,0.646,6135929.18
POL001301,2020,0.747,1895275.07
POL001301,2021,0.86,1897674.64
POL001301,2022,0.979,2068391.26
POL001301,2023,0.775,1861776.22
POL001302,2021,0.729,3394480.27
POL001303,2019,0.785,1880188.6
POL001303,2020,0.994,1992516.47
POL001304,2022,0.699,1780583.2
POL001304,2023,0.691,1898365.86
POL001304,2024,0.758,1931935.37
POL001305,2018,0.99,10789301.76
POL001305,2019,0.666,11042204.42
POL001306,2021,0.732,277904.99
POL001307,2021,0.907,1856030.59
POL001307,2022,0.873,1943398.4
POL001307,2023,0.805,1710060.06
POL001308,2019,0.988,2226121.94
POL001309,2023,0.776,1711591.67
POL001309,2024,0.718,1696158.95
POL001310,2021,0.978,888406.6
POL001310,2022,0.939,844529.18
POL001311,2018,0.924,1590789.89
POL001311,2019,0.927,1616843.07
POL001312,2024,0.635,446955.42
POL001313,2022,0.631,4956983.68
POL001314,2020,0.656,832702.72
POL001315,2019,0.662,1304608.41
POL001315,2020,0.694,1403529.3
POL001316,2021,0.892,1036139.24
POL001316,2022,0.784,1060358.03
POL001317,2019,0.848,3362192.64
POL001317,2020,0.788,3153848.73
POL001317,2021,0.918,3199180.26
POL001317,2022,0.905,3017306.38
POL001318,2024,0.691,787853.2
POL001319,2021,0.936,1586754.07
POL001320,2021,0.742,1933857.39
POL001320,2022,0.831,1780682.73
POL001321,2024,0.697,822413.45
POL001322,2020,0.767,3662815.25
POL001322,2021,0.943,3719606.91
POL001322,2022,0.755,3882446.79
POL001323,2022,0.834,2846409.71
POL001323,2023,0.879,3117225.26
POL001324,2023,0.695,1763473.07
POL001324,2024,0.718,1825326.49
POL001325,2018,0.711,1865317.97
POL001326,2022,0.902,1139349.78
POL001326,2023,0.967,1295244.83
POL001327,2023,0.691,2139218.32
POL001328,2024,0.628,1503603.88
POL001329,2022,0.841,363876.37
POL001329,2023,0.602,361835.83
POL001329,2024,0.71,392714.2
POL001330,2023,0.925,2585944.99
POL001330,2024,0.624,2550940.2
POL001331,2024,0.618,1025864.96
POL001332,2021,0.853,177211.26
POL001332,2022,0.905,192120.69
POL001332,2023,0.923,170389.88
POL001333,2019,0.828,1365245.32
POL001333,2020,0.887,1358101.39
POL001333,2021,0.805,1279755.14
POL001334,2020,0.716,284875.31
POL001334,2021,0.93,280639.6
POL001335,2021,0.73,1287708.85
POL001335,2022,0.87,1193546.69
POL001335,2023,0.691,1302833.65
POL001335,2024,0.722,1220142.37
POL001336,2018,0.64,16794039.27
POL001336,2019,0.869,15785085.04
POL001336,2020,0.68,16258933.86
POL001337,2020,0.663,4937256.77
POL001338,2021,0.877,1192165.87
POL001338,2022,0.996,1222530.42
POL001338,2023,0.969,1214979.65
POL001339,2022,0.716,1763261.51
POL001339,2023,0.638,1887906.26
POL001340,2019,0.937,1475680.19
POL001340,2020,0.689,1481394.01
POL001340,2021,0.678,1455164.91
POL001341,2024,0.896,13481563.6
POL001342,2019,0.601,3132340.94
POL001342,2020,0.712,3149053.1
POL001343,2024,0.932,5408461.1
POL001344,2018,0.965,906710.07
POL001345,2022,0.849,626629.39
POL001345,2023,0.868,569186.45
POL001346,2019,0.816,6528336.44
POL001346,2020,0.606,6930905.96
POL001346,2021,0.867,7065751.56
POL001347,2021,0.927,3856547.48
POL001347,2022,0.957,3691643.85
POL001347,2023,0.831,3869341.54
POL001348,2018,0.739,1600842.2
POL001348,2019,0.694,1529665.67
POL001349,2023,0.771,1601075.64
POL001349,2024,0.686,1590072.6
POL001350,2024,0.911,2352744.37
POL001351,2018,0.725,1723804.54
POL001351,2019,0.888,1612005.66
POL001351,2020,0.848,1629445.18
POL001351,2021,0.792,1600016.67
POL001352,2020,0.619,814928.11
POL001352,2021,0.804,838525.04
POL001353,2020,0.729,5383720.68
POL001353,2021,0.655,4989325.37
POL001353,2022,0.874,5161701.39
POL001353,2023,0.734,5269970.78
POL001354,2020,0.703,9430158.34
POL001354,2021,0.828,8842978.53
POL001355,2018,0.916,1514691.05
POL001356,2024,0.758,1121090.26
POL001357,2022,0.666,2606437.89
POL001358,2020,0.96,2300967.1
POL001359,2018,0.941,1709558.15
POL001360,2021,0.88,47905208.44
POL001360,2022,0.859,49245477.66
POL001360,2023,0.783,48236163.88
POL001361,2019,0.61,2925339.63
POL001361,2020,0.98,3142753.53
POL001361,2021,0.827,2795265.82
POL001361,2022,0.615,3154662.78
POL001362,2023,0.736,6972287.24
POL001363,2018,0.854,1860972.41
POL001363,2019,0.959,1902224.71
POL001363,2020,0.876,2005354.77
POL001363,2021,0.728,1974072.82
POL001364,2024,0.736,4089898.64
POL001365,2024,0.882,2008882.61
POL001366,2018,0.708,1729209.05
POL001366,2019,0.808,1772534.13
POL001366,2020,0.833,1765249.49
POL001367,2018,0.611,10818152.76
POL001367,2019,0.98,11670414.9
POL001368,2019,0.719,2404363.76
POL001368,2020,0.85,2440985
POL001369,2021,0.824,2520984.66
POL001369,2022,0.934,2534611.67
POL001369,2023,0.925,2693040.76
POL001369,2024,0.773,2611994.49
POL001370,2021,0.923,1095363.46
POL001370,2022,0.884,1209144.48
POL001370,2023,0.674,1222253.33
POL001371,2020,0.728,1411343.67
POL001372,2021,0.749,1696309.08
POL001373,2023,0.688,573561.46
POL001373,2024,0.721,564540.1
POL001374,2021,0.853,3317312.97
POL001374,2022,0.785,3623748.63
POL001374,2023,0.893,3340295.26
POL001375,2019,0.986,399893.08
POL001375,2020,0.724,401271.81
POL001376,2022,0.729,2029433.33
POL001376,2023,0.959,2057514
POL001377,2023,0.785,10561893.77
POL001377,2024,0.661,10562357.26
POL001378,2023,0.742,2359507.53
POL001379,2023,0.974,4101224.47
POL001380,2022,0.751,2492318.42
POL001381,2018,0.885,589547.32
POL001381,2019,0.945,584294.81
POL001381,2020,0.78,593858.16
POL001382,2023,0.885,1401918.48
POL001383,2021,0.854,3819675.72
POL001384,2024,0.62,901165.52
POL001385,2024,0.746,1298568.78
POL001386,2020,0.614,878457.3
POL001387,2019,0.77,1942025.81
POL001387,2020,0.79,1922059.74
POL001387,2021,0.845,2051104.54
POL001388,2023,0.889,7182739.64
POL001388,2024,0.843,7561849.69
POL001389,2019,0.601,1333541.51
POL001390,2019,0.654,1295207.03
POL001390,2020,0.605,1139225.62
POL001391,2021,0.96,490579.53
POL001392,2024,0.84,2743374.74
POL001393,2024,0.745,510504.06
POL001394,2023,0.99,781382.2
POL001394,2024,0.858,768625.68
POL001395,2020,0.711,2538292.89
POL001395,2021,0.877,2522602.91
POL001395,2022,0.752,2757525.75
POL001395,2023,0.867,2803830.14
POL001396,2020,0.668,902600.19
POL001396,2021,0.715,874060.98
POL001397,2020,0.986,3407715.19
POL001397,2021,0.911,3245468.56
POL001398,2024,0.903,1639683.62
POL001399,2018,0.855,5557153.7
POL001399,2019,0.809,5235480.95
POL001399,2020,0.64,5126511.89
POL001400,2021,0.992,2551219.52
POL001400,2022,0.643,2425277.81
POL001400,2023,0.671,2516113.04
POL001400,2024,0.847,2503638.8
POL001401,2023,0.773,1449055.45
POL001401,2024,0.805,1485954.47
POL001402,2021,0.603,1291807.25
POL001402,2022,0.914,1156607.15
POL001403,2020,0.684,1558221.31
POL001404,2022,0.928,2620651.48
POL001405,2020,0.608,1438410.66
POL001406,2019,0.628,6288921.22
POL001406,2020,0.746,6390345.19
POL001407,2022,0.64,940535.03
POL001408,2018,0.693,885905.18
POL001408,2019,0.733,920242.46
POL001409,2019,0.794,506088.5
POL001409,2020,0.886,519260.54
POL001410,2019,0.831,25611641.39
POL001410,2020,0.625,25101935.79
POL001411,2024,0.708,2904103.28
POL001412,2024,0.954,4410219.56
POL001413,2023,0.931,975337.87
POL001413,2024,0.822,991389.22
POL001414,2020,0.965,1409093.05
POL001415,2019,0.978,5795517.88
POL001415,2020,0.85,6111310.68
POL001416,2019,0.761,465140.25
POL001416,2020,0.978,469779.67
POL001417,2021,0.692,1968160.39
POL001418,2022,0.815,839152.62
POL001418,2023,0.914,797921.51
POL001419,2020,0.808,2913418.68
POL001419,2021,0.686,2963007.5
POL001419,2022,0.78,2831087.13
POL001420,2019,0.808,5682841.49
POL001420,2020,0.628,5551554.48
POL001421,2022,0.789,1291509.83
POL001421,2023,0.737,1389564.15
POL001421,2024,0.643,1451157.78
POL001422,2021,0.981,654107.93
POL001423,2022,0.682,1876126.02
POL001423,2023,0.674,1780010.42
POL001423,2024,0.604,1672865.69
POL001424,2019,0.665,4799778.52
POL001424,2020,0.926,5026016.48
POL001425,2020,0.928,826208.16
POL001425,2021,0.891,804898.32
POL001426,2024,0.849,5147828.13
POL001427,2019,0.902,882245.72
POL001427,2020,0.952,894695.37
POL001428,2022,0.674,4660720.96
POL001428,2023,0.814,4536635.35
POL001428,2024,0.824,4783266.02
POL001429,2024,0.929,1821634.57
POL001430,2019,0.813,2645373.26
POL001430,2020,0.843,2533545.87
POL001430,2021,0.892,2443242.8
POL001430,2022,0.798,2609264.7
POL001431,2020,0.811,2129858.12
POL001431,2021,0.922,2019505.38
POL001432,2023,0.629,2615234.36
POL001432,2024,0.726,2497531.32
POL001433,2024,0.93,2453206.71
POL001434,2021,0.887,5810216.7
POL001435,2021,0.902,1413515.16
POL001435,2022,0.842,1274350.11
POL001436,2020,0.725,2072301.34
POL001436,2021,0.995,2251920.56
POL001437,2019,0.73,1429124.79
POL001437,2020,0.686,1511330.13
POL001437,2021,0.78,1485908.26
POL001437,2022,0.982,1357928.1
POL001438,2024,0.709,1402685.13
POL001439,2022,0.878,2493948.51
POL001439,2023,0.903,2678182.75
POL001440,2024,0.726,1116221.74
POL001441,2018,0.741,1170683.38
POL001442,2018,0.928,902627.46
POL001442,2019,0.71,825160.67
POL001443,2020,0.682,4480799.29
POL001443,2021,0.804,4408302.12
POL001444,2024,0.604,1761268.5
POL001445,2019,0.614,2538585.25
POL001445,2020,0.894,2429877.58
POL001446,2024,0.937,2069170.3
POL001447,2020,0.955,3403788.41
POL001447,2021,0.989,3565140.16
POL001447,2022,0.89,3576255.53
POL001447,2023,0.989,3604863.78
POL001448,2024,0.603,718562.77
POL001449,2021,0.781,2234796.97
POL001449,2022,0.788,2066023.58
POL001450,2023,0.859,1056901.83
POL001450,2024,0.705,1025657.3
POL001451,2023,0.648,1611506.81
POL001452,2020,0.791,2320088.2
POL001453,2018,0.717,2070642.73
POL001453,2019,0.82,2092035.88
POL001453,2020,0.632,2186920.42
POL001453,2021,0.714,1959161.92
POL001454,2020,0.846,3698023.49
POL001454,2021,0.682,3562007.93
POL001455,2024,0.797,480977.15
POL001456,2019,0.978,1637372.43
POL001456,2020,0.825,1811172.76
POL001457,2023,0.716,394376.13
POL001457,2024,0.857,382252.12
POL001458,2024,0.638,1395327.09
POL001459,2021,0.677,792031.77
POL001459,2022,0.766,733620.4
POL001460,2018,0.733,1725412.45
POL001460,2019,0.957,1696698.72
POL001461,2018,0.841,7346166.15
POL001461,2019,0.973,6617720.5
POL001462,2021,0.907,8314661.36
POL001462,2022,0.609,8639124.65
POL001463,2019,0.907,861969.55
POL001464,2018,0.613,745156.41
POL001464,2019,0.806,774168.33
POL001464,2020,0.651,706927.32
POL001464,2021,0.664,695203.27
POL001465,2024,0.725,4519710.13
POL001466,2021,0.964,2979695.58
POL001467,2024,0.785,646814.63
POL001468,2022,0.963,2540736.36
POL001468,2023,0.635,2543986.32
POL001469,2020,0.623,962413.57
POL001469,2021,0.722,917360
POL001470,2023,0.829,1047056.06
POL001470,2024,0.741,1019918.05
POL001471,2024,0.9,1011257.74
POL001472,2024,0.76,2716444.3
POL001473,2018,0.687,4023112.3
POL001474,2019,0.619,1000273.8
POL001474,2020,0.978,1099617.79
POL001475,2021,0.678,2809642.11
POL001476,2020,0.696,1123762.44
POL001477,2018,0.943,5927418.42
POL001478,2021,0.79,5232216.72
POL001478,2022,0.78,4943125.73
POL001478,2023,0.754,4847025.64
POL001479,2019,0.985,1071729.07
POL001480,2022,0.795,3827842.2
POL001480,2023,0.874,3722286.69
POL001480,2024,0.942,3650762.55
POL001481,2022,0.616,897406.14
POL001481,2023,0.657,910096.63
POL001482,2022,0.809,1114208.72
POL001483,2018,0.924,1298560.59
POL001483,2019,0.898,1308578.22
POL001484,2024,0.851,525137.74
POL001485,2018,0.663,6367831.09
POL001485,2019,0.724,6094109.57
POL001486,2019,0.937,5770832.03
POL001486,2020,0.988,5626743.94
POL001486,2021,0.888,6182305.56
POL001487,2022,0.626,2356103.33
POL001488,2021,0.833,3186759.3
POL001488,2022,0.918,3136314.14
POL001488,2023,0.849,3169034.89
POL001489,2019,0.677,1484952.05
POL001489,2020,0.699,1606203.05
POL001490,2018,0.844,1769413.63
POL001490,2019,0.832,1932357.51
POL001490,2020,0.603,1778617.86
POL001491,2024,0.83,1681164.32
POL001492,2018,0.643,1111150.03
POL001492,2019,0.812,1110293.71
POL001493,2021,0.664,3185909.91
POL001493,2022,0.998,3322934.47
POL001493,2023,0.678,3359533.84
POL001494,2021,0.708,2544292.04
POL001494,2022,0.96,2477642.6
POL001495,2021,0.686,334648
POL001495,2022,0.753,343557.09
POL001496,2024,0.816,5508674.13
POL001497,2018,0.92,3673853.78
POL001498,2024,0.986,2897288.77
POL001499,2021,0.66,7214356.45
POL001499,2022,0.996,8098256.08
POL001500,2024,0.945,3438647.7
POL001501,2021,0.76,1881065.07
POL001501,2022,0.798,2110584.95
POL001502,2024,0.785,2682006.92
POL001503,2024,0.892,4784045.91
POL001504,2023,0.96,5816323.93
POL001505,2020,0.954,2325398.39
POL001506,2023,0.985,12382078.81
POL001507,2018,0.746,3444505.85
POL001507,2019,0.825,3474821.72
POL001508,2019,0.878,7138762.18
POL001508,2020,0.745,7285243.9
POL001509,2023,0.943,2284638.71
POL001509,2024,0.821,2448134.92
POL001510,2023,0.768,4578174.1
POL001510,2024,0.967,4693257.62
POL001511,2024,0.731,1879450.88
POL001512,2018,0.834,303897.91
POL001513,2018,0.922,2355669.74
POL001513,2019,0.666,2332819.84
POL001513,2020,0.734,2518404.39
POL001513,2021,0.611,2276947.7
POL001514,2021,0.996,988021.03
POL001514,2022,0.776,928177.21
POL001514,2023,0.959,961864.77
POL001515,2024,0.951,3896079.67
POL001516,2021,0.652,2076228.57
POL001516,2022,0.695,1842645.55
POL001516,2023,0.81,2047214.62
POL001517,2020,0.681,375368.21
POL001518,2020,0.673,627726.44
POL001518,2021,0.686,658993.98
POL001518,2022,0.933,622073.06
POL001519,2019,0.942,1834314.71
POL001519,2020,0.906,1805006.79
POL001520,2023,0.704,2509870.33
POL001520,2024,0.616,2522400.64
POL001521,2018,0.732,853883.35
POL001521,2019,0.831,864815.47
POL001522,2018,0.652,1715145.12
POL001522,2019,0.728,1754054.92
POL001523,2022,0.791,859470.23
POL001524,2018,0.618,803266.58
POL001524,2019,0.94,756755.52
POL001525,2018,0.713,9347590.73
POL001525,2019,0.74,8862282.82
POL001525,2020,0.847,9246668.71
POL001525,2021,0.941,9125832.18
POL001526,2023,0.947,1555364.62
POL001526,2024,0.725,1403628.52
POL001527,2022,0.686,5195565.01
POL001528,2024,0.707,6356466.31
POL001529,2019,0.948,2478741.14
POL001530,2023,0.852,2030938.78
POL001530,2024,0.731,1976066.75
POL001531,2024,0.687,647816.13
POL001532,2019,0.776,638986.5
POL001532,2020,0.839,684030.56
POL001533,2023,0.844,2183486.42
POL001534,2021,0.756,1967502.85
POL001534,2022,0.762,2011547.04
POL001534,2023,0.716,2107474.27
POL001534,2024,0.796,1961284.17
POL001535,2024,0.796,676687.6
POL001536,2020,0.622,8773794.72
POL001537,2024,0.928,1771621.59
POL001538,2020,0.681,398622.51
POL001539,2020,0.987,9210621.56
POL001540,2024,0.815,1780345.01
POL001541,2023,0.786,2976762.88
POL001541,2024,0.633,3283268.32
POL001542,2024,0.909,964958.09
POL001543,2018,0.612,2075794.8
POL001543,2019,0.813,2123915.82
POL001543,2020,0.975,2164330.42
POL001543,2021,0.968,2075187.52
POL001544,2021,0.952,822394.28
POL001545,2019,0.958,6720788.08
POL001545,2020,0.875,7160058.75
POL001545,2021,0.944,6533945.82
POL001546,2021,0.706,4442438.27
POL001546,2022,0.751,4605201.36
POL001547,2018,0.729,7911971.43
POL001547,2019,0.603,7794800.91
POL001547,2020,0.786,8525062.94
POL001547,2021,0.633,8307947.7
POL001548,2018,0.975,3110823.07
POL001548,2019,0.875,2959678.52
POL001549,2022,0.847,1346220.04
POL001549,2023,0.706,1466972.27
POL001549,2024,0.611,1422309.04
POL001550,2023,0.945,2118955.69
POL001551,2023,0.814,1261758.47
POL001552,2019,0.945,4286113.21
POL001553,2020,0.738,2094210.22
POL001553,2021,0.968,1953361.37
POL001553,2022,0.949,1845560.66
POL001554,2024,0.908,5205604.99
POL001555,2024,0.84,3753151.12
POL001556,2018,0.903,4158324.01
POL001556,2019,0.741,3977568.31
POL001557,2022,0.864,16160461.15
POL001557,2023,0.768,17630397.68
POL001557,2024,0.846,16139468.04
POL001558,2019,0.948,1331786.46
POL001559,2021,0.981,25925003.93
POL001559,2022,0.768,23471773.51
POL001559,2023,0.869,24810496.86
POL001560,2023,0.858,585651.77
POL001561,2018,0.892,5651304.8
POL001561,2019,0.998,5180382.99
POL001561,2020,0.699,5329142.32
POL001561,2021,0.696,5755878.83
POL001562,2019,0.868,1515502
POL001562,2020,0.657,1551450.33
POL001562,2021,0.646,1694053.5
POL001563,2022,0.637,1813712.64
POL001563,2023,0.7,1690084.64
POL001564,2018,0.884,2920877.58
POL001565,2018,0.884,446658.69
POL001565,2019,0.798,424865.4
POL001566,2023,0.852,8527121.36
POL001566,2024,0.622,9262075.32
POL001567,2018,0.922,1837022.82
POL001567,2019,0.936,1719709.4
POL001567,2020,0.613,1889001.53
POL001568,2019,0.911,4322393.19
POL001568,2020,0.75,4354637.29
POL001569,2024,0.886,6040186.38
POL001570,2022,0.854,5541170.09
POL001570,2023,0.871,5427773.72
POL001570,2024,0.932,5874398.95
POL001571,2018,0.643,5611627.84
POL001572,2018,0.995,2273931.84
POL001572,2019,0.995,2188474.65
POL001573,2024,0.921,1296931.22
POL001574,2024,0.709,1870362.73
POL001575,2024,0.671,507047.66
POL001576,2024,0.866,1741143.96
POL001577,2020,0.811,6380574.8
POL001577,2021,0.773,6559166.87
POL001577,2022,0.957,5975479.5
POL001578,2019,0.83,331321.69
POL001579,2023,0.703,643817.07
POL001579,2024,0.724,677317.97
POL001580,2023,0.759,3292784.16
POL001581,2023,0.698,479462.33
POL001582,2019,0.916,669349.54
POL001583,2018,0.922,8289485.75
POL001583,2019,0.889,7501709.98
POL001583,2020,0.906,8369295.01
POL001584,2020,0.908,1016031.15
POL001584,2021,0.602,1065676.73
POL001585,2021,0.777,3649076.57
POL001585,2022,0.87,4144902.62
POL001586,2022,0.634,2692991.6
POL001586,2023,0.764,2965220.49
POL001587,2024,0.778,8136035.61
POL001588,2022,0.754,9228476.27
POL001588,2023,0.968,8961190.25
POL001588,2024,0.794,8695796.05
POL001589,2023,0.748,10011409.98
POL001589,2024,0.831,9719722.79
POL001590,2019,0.624,1592782.76
POL001591,2021,0.641,6904469.31
POL001591,2022,0.891,7045738.4
POL001592,2023,0.647,576153.83
POL001592,2024,0.924,601042.82
POL001593,2021,0.806,1804774.02
POL001594,2023,0.935,3061933.51
POL001594,2024,0.803,3194925.64
POL001595,2022,0.872,1496976.29
POL001595,2023,0.759,1549689.47
POL001595,2024,0.79,1409264.38
POL001596,2020,0.71,9369442.81
POL001596,2021,0.808,8420272.29
POL001597,2021,0.828,867947.16
POL001598,2018,0.791,1580534.39
POL001598,2019,0.776,1615365.31
POL001599,2018,0.904,825887.96
POL001599,2019,0.814,796353.74
POL001599,2020,0.74,782132.59
POL001600,2023,0.652,3021034.73
POL001600,2024,0.929,3147925.61
POL001601,2023,0.608,1078466.94
POL001602,2024,0.831,1400964.48
POL001603,2023,0.963,2569148.17
POL001603,2024,0.72,2583598.75
POL001604,2022,0.717,1912523.88
POL001604,2023,0.632,2052812.39
POL001605,2022,0.841,691673.97
POL001605,2023,0.94,696649.75
POL001606,2024,0.905,897621.85
POL001607,2019,0.757,5912443.36
POL001608,2018,0.814,360030.8
POL001608,2019,0.875,374081.04
POL001609,2018,0.701,255988.73
POL001609,2019,0.715,253155.24
POL001609,2020,0.812,246425.02
POL001610,2024,0.819,4234689.37
POL001611,2024,0.967,2760694.47
POL001612,2023,0.65,656172.83
POL001613,2018,0.624,322937.3
POL001613,2019,0.631,341293.21
POL001613,2020,0.76,304027.82
POL001613,2021,0.897,303541.33
POL001614,2019,0.721,7302200.57
POL001614,2020,0.692,7127130.44
POL001614,2021,0.999,7440873.22
POL001615,2020,0.763,2789711.8
POL001615,2021,0.719,2661757.84
POL001616,2021,0.788,590003.52
POL001616,2022,0.884,579599.93
POL001617,2019,0.81,5100867.43
POL001617,2020,0.684,5044424.34
POL001617,2021,0.848,5416129.21
POL001618,2020,0.68,1893103.59
POL001619,2021,0.818,5883671.76
POL001619,2022,0.876,5878650.32
POL001619,2023,0.896,5498691.76
POL001620,2024,0.935,901157.71
POL001621,2023,0.765,3471852.22
POL001621,2024,0.734,3408204.39
POL001622,2024,0.79,6971218.5
POL001623,2024,0.748,2285600.43
POL001624,2023,0.954,5185785.55
POL001624,2024,0.778,5529920.29
POL001625,2023,0.653,1081734.65
POL001626,2023,0.635,2112536.81
POL001627,2021,0.648,5278506.28
POL001627,2022,0.945,4945262.39
POL001627,2023,0.868,5412933.17
POL001628,2022,0.714,1172621.82
POL001628,2023,0.754,1290366.13
POL001628,2024,0.618,1289440.19
POL001629,2018,0.954,1418102.37
POL001630,2021,0.627,2002400
POL001630,2022,0.728,1931668.19
POL001631,2023,0.804,4728377.78
POL001632,2020,0.827,2781996.35
POL001632,2021,0.667,2792700.3
POL001633,2023,0.632,2260614.6
POL001633,2024,0.65,2062180.79
POL001634,2023,0.842,4334898
POL001634,2024,0.735,4443319.39
POL001635,2021,0.847,825592.57
POL001635,2022,0.995,814898.39
POL001636,2019,0.768,1694941.23
POL001637,2022,0.967,7415810.81
POL001637,2023,0.859,7821381.35
POL001638,2020,0.615,2736233.42
POL001639,2023,0.969,954942.07
POL001640,2024,0.902,1101377.13
POL001641,2019,0.672,4619729.85
POL001641,2020,0.925,4799044.81
POL001642,2019,0.654,821330.18
POL001642,2020,0.741,816029.28
POL001642,2021,0.875,767828.91
POL001643,2020,0.976,513981.57
POL001643,2021,0.601,495272.47
POL001644,2021,0.673,599567.05
POL001644,2022,0.636,586176.29
POL001645,2021,0.739,2026699.81
POL001645,2022,0.752,2235412.66
POL001646,2021,0.928,4617560.13
POL001646,2022,0.939,5147955.3
POL001646,2023,0.715,4730494.13
POL001647,2018,0.818,1154445.96
POL001647,2019,0.98,1147009.18
POL001648,2019,0.775,1178951.75
POL001648,2020,0.823,1172283.97
POL001649,2018,0.669,6214692.06
POL001650,2018,0.858,583487.58
POL001650,2019,0.922,608222.97
POL001650,2020,0.604,623956.03
POL001651,2018,0.823,404427.92
POL001651,2019,0.678,403957.52
POL001652,2019,0.791,2695154.1
POL001653,2021,0.728,1719067.26
POL001653,2022,0.925,1648652.63
POL001654,2020,0.849,2568775.68
POL001654,2021,0.863,2729283.13
POL001654,2022,0.939,2833074.42
POL001655,2020,0.862,1051933.44
POL001656,2021,0.7,7262371.83
POL001656,2022,0.734,8186506.5
POL001657,2019,0.74,4460366.44
POL001657,2020,0.924,4475313.86
POL001657,2021,0.786,4300060.54
POL001658,2022,0.847,3058979.04
POL001658,2023,0.851,3139747.14
POL001659,2020,0.612,2934090.43
POL001659,2021,0.727,2817239.26
POL001659,2022,0.715,2988478.63
POL001660,2018,0.659,1307922.32
POL001661,2019,0.782,4477181.76
POL001661,2020,0.708,4144516.24
POL001661,2021,0.816,4230255.51
POL001662,2021,0.936,1346555.17
POL001662,2022,0.617,1483915.81
POL001662,2023,0.647,1399625.79
POL001663,2021,0.693,3433467.87
POL001663,2022,0.619,3560474.5
POL001664,2023,0.633,3088916.78
POL001665,2024,0.674,693873.04
POL001666,2019,0.607,1211728.86
POL001667,2022,0.911,1399505.99
POL001667,2023,0.876,1237048.41
POL001667,2024,0.832,1286855.83
POL001668,2018,0.845,2787836.82
POL001668,2019,0.674,2685619.87
POL001668,2020,0.85,2682025.29
POL001669,2022,0.984,4941172.65
POL001669,2023,0.634,5003192.12
POL001670,2024,0.79,2283138.53
POL001671,2021,0.608,209349.93
POL001671,2022,0.622,208512.61
POL001672,2019,0.608,2073110.03
POL001672,2020,0.743,2163979.18
POL001672,2021,0.808,2096108.4
POL001673,2018,0.908,5095232.24
POL001673,2019,0.989,5006750.38
POL001673,2020,0.872,5318476.75
POL001674,2020,0.988,1897667.39
POL001674,2021,0.634,2073866.24
POL001675,2024,0.912,1755868.21
POL001676,2020,0.729,2186078.73
POL001676,2021,0.991,2162739.87
POL001677,2020,0.964,527324.49
POL001677,2021,0.708,538412.59
POL001678,2021,0.633,5372798.09
POL001679,2023,0.741,1151210.06
POL001679,2024,0.85,1149173.07
POL001680,2024,0.756,306277.25
POL001681,2019,0.682,6178415.29
POL001681,2020,0.848,5379712.28
POL001682,2019,0.92,3547023.54
POL001682,2020,0.95,3779397.73
POL001682,2021,0.763,3488329.53
POL001682,2022,0.982,3719438.25
POL001683,2020,0.785,1161446.88
POL001683,2021,0.824,1178442.57
POL001684,2019,0.81,2062061.63
POL001685,2019,0.762,1854209.26
POL001685,2020,0.907,1733536.78
POL001686,2023,0.877,4019068.11
POL001686,2024,0.827,4112825.55
POL001687,2022,0.817,1057837.21
POL001687,2023,0.694,1142097
POL001687,2024,0.791,1064156.81
POL001688,2024,0.763,1600626.58
POL001689,2023,0.885,2339647.62
POL001689,2024,0.729,2151710.95
POL001690,2020,0.868,1504316.82
POL001691,2023,0.946,481154.43
POL001692,2021,0.639,6096140.7
POL001692,2022,0.709,5680867.56
POL001692,2023,0.786,6477243.47
POL001693,2018,0.946,2474570.02
POL001694,2023,0.926,1028114.75
POL001695,2019,0.998,1515988.86
POL001695,2020,0.928,1399253.65
POL001695,2021,0.696,1410641.37
POL001696,2020,0.804,1780127.29
POL001696,2021,0.884,1802618.77
POL001696,2022,0.803,1727904.22
POL001697,2021,0.922,2472986.5
POL001697,2022,0.632,2432096.39
POL001697,2023,0.933,2461193.23
POL001698,2022,0.856,7616378.42
POL001699,2021,0.828,2443471.94
POL001700,2022,0.973,489598.29
POL001701,2024,0.692,4320387.4
POL001702,2023,0.888,1574534.28
POL001703,2020,0.853,10692975.18
POL001704,2023,0.838,2966429.66
POL001704,2024,0.627,2877802.13
POL001705,2021,0.841,3028863.43
POL001705,2022,0.692,3026090.16
POL001705,2023,0.859,2806077.09
POL001705,2024,0.655,2774028.57
POL001706,2019,0.64,2494784.13
POL001706,2020,0.719,2707236.32
POL001706,2021,0.873,2616272.19
POL001706,2022,0.938,2622296.85
POL001707,2023,0.619,1063989.43
POL001708,2018,0.64,1049915.5
POL001708,2019,0.684,1061458.62
POL001709,2019,0.843,715601.6
POL001709,2020,0.777,699791.83
POL001709,2021,0.947,713957.91
POL001709,2022,0.603,788873.46
POL001710,2022,0.685,6023119.68
POL001710,2023,0.739,6602688.52
POL001711,2024,0.695,1021626.78
POL001712,2023,0.952,996816.16
POL001713,2021,0.939,2812381.7
POL001714,2020,0.888,670741.61
POL001715,2019,0.635,865526.08
POL001715,2020,0.748,927493.87
POL001716,2019,0.805,4330395.79
POL001716,2020,0.693,4254347.7
POL001716,2021,0.639,4592523.58
POL001717,2019,0.843,731914.68
POL001717,2020,0.743,814783.04
POL001718,2021,0.766,3001603.03
POL001718,2022,0.939,2847974.52
POL001719,2023,0.698,630795.62
POL001719,2024,0.936,555479.87
POL001720,2018,0.796,669488.46
POL001721,2024,0.752,571347.91
POL001722,2023,0.907,1040990.75
POL001722,2024,0.741,1057972.32
POL001723,2022,0.954,1936529.32
POL001723,2023,0.868,1775026.62
POL001724,2022,0.766,2023726.09
POL001725,2023,0.738,1323792.52
POL001725,2024,0.666,1149417.31
POL001726,2018,0.835,2680482.99
POL001726,2019,0.601,2505330.75
POL001727,2020,0.789,1163351.85
POL001728,2024,0.749,561602.18
POL001729,2020,0.971,4764047.94
POL001729,2021,0.852,4895609.11
POL001729,2022,0.757,5042738.29
POL001730,2024,0.932,1651325.28
POL001731,2018,0.794,1783926.43
POL001731,2019,0.876,1712685.56
POL001732,2022,0.74,1879847.16
POL001733,2020,0.976,6909049.15
POL001733,2021,0.795,7055090.05
POL001733,2022,0.958,7157597
POL001733,2023,0.787,6851271.11
POL001734,2022,0.984,2901849.61
POL001735,2019,0.822,3484129.1
POL001735,2020,0.666,3390110.45
POL001735,2021,0.946,3458564.12
POL001735,2022,0.602,3184027.15
POL001736,2018,0.904,3437095.28
POL001737,2018,0.856,1404376.45
POL001737,2019,0.807,1356050.64
POL001738,2019,0.925,1250934.29
POL001739,2022,0.673,1704553.02
POL001739,2023,0.725,1615830.96
POL001739,2024,0.894,1720894.89
POL001740,2022,0.718,7129737.93
POL001740,2023,0.618,7252905.29
POL001740,2024,0.606,7382223.29
POL001741,2019,0.889,3802193.58
POL001741,2020,0.774,3956556.29
POL001742,2021,0.637,842135.35
POL001743,2024,0.654,3402372.95
POL001744,2020,0.609,209841.5
POL001744,2021,0.677,193724.92
POL001745,2020,0.729,3431269.35
POL001745,2021,0.918,3548802.76
POL001746,2021,0.862,2231145.99
POL001747,2024,0.794,1747291.04
POL001748,2022,0.76,1623488.23
POL001749,2023,0.787,1506971.8
POL001749,2024,0.799,1511098
POL001750,2023,0.841,406324.85
POL001751,2024,0.99,4795811.08
POL001752,2023,0.958,1521302.71
POL001752,2024,0.824,1442567.89
POL001753,2022,0.699,14447390.25
POL001754,2023,0.989,3732905.33
POL001754,2024,0.833,3874856.09
POL001755,2023,0.81,3241329.45
POL001755,2024,0.635,3135498.87
POL001756,2021,0.788,2468729.41
POL001757,2022,0.604,2764369.86
POL001757,2023,0.856,2863144.9
POL001758,2018,0.712,396587.7
POL001758,2019,0.739,409763.28
POL001759,2022,0.774,2265985.46
POL001759,2023,0.732,2378383.46
POL001760,2021,0.77,513102.19
POL001760,2022,0.65,542273.86
POL001761,2018,0.808,5513733.56
POL001761,2019,0.704,5818904.65
POL001762,2019,0.711,3190841.35
POL001762,2020,0.785,3317477.01
POL001762,2021,0.662,2968309.27
POL001763,2023,0.633,1568315.1
POL001764,2019,0.671,981188.98
POL001765,2021,0.634,2358003.76
POL001765,2022,0.625,2312886.26
POL001765,2023,0.893,2602176.05
POL001766,2023,0.791,3745758.23
POL001766,2024,0.944,3605526.6
POL001767,2019,0.992,5858474.73
POL001767,2020,0.656,6230573.47
POL001768,2020,0.702,12348622.86
POL001768,2021,0.694,12347596.87
POL001769,2020,0.893,434579.47
POL001770,2019,0.884,5451848.97
POL001770,2020,0.804,5737582.59
POL001770,2021,0.844,5874395.71
POL001771,2024,0.953,9494047.85
POL001772,2022,0.833,2502075.34
POL001773,2020,0.628,893458.79
POL001773,2021,0.915,994152.44
POL001774,2018,0.876,1868142.88
POL001775,2019,0.971,658317.25
POL001775,2020,0.824,705755.61
POL001776,2020,0.652,1540165.11
POL001777,2018,0.912,926103.11
POL001778,2023,0.887,2024027.48
POL001778,2024,0.856,1998618.35
POL001779,2018,0.82,1796164.22
POL001780,2018,0.647,475088.97
POL001781,2024,0.726,5726658.79
POL001782,2023,0.962,3494863.62
POL001783,2021,0.816,2883736.8
POL001784,2018,0.812,407640.11
POL001784,2019,0.951,414294.07
POL001784,2020,0.881,414735.62
POL001785,2019,0.855,1016283.69
POL001785,2020,0.945,952984.6
POL001785,2021,0.829,994053.92
POL001786,2022,0.772,1289584.59
POL001786,2023,0.885,1442744.05
POL001786,2024,0.985,1485975.68
POL001787,2022,0.617,2371336.89
POL001788,2018,0.743,255955.3
POL001789,2022,0.775,1564572.75
POL001789,2023,0.986,1598450.39
POL001789,2024,0.768,1675366.24
POL001790,2023,0.783,552198.09
POL001790,2024,0.829,588875.64
POL001791,2022,0.724,3842038.6
POL001792,2019,0.881,2591095.96
POL001792,2020,0.906,2579576.65
POL001792,2021,0.851,2806312.68
POL001793,2021,0.633,2826034.1
POL001793,2022,0.732,2950596.64
POL001794,2019,0.993,2008046.51
POL001794,2020,0.944,2233498.07
POL001794,2021,0.685,2044977.4
POL001795,2023,0.871,6334272.37
POL001795,2024,0.745,6435806.61
POL001796,2020,0.617,4183926.12
POL001796,2021,0.621,3989657.36
POL001796,2022,0.937,4162389.02
POL001797,2020,0.889,610084.09
POL001797,2021,0.663,604162.04
POL001797,2022,0.698,607563.99
POL001797,2023,0.923,531458.87
POL001798,2022,0.709,1240889.68
POL001799,2019,0.861,1104381.76
POL001799,2020,0.798,1173679.43
POL001800,2024,0.673,4132251.03
POL001801,2019,0.858,1568467.84
POL001802,2022,0.932,1360284.72
POL001802,2023,0.927,1257656.52
POL001803,2022,0.71,816762.14
POL001803,2023,0.757,831498.17
POL001804,2022,0.868,500693.26
POL001805,2019,0.748,4293373.02
POL001805,2020,0.808,4034814.15
POL001805,2021,0.984,4233263.59
POL001806,2020,0.96,2209340.9
POL001806,2021,0.917,2280304.36
POL001806,2022,0.654,2271525.29
POL001806,2023,0.892,2110216.5
POL001807,2024,0.629,2665376.33
POL001808,2018,0.937,353171.39
POL001809,2020,0.753,4075557.24
POL001810,2024,0.698,5463023.83
POL001811,2021,0.823,1986226.42
POL001811,2022,0.729,1867551.69
POL001812,2020,0.957,2115155.76
POL001812,2021,0.86,2182137.64
POL001813,2023,0.666,2779599.99
POL001813,2024,0.775,3157956.28
POL001814,2021,0.919,3662910.2
POL001814,2022,0.924,4082623.96
POL001814,2023,0.949,3664142.72
POL001814,2024,0.636,3693214.01
POL001815,2020,0.973,2341698.89
POL001816,2024,0.614,4011085.62
POL001817,2020,0.812,1587209.9
POL001817,2021,0.696,1463274.46
POL001817,2022,0.672,1508891.76
POL001817,2023,0.602,1459108.9
POL001818,2023,0.932,1912552.56
POL001818,2024,0.738,1775810.06
POL001819,2023,0.85,3265360.17
POL001819,2024,0.971,3133761.25
POL001820,2021,0.679,7617567.89
POL001820,2022,0.752,8215593.82
POL001821,2021,0.989,2042057.93
POL001821,2022,0.75,2175006.5
POL001821,2023,0.799,2048954.84
POL001822,2022,0.846,17381593.67
POL001822,2023,0.834,18777238.97
POL001823,2020,0.883,9440659.25
POL001823,2021,0.652,8653205.19
POL001824,2020,0.95,2033153.66
POL001824,2021,0.814,2044622.3
POL001824,2022,0.771,1803138.17
POL001824,2023,0.928,2037680.01
POL001825,2024,0.971,1494986.01
POL001826,2018,0.609,1080139.38
POL001826,2019,0.681,1045851.11
POL001827,2018,0.905,676459.55
POL001827,2019,0.736,636489.02
POL001828,2021,0.796,1842677.13
POL001828,2022,0.81,1714668.65
POL001828,2023,0.767,1681764.3
POL001829,2023,0.973,554240.67
POL001829,2024,0.798,577726.05
POL001830,2019,0.903,781381.19
POL001830,2020,0.875,703887.88
POL001830,2021,0.778,791514.31
POL001831,2019,0.982,2939757.33
POL001832,2022,0.89,7305167.66
POL001832,2023,0.857,7210191.18
POL001833,2021,0.945,1985528.61
POL001834,2021,0.81,4426322.38
POL001834,2022,0.708,3899430.04
POL001834,2023,0.843,4270640
POL001835,2021,0.734,2800426.42
POL001835,2022,0.986,3029879.62
POL001836,2023,0.618,1803695.38
POL001836,2024,0.85,1889400.38
POL001837,2020,0.826,801668.08
POL001838,2020,0.762,480728.83
POL001838,2021,0.84,485229.59
POL001839,2019,0.806,1387953.74
POL001839,2020,0.745,1350324.3
POL001839,2021,0.937,1261915.19
POL001839,2022,0.769,1373072.49
POL001840,2023,0.984,1632763.93
POL001841,2020,0.65,849608.71
POL001841,2021,0.743,867502.66
POL001842,2019,0.862,377039.19
POL001843,2024,0.714,1010792.83
POL001844,2018,0.708,2214140.11
POL001844,2019,0.79,2305861.36
POL001845,2019,0.99,625000.36
POL001845,2020,0.722,607441.82
POL001845,2021,0.937,672209.76
POL001846,2021,0.94,2166205.87
POL001846,2022,0.79,2096954.49
POL001846,2023,0.935,1999905.71
POL001847,2020,0.768,2115519.29
POL001847,2021,0.904,2262701.02
POL001848,2018,0.631,939027.3
POL001849,2024,0.616,3284990.55
POL001850,2020,0.786,4071142.57
POL001850,2021,0.656,4248475.79
POL001850,2022,0.877,4350638.47
POL001851,2023,0.648,780103.48
POL001851,2024,0.735,822325.89
POL001852,2024,0.775,735732.88
POL001853,2021,0.962,2284342.53
POL001853,2022,0.929,2279160.14
POL001854,2024,0.881,3663251.01
POL001855,2022,0.919,1120884.33
POL001855,2023,0.96,1022689.32
POL001856,2019,0.615,2006597.18
POL001857,2024,0.769,654881.91
POL001858,2018,0.854,1488459.45
POL001858,2019,0.612,1700731.11
POL001859,2019,0.64,2580556.51
POL001859,2020,0.867,2508017.38
POL001859,2021,0.774,2608663.32
POL001860,2022,0.762,1537309.72
POL001861,2021,0.863,1362886.74
POL001861,2022,0.76,1246918.19
POL001861,2023,0.997,1221778.34
POL001861,2024,0.816,1248184.83
POL001862,2018,0.63,2129602.57
POL001863,2020,0.914,1942971.71
POL001863,2021,0.938,2065349.49
POL001863,2022,0.959,2025478.09
POL001864,2020,0.945,2104549.17
POL001864,2021,0.825,1911350.75
POL001864,2022,0.89,2136653.04
POL001864,2023,0.951,1920523.49
POL001865,2018,0.926,2024992.54
POL001866,2021,0.615,1168590.37
POL001867,2020,0.86,19914601.07
POL001867,2021,0.711,21499813.01
POL001867,2022,0.709,20148401.88
POL001868,2020,0.787,2059532.44
POL001868,2021,0.854,2187862.74
POL001869,2019,0.613,925748.15
POL001870,2019,0.934,911844.29
POL001870,2020,0.612,899434.66
POL001870,2021,0.914,936057.33
POL001870,2022,0.856,833969.12
POL001871,2020,0.848,363479.2
POL001871,2021,0.608,358915.3
POL001872,2020,0.96,1674127.81
POL001872,2021,0.761,1573485.12
POL001872,2022,0.628,1798618.81
POL001873,2023,0.718,3294983.75
POL001873,2024,0.977,3210924.49
POL001874,2022,0.828,341947.73
POL001875,2022,0.768,8756278.45
POL001875,2023,0.91,9170566.6
POL001876,2024,0.975,733704.7
POL001877,2019,0.947,331162.71
POL001877,2020,0.77,344045.95
POL001878,2023,0.759,1217337.85
POL001879,2018,0.961,2670912.37
POL001879,2019,0.909,2456865.41
POL001879,2020,0.61,2653055.43
POL001880,2021,0.612,2117661.27
POL001881,2020,0.936,4996863.25
POL001882,2022,0.977,379207.64
POL001882,2023,0.881,358565.6
POL001883,2018,0.609,1163929.32
POL001883,2019,0.872,1237470.46
POL001884,2018,0.666,5557799.44
POL001884,2019,0.79,5634923.85
POL001884,2020,0.9,5171330.63
POL001885,2022,0.812,2382919.5
POL001885,2023,0.725,2172770.33
POL001885,2024,0.957,2244522.9
POL001886,2018,0.658,4619382.86
POL001886,2019,0.823,4960598.62
POL001887,2019,0.847,6473025.08
POL001888,2021,0.729,2531790.39
POL001888,2022,0.719,2798146.09
POL001888,2023,0.922,2674076.84
POL001888,2024,0.915,2531993.24
POL001889,2018,0.704,5052326.39
POL001890,2022,0.846,3998111.88
POL001890,2023,0.94,4346506.58
POL001891,2023,0.88,826012.94
POL001891,2024,0.916,860490.39
POL001892,2024,0.848,3167586.89
POL001893,2023,0.832,399358.36
POL001894,2023,0.761,3803415.73
POL001894,2024,0.627,4012261.57
POL001895,2021,0.988,2857358.03
POL001896,2021,0.992,1220589.29
POL001897,2024,0.68,1394837.53
POL001898,2021,0.666,827061.02
POL001898,2022,0.827,820984.96
POL001898,2023,0.818,738154.2
POL001899,2022,0.851,1189728.4
POL001899,2023,0.811,1178525.73
POL001899,2024,0.683,1255958.33
POL001900,2020,0.766,47757504.94
POL001900,2021,0.829,42403292.57
POL001901,2023,0.952,1618363.01
POL001901,2024,0.684,1574843.06
POL001902,2023,0.855,2205540.19
POL001902,2024,0.729,2304182.41
POL001903,2021,0.684,1702569.22
POL001903,2022,0.786,1834164.63
POL001903,2023,0.698,1770201.1
POL001903,2024,0.986,1801257.04
POL001904,2018,0.641,2594037.38
POL001904,2019,0.884,2433883.85
POL001905,2022,0.793,2264001.7
POL001905,2023,0.771,2513630.45
POL001906,2021,0.69,1614159.62
POL001906,2022,0.934,1504254.03
POL001907,2021,0.632,3619505.75
POL001907,2022,0.943,3526690.05
POL001908,2020,0.728,1798254.22
POL001908,2021,0.901,1911946.39
POL001909,2020,0.611,768969.14
POL001910,2024,0.969,897421.68
POL001911,2019,0.998,1560962.04
POL001911,2020,0.672,1732284.43
POL001912,2023,0.613,6566126.58
POL001912,2024,0.832,7384137.46
POL001913,2023,0.975,1000132.24
POL001913,2024,0.696,919803.15
POL001914,2022,0.721,1233264.9
POL001914,2023,0.622,1403420.25
POL001914,2024,0.928,1251970.04
POL001915,2024,0.762,1386771.38
POL001916,2018,0.74,771314.16
POL001916,2019,0.641,734595.21
POL001916,2020,0.614,707284.9
POL001917,2021,0.774,858875.49
POL001917,2022,0.996,820429.57
POL001918,2022,0.665,1380314.59
POL001918,2023,0.875,1327280.63
POL001918,2024,0.7,1305289.92
POL001919,2022,0.621,440788.22
POL001919,2023,0.706,463966.23
POL001919,2024,0.84,448149.79
POL001920,2021,0.615,6320271.77
POL001920,2022,0.956,5964177.95
POL001921,2020,0.603,1576419.4
POL001921,2021,0.692,1652416.83
POL001921,2022,0.683,1677049.95
POL001922,2023,0.604,1399583.23
POL001923,2024,0.972,4043322.2
POL001924,2018,0.838,1312674.2
POL001924,2019,0.7,1333637.4
POL001925,2019,0.664,2682528.52
POL001925,2020,0.607,2554612.32
POL001925,2021,0.695,2596268.59
POL001925,2022,0.898,2773066.91
POL001926,2024,0.623,1072870.43
POL001927,2022,0.961,3501762.72
POL001927,2023,0.693,3590298.81
POL001928,2020,0.932,1245091.84
POL001929,2019,0.798,2058689.37
POL001929,2020,0.628,1828598.97
POL001930,2019,0.98,613869.02
POL001930,2020,0.674,676496.23
POL001930,2021,0.743,637246.48
POL001931,2021,0.915,1664069.7
POL001932,2023,0.892,945402.92
POL001933,2022,0.816,1872307.2
POL001934,2024,0.796,2070863.58
POL001935,2021,0.621,4836472.89
POL001936,2020,0.719,4238665.93
POL001937,2024,0.629,5806931.29
POL001938,2019,0.717,728291.6
POL001938,2020,0.667,782859.16
POL001939,2023,0.706,2622122.03
POL001939,2024,0.918,2412100.6
POL001940,2024,0.672,1694429.25
POL001941,2018,0.63,866370.96
POL001942,2018,0.615,4242835.38
POL001943,2024,0.708,8547424.9
POL001944,2019,0.669,1457988.52
POL001944,2020,0.699,1503141.12
POL001945,2022,0.995,1093040.28
POL001946,2021,0.722,1782996.5
POL001946,2022,0.842,1627238.6
POL001947,2021,0.994,4063381.21
POL001947,2022,0.672,4213568.09
POL001947,2023,0.84,4272450.79
POL001948,2024,0.775,1817727.55
POL001949,2023,0.788,473511.9
POL001949,2024,0.661,477555.84
POL001950,2024,0.651,4991270.27
POL001951,2019,0.808,2379260.15
POL001951,2020,0.977,2459654.27
POL001951,2021,0.873,2596981.5
POL001951,2022,0.85,2315569.6
POL001952,2018,0.67,1278626.83
POL001952,2019,0.938,1353126.24
POL001953,2023,0.941,5393355.68
POL001953,2024,0.917,4891844.32
POL001954,2023,0.853,342664.5
POL001955,2018,0.972,3959400.86
POL001955,2019,0.868,4140949.59
POL001955,2020,0.721,4221419.11
POL001956,2021,0.754,1055393.5
POL001957,2018,0.737,952191.16
POL001958,2022,0.86,12519500.65
POL001959,2024,0.67,544180.27
POL001960,2022,0.836,2465364.89
POL001960,2023,0.757,2227492.46
POL001960,2024,0.983,2456262.56
POL001961,2021,0.929,4144858.91
POL001961,2022,0.994,4025479.2
POL001961,2023,0.636,3914590.66
POL001962,2021,0.999,3966474.41
POL001962,2022,0.92,4263577.72
POL001963,2018,0.804,8173366.98
POL001964,2018,0.887,4467650.23
POL001964,2019,0.978,4180864.2
POL001965,2019,0.607,1908615.66
POL001965,2020,0.991,1797022.74
POL001966,2021,0.757,7160814.65
POL001966,2022,0.68,7618348.97
POL001966,2023,0.693,7311442.24
POL001967,2019,0.678,773064.77
POL001967,2020,0.965,788103.11
POL001967,2021,0.903,855268.4
POL001968,2022,0.768,6035627.28
POL001969,2022,0.977,1415410.5
POL001969,2023,0.796,1371565.57
POL001970,2021,0.941,3380798.08
POL001970,2022,0.606,3515225.89
POL001971,2020,0.923,3864814
POL001972,2020,0.649,456562.27
POL001973,2020,0.78,1219795.1
POL001973,2021,0.911,1299555.49
POL001973,2022,0.632,1211941.86
POL001974,2021,0.824,1297840.64
POL001974,2022,0.784,1333012.54
POL001975,2022,0.846,1085545.54
POL001975,2023,0.706,1198360.9
POL001976,2023,0.85,1478016.75
POL001976,2024,0.611,1552812.46
POL001977,2022,0.626,2187090.44
POL001978,2024,0.669,8249545.39
POL001979,2023,0.862,6727952.5
POL001979,2024,0.995,7042451.43
POL001980,2023,0.667,7446802.49
POL001980,2024,0.702,7418610.58
POL001981,2018,0.951,300722.6
POL001982,2022,0.812,7298457.39
POL001983,2023,0.757,923893.93
POL001983,2024,0.823,823228.4
POL001984,2022,0.95,2155152.85
POL001985,2024,0.699,2944850.75
POL001986,2024,0.673,1131451.02
POL001987,2024,0.806,2966365.07
POL001988,2020,0.854,902753.8
POL001988,2021,0.812,980719.51
POL001988,2022,0.901,860155.54
POL001988,2023,0.848,958430.28
POL001989,2019,0.629,3685528.29
POL001989,2020,0.88,3493977.8
POL001990,2022,0.885,4862398.21
POL001991,2019,0.969,4950898.3
POL001991,2020,0.633,4341022.29
POL001992,2024,0.9,149583.62
POL001993,2021,0.861,934150.3
POL001993,2022,0.887,954678.93
POL001993,2023,0.662,916489.24
POL001993,2024,0.621,932179.11
POL001994,2020,0.709,635911.52
POL001994,2021,0.943,638826.97
POL001994,2022,0.742,609107.03
POL001995,2019,0.945,2057948.14
POL001996,2019,0.762,3425026.03
POL001997,2021,0.795,1365493.31
POL001997,2022,0.825,1338681.42
POL001998,2020,0.777,5080208.35
POL001999,2020,0.854,389988.65
POL002000,2019,0.816,15500967.39
POL002000,2020,0.788,15325199.3
POL002001,2019,0.669,765514.96
POL002001,2020,0.66,789045.01
POL002002,2020,0.909,1461691.26
POL002002,2021,0.739,1603131.78
POL002002,2022,0.969,1524312.02
POL002003,2023,0.709,2567547.31
POL002003,2024,0.982,2472202.83
POL002004,2022,0.759,2297844.54
POL002005,2018,0.756,3682922.79
POL002005,2019,0.92,4023999.6
POL002006,2018,0.92,975624
POL002007,2022,0.783,3723151.92
POL002007,2023,0.772,3761698.34
POL002008,2018,0.94,8135475.89
POL002008,2019,0.988,8646557.76
POL002009,2023,0.756,3955576.38
POL002010,2020,0.792,3595055.54
POL002011,2018,0.875,1070193.35
POL002012,2018,0.987,2580481.04
POL002013,2023,0.927,8386519.3
POL002014,2019,0.805,2316405.91
POL002014,2020,0.899,2392063.57
POL002014,2021,0.634,2350121.06
POL002014,2022,0.879,2238026.96
POL002015,2022,0.663,3361124.03
POL002016,2021,0.804,882926.37
POL002017,2023,0.664,1624740.39
POL002017,2024,0.86,1743672.41
POL002018,2022,0.904,3404718.02
POL002018,2023,0.997,3392373.85
POL002018,2024,0.727,3379655.7
POL002019,2021,0.871,1715465.68
POL002020,2024,0.857,4810085.83
POL002021,2024,0.638,3882478.21
POL002022,2018,0.96,3081333
POL002023,2018,0.846,465183.07
POL002023,2019,0.624,463764.6
POL002024,2018,0.747,3793142.44
POL002024,2019,0.99,4148426.6
POL002024,2020,0.901,3959635.88
POL002024,2021,0.831,4033860.06
POL002025,2018,0.733,4380910.15
POL002025,2019,0.957,4859581.76
POL002026,2019,0.847,5126261.91
POL002026,2020,0.871,5085501.47
POL002026,2021,0.807,4925847.35
POL002026,2022,0.7,5489175.94
POL002027,2023,0.743,570700.36
POL002027,2024,0.711,592629.84
POL002028,2023,0.862,3435053.81
POL002028,2024,0.87,3132199.54
POL002029,2019,0.803,21907347.16
POL002029,2020,0.765,19796173.33
POL002030,2018,0.736,2856589.09
POL002030,2019,0.602,2925140.46
POL002031,2023,0.746,1133447.39
POL002031,2024,0.653,1132021.73
POL002032,2022,0.877,1651223.46
POL002032,2023,0.83,1807897.38
POL002033,2024,0.99,2941575.69
POL002034,2020,0.703,12515575.37
POL002034,2021,0.909,12001642.31
POL002035,2023,0.702,2819651.79
POL002035,2024,0.613,2615208.96
POL002036,2022,0.754,4668898.02
POL002037,2024,0.831,646747.65
POL002038,2024,0.831,2000260.2
POL002039,2021,0.749,463432.67
POL002040,2023,0.975,1550261.36
POL002041,2020,0.645,1236396.12
POL002041,2021,0.954,1187944.07
POL002041,2022,0.643,1304596.7
POL002042,2022,0.882,1512700.46
POL002042,2023,0.98,1628206.13
POL002043,2018,0.864,320244.6
POL002043,2019,0.923,361577.41
POL002043,2020,0.748,330619.34
POL002044,2020,0.985,3470845.31
POL002044,2021,0.902,3186538.14
POL002044,2022,0.965,3403246.65
POL002045,2022,0.867,4148539.5
POL002046,2018,0.655,4766049.17
POL002046,2019,0.916,4918528.86
POL002046,2020,0.615,4454376.67
POL002046,2021,0.641,4955404.11
POL002047,2023,0.89,1274389.73
POL002047,2024,0.985,1399269.79
POL002048,2019,0.712,1637882.38
POL002049,2022,0.984,916695.11
POL002049,2023,0.654,912318.86
POL002049,2024,0.983,964966.48
POL002050,2018,0.738,1960699.84
POL002051,2021,0.864,284379.92
POL002051,2022,0.982,284626.69
POL002052,2018,0.841,3067464.85
POL002052,2019,0.64,3212983.59
POL002053,2023,0.986,371723.4
POL002053,2024,0.636,377928.47
POL002054,2019,0.933,2913028.08
POL002055,2021,0.817,6178666.8
POL002056,2023,0.968,286005.94
POL002057,2023,0.975,3760299.8
POL002058,2022,0.817,1492260.4
POL002059,2021,0.978,1794226.87
POL002059,2022,0.782,1780052.62
POL002060,2019,0.827,468840.03
POL002060,2020,0.987,452465.27
POL002060,2021,0.88,460600.91
POL002061,2023,0.846,1031977.15
POL002061,2024,0.993,1074748.09
POL002062,2021,0.738,6611027.86
POL002062,2022,0.628,7295848.4
POL002063,2024,0.676,845989.61
POL002064,2022,0.763,1376214.46
POL002064,2023,0.924,1418893.94
POL002064,2024,0.697,1340808.81
POL002065,2018,0.657,565024.87
POL002066,2021,0.79,8721412.53
POL002067,2023,0.803,752759.89
POL002067,2024,0.607,685877.66
POL002068,2018,0.631,487853.6
POL002068,2019,0.804,458680.03
POL002068,2020,0.808,449155.88
POL002069,2020,0.703,1073841.88
POL002069,2021,0.833,1017277.78
POL002069,2022,0.602,1042649.3
POL002070,2022,0.793,2331371.9
POL002070,2023,0.948,2367823.35
POL002071,2023,0.769,5614765.41
POL002071,2024,0.911,5374993.66
POL002072,2018,0.854,1114766.6
POL002072,2019,0.651,1083809.37
POL002073,2024,0.622,1707262.86
POL002074,2019,0.735,583191.16
POL002075,2023,0.635,1511995.09
POL002075,2024,0.901,1543732.05
POL002076,2024,0.996,4284192.66
POL002077,2023,0.918,2328864.73
POL002077,2024,0.708,2221683.3
POL002078,2019,0.782,1903207.46
POL002078,2020,0.813,1655078.83
POL002078,2021,0.642,1662442.26
POL002079,2021,0.624,2852959.44
POL002080,2022,0.947,599075.9
POL002081,2020,0.637,3892443.02
POL002081,2021,0.883,3558062.32
POL002082,2021,0.777,2048946.21
POL002082,2022,0.907,1855522.3
POL002082,2023,0.842,1923169.67
POL002083,2021,0.825,1509389.57
POL002084,2018,0.778,4407581.72
POL002084,2019,0.778,4694377.46
POL002084,2020,0.79,4629849.94
POL002085,2023,0.608,846278.86
POL002085,2024,0.787,761843.74
POL002086,2019,0.961,3827891.59
POL002086,2020,0.722,3688218.71
POL002087,2024,0.982,2385050.42
POL002088,2022,0.962,2304979.39
POL002088,2023,0.807,2501723.97
POL002089,2018,0.932,1469434.02
POL002089,2019,0.791,1405505.92
POL002089,2020,0.728,1351943.41
POL002090,2023,0.622,4892951.65
POL002091,2021,0.781,1835600.87
POL002091,2022,0.713,1857839.55
POL002092,2023,0.976,10638010.63
POL002092,2024,0.616,10510415.56
POL002093,2022,0.971,1551193.26
POL002093,2023,0.794,1626473.84
POL002093,2024,0.741,1575454.25
POL002094,2019,0.911,4336675.84
POL002095,2019,0.762,3375999.33
POL002095,2020,0.971,3264162.11
POL002096,2018,0.685,943482.25
POL002097,2020,0.77,14710775.8
POL002097,2021,0.741,14258315.15
POL002098,2021,0.82,1570581.5
POL002098,2022,0.858,1562828.3
POL002098,2023,0.773,1701650.66
POL002098,2024,0.879,1561102.33
POL002099,2018,0.808,2242782.7
POL002099,2019,0.924,2359579.94
POL002100,2020,0.795,486171.21
POL002100,2021,0.834,519459.75
POL002100,2022,0.641,487646.81
POL002100,2023,0.828,515396.49
POL002101,2023,0.949,3414958.95
POL002101,2024,0.873,3004406.3
POL002102,2019,0.97,6073929.38
POL002102,2020,0.669,6149268.82
POL002103,2024,0.97,917849.72
POL002104,2023,0.725,7747132.38
POL002105,2022,0.914,5854838.57
POL002106,2024,0.814,9595619.51
POL002107,2022,0.997,2667514.48
POL002107,2023,0.81,2980397.98
POL002108,2020,0.809,6749749.92
POL002108,2021,0.838,6649666.68
POL002108,2022,0.758,6538748.75
POL002109,2023,0.893,578605.09
POL002109,2024,0.674,587445.64
POL002110,2023,0.918,5326514.52
POL002111,2018,0.625,985258
POL002111,2019,0.92,1005840.17
POL002111,2020,0.791,1055261.19
POL002112,2022,0.824,17240386.95
POL002113,2018,0.683,1072704.16
POL002114,2020,0.886,3187148.1
POL002115,2018,0.784,1116269.2
POL002116,2018,0.861,1088289.41
POL002117,2022,0.692,4022022.06
POL002118,2021,0.765,789304.6
POL002118,2022,0.634,870175.39
POL002118,2023,0.7,818455.55
POL002118,2024,0.808,797789.08
POL002119,2018,0.678,2341782.66
POL002120,2023,0.674,967626.41
POL002121,2019,0.871,8935665.82
POL002121,2020,0.687,8879060.51
POL002122,2023,0.732,3715655.52
POL002122,2024,0.901,3620977.84
POL002123,2021,0.987,3733013.4
POL002123,2022,0.65,3553251.16
POL002124,2021,0.882,920218.25
POL002125,2021,0.817,2473845.43
POL002126,2018,0.673,1402356.28
POL002127,2022,0.956,4341313.52
POL002128,2019,0.998,6447218.79
POL002129,2018,0.991,2092728.96
POL002130,2023,0.761,3548577.88
POL002131,2024,0.755,588018.35
POL002132,2023,0.88,1702202.87
POL002132,2024,0.73,1932582.61
POL002133,2021,0.754,2422846.89
POL002133,2022,0.949,2479415.2
POL002134,2021,0.693,5117531.7
POL002134,2022,0.754,5719422.88
POL002135,2023,0.92,5773603.41
POL002136,2023,0.698,14974237.55
POL002137,2019,0.977,1213956.02
POL002137,2020,0.969,1269290.18
POL002137,2021,0.959,1269454.92
POL002138,2018,0.862,1925350.71
POL002139,2022,0.792,1299558.61
POL002139,2023,0.981,1433325.31
POL002139,2024,0.784,1297182.89
POL002140,2021,0.617,762594.14
POL002140,2022,0.766,746210.83
POL002141,2023,0.678,3208321.85
POL002141,2024,0.68,3248818.03
POL002142,2018,0.852,1855923.46
POL002143,2021,0.768,3459892.81
POL002143,2022,0.691,3314847.32
POL002144,2020,0.721,5694405.38
POL002144,2021,0.944,5282596.28
POL002144,2022,0.763,5090678.55
POL002145,2018,0.754,4185858
POL002145,2019,0.866,4292750.68
POL002145,2020,0.607,4484553.96
POL002146,2023,0.756,6256521.34
POL002146,2024,0.939,6520423.08
POL002147,2021,0.868,3791088.55
POL002147,2022,0.925,3753804.49
POL002148,2020,0.946,3782808.15
POL002149,2020,0.869,1789782.64
POL002149,2021,0.757,1556032.6
POL002150,2023,0.664,2335048.65
POL002150,2024,0.984,2447024.25
POL002151,2020,0.977,7709694.24
POL002151,2021,0.873,7290487.1
POL002152,2024,0.817,1436233.01
POL002153,2019,0.908,3985479.08
POL002154,2022,0.748,4104757.91
POL002154,2023,0.904,4690973.5
POL002155,2023,0.776,2770719.42
POL002155,2024,0.642,2876686.35
POL002156,2021,0.934,1325611.05
POL002156,2022,0.947,1349309.71
POL002156,2023,0.606,1445197.05
POL002157,2024,0.994,1506922.55
POL002158,2024,0.613,2610433.54
POL002159,2020,0.837,3497885.69
POL002159,2021,0.918,3091786.02
POL002159,2022,0.886,3116156.03
POL002160,2018,0.767,1824153.65
POL002161,2020,0.863,341235.28
POL002161,2021,0.824,343966.84
POL002161,2022,0.741,361269.8
POL002162,2024,0.845,3049149.27
POL002163,2022,0.639,582243.83
POL002164,2020,0.639,1599599.33
POL002164,2021,0.629,1486538.96
POL002164,2022,0.822,1644350.78
POL002165,2024,0.985,8589816.29
POL002166,2020,0.633,326902.69
POL002167,2022,0.995,1726681.21
POL002168,2021,0.749,2543446.61
POL002168,2022,0.767,2400939.45
POL002168,2023,0.824,2381420.14
POL002168,2024,0.782,2350956.35
POL002169,2024,0.678,3597726.65
POL002170,2019,0.741,1283449.95
POL002170,2020,0.767,1333044.29
POL002170,2021,0.942,1456692.98
POL002171,2020,0.861,5281535.28
POL002171,2021,0.981,4946939.82
POL002171,2022,0.848,5190068.11
POL002171,2023,0.855,5300575.25
POL002172,2022,0.739,1115600.41
POL002172,2023,0.867,1035576.11
POL002172,2024,0.851,1090442.16
POL002173,2024,0.673,4963265.81
POL002174,2019,0.748,1750061.41
POL002174,2020,0.707,1760941.28
POL002174,2021,0.75,1850073.35
POL002175,2021,0.74,2407624.39
POL002175,2022,0.833,2419434.45
POL002176,2021,0.785,5078896.12
POL002176,2022,0.8,5154452.09
POL002176,2023,0.981,4883258.02
POL002177,2021,0.833,871241.22
POL002178,2023,0.993,2698603.75
POL002178,2024,0.654,2572229.67
POL002179,2018,0.736,3401534.4
POL002179,2019,0.84,3545090.04
POL002180,2023,0.633,1425043.46
POL002180,2024,0.948,1395898.29
POL002181,2023,0.944,970880.14
POL002181,2024,0.853,1056985.3
POL002182,2024,0.949,662383.81
POL002183,2019,0.812,3921189.04
POL002183,2020,0.76,3743313.75
POL002184,2020,0.945,2687853.82
POL002184,2021,0.861,2747263.24
POL002184,2022,0.689,2753352.12
POL002185,2018,0.9,1037427.45
POL002185,2019,0.779,1002867.35
POL002185,2020,0.967,943986.75
POL002185,2021,0.637,934242.75
POL002186,2018,0.914,1588241.43
POL002186,2019,1,1790097.74
POL002187,2024,0.939,9226545.1
POL002188,2018,0.714,3063140.76
POL002189,2018,0.915,1051805.02
POL002189,2019,0.897,1023530.12
POL002189,2020,0.88,1004234.68
POL002189,2021,0.817,1083494.71
POL002190,2021,0.952,1446678.76
POL002191,2022,0.94,3330270.93
POL002192,2024,0.634,558299.64
POL002193,2019,0.803,1516274.34
POL002193,2020,0.701,1394039.08
POL002193,2021,0.923,1498101.28
POL002193,2022,0.607,1338921.19
POL002194,2018,0.824,6550601.89
POL002194,2019,0.983,7381445.96
POL002194,2020,0.97,7189314.58
POL002195,2019,0.901,2312870.5
POL002195,2020,0.952,2323354.83
POL002195,2021,0.917,2057528.14
POL002195,2022,0.741,2253494.51
POL002196,2018,0.753,619031.67
POL002196,2019,0.723,567205.39
POL002197,2020,0.894,1679204.62
POL002198,2022,0.9,1181420.12
POL002198,2023,0.816,1075863.82
POL002199,2020,0.761,2988637.93
POL002200,2018,0.757,4627014.7
POL002200,2019,0.713,4485879.8
POL002201,2024,0.756,1925819.48
POL002202,2023,0.728,3161472.69
POL002202,2024,0.8,3179140.42
POL002203,2020,0.782,1642227.77
POL002203,2021,0.801,1616005.05
POL002204,2021,0.929,3465880.69
POL002204,2022,0.87,3556929.05
POL002204,2023,0.975,3149987.9
POL002205,2022,0.783,3360903.71
POL002205,2023,0.62,3231204.7
POL002205,2024,0.937,3697062.92
POL002206,2019,0.977,1346296.94
POL002206,2020,0.618,1347505.36
POL002207,2023,0.885,3024075.71
POL002207,2024,0.818,2987404.19
POL002208,2018,0.753,2280453.32
POL002208,2019,0.695,2311363.01
POL002208,2020,0.924,2223768.64
POL002209,2021,0.895,2730063.03
POL002209,2022,0.756,3068475.71
POL002209,2023,0.658,2854800.86
POL002210,2018,0.828,2693136
POL002210,2019,0.656,2548444.26
POL002211,2024,0.723,2672573.11
POL002212,2024,0.955,4321692.87
POL002213,2022,0.653,1814615.39
POL002213,2023,0.673,1751828.41
POL002213,2024,0.702,1922668.7
POL002214,2020,0.7,166753.84
POL002215,2018,0.781,7302492.08
POL002215,2019,0.755,6671098.23
POL002215,2020,0.934,7055148.4
POL002216,2020,0.762,8193404.3
POL002217,2023,0.681,577984.94
POL002218,2021,0.824,1018867.06
POL002218,2022,0.978,1017560.39
POL002219,2020,0.836,2180106.98
POL002219,2021,0.7,2189532.27
POL002219,2022,0.967,2049860.07
POL002219,2023,0.786,1961700.16
POL002220,2019,0.634,2073446.11
POL002220,2020,0.923,1879192.69
POL002221,2019,0.679,711052.51
POL002222,2019,0.788,6768631.83
POL002222,2020,0.615,6365444.81
POL002222,2021,0.673,6290057.79
POL002223,2021,0.822,5688714.71
POL002224,2020,0.605,1660973.27
POL002225,2018,0.613,4717582.4
POL002225,2019,0.92,4559476.15
POL002225,2020,0.807,4737661.76
POL002225,2021,0.987,4292492.7
POL002226,2019,0.93,3209156.43
POL002227,2018,0.88,1714999.89
POL002227,2019,0.882,1721872.93
POL002228,2022,0.825,1547945.93
POL002228,2023,0.633,1551778.4
POL002229,2023,0.729,405377.48
POL002229,2024,0.919,420033.27
POL002230,2020,0.677,1458255.95
POL002230,2021,0.931,1536614.8
POL002231,2021,0.808,2820280.89
POL002231,2022,0.985,2880986.9
POL002231,2023,0.932,3069504.21
POL002232,2021,0.698,8855686.49
POL002232,2022,0.853,8849384.12
POL002232,2023,0.683,8828738.18
POL002232,2024,0.687,8593542.15
POL002233,2021,0.704,422048.53
POL002233,2022,0.761,381917.21
POL002234,2022,0.703,6420497.98
POL002234,2023,0.787,6078507.8
POL002235,2024,0.929,3305507.69
POL002236,2020,0.822,171390.25
POL002237,2022,0.722,887875.34
POL002237,2023,0.734,840292.75
POL002238,2020,0.661,7022814.66
POL002239,2021,0.679,573526.38
POL002239,2022,0.8,537807.69
POL002239,2023,0.687,557032.03
POL002240,2024,0.703,39860074.44
POL002241,2022,0.88,3204398.61
POL002241,2023,0.984,3513940.52
POL002242,2018,0.89,819543.21
POL002243,2018,0.662,2530914.96
POL002244,2019,0.98,4504606.11
POL002244,2020,0.692,4684897.17
POL002245,2022,0.995,695750.43
POL002245,2023,0.755,734015.19
POL002245,2024,0.886,719735.81
POL002246,2018,0.608,1354739.91
POL002247,2020,0.782,2677501.6
POL002247,2021,0.688,2848865.93
POL002248,2019,0.854,3815377.96
POL002248,2020,0.906,3745791.1
POL002248,2021,0.84,3985229.56
POL002249,2024,0.663,3104491.34
POL002250,2022,0.987,659369.59
POL002250,2023,0.942,708662.37
POL002251,2022,0.84,876862.61
POL002251,2023,0.818,913620.89
POL002251,2024,0.903,929291.69
POL002252,2024,0.654,5423208.87
POL002253,2021,0.768,1113367.01
POL002253,2022,0.659,1243785.54
POL002254,2018,0.826,2022203.11
POL002254,2019,0.833,1963501.84
POL002254,2020,0.829,1799158.05
POL002254,2021,0.681,1898707.62
POL002255,2018,0.784,888947.15
POL002255,2019,0.699,846353.13
POL002256,2024,0.866,3546872.68
POL002257,2021,0.822,592646.07
POL002257,2022,0.657,616806.34
POL002257,2023,0.703,600043.99
POL002258,2024,0.912,3150713.67
POL002259,2023,0.615,1688080.11
POL002259,2024,0.954,1641169.77
POL002260,2021,0.932,2886128.07
POL002261,2020,0.83,434338.24
POL002262,2023,0.831,7563337.27
POL002262,2024,0.927,7537230.47
POL002263,2021,0.647,9705246.9
POL002264,2021,0.823,3731421.25
POL002264,2022,0.602,3668263.39
POL002265,2021,0.617,810198.44
POL002265,2022,0.931,816283.65
POL002265,2023,0.835,825514.91
POL002266,2019,0.709,2834232.37
POL002266,2020,0.664,3050331.67
POL002266,2021,0.963,3210116.24
POL002266,2022,0.735,3266821.79
POL002267,2019,0.739,2303431.12
POL002267,2020,0.814,2298748.86
POL002268,2018,0.695,510332.12
POL002268,2019,0.792,521900.11
POL002268,2020,0.794,485952.89
POL002269,2018,0.745,1985781.17
POL002269,2019,0.805,2144973.21
POL002269,2020,0.765,1964521.09
POL002270,2022,0.927,5841657.68
POL002270,2023,0.933,6256427.25
POL002271,2023,0.824,1022287.61
POL002271,2024,0.994,1062493.84
POL002272,2020,0.761,1523776.26
POL002273,2024,0.932,826868.88
POL002274,2018,0.936,1904540.5
POL002274,2019,0.745,1749680.01
POL002274,2020,0.95,1785660.87
POL002275,2019,0.631,1403736.89
POL002275,2020,0.981,1430092.28
POL002275,2021,0.662,1521280.02
POL002275,2022,0.799,1589433.83
POL002276,2018,0.928,2403509.03
POL002277,2019,0.869,1921643.7
POL002277,2020,0.674,2019665.09
POL002278,2021,0.818,1794846.47
POL002279,2024,0.65,232451.14
POL002280,2023,0.935,2165798.47
POL002281,2020,0.726,2788606.97
POL002281,2021,0.902,2769141.09
POL002282,2019,0.898,773060.3
POL002283,2022,0.734,746107.58
POL002283,2023,0.645,795277.42
POL002283,2024,0.687,711401.14
POL002284,2023,0.939,3648305.39
POL002284,2024,0.718,3239230.01
POL002285,2021,0.995,3930752.51
POL002285,2022,0.917,4200314.62
POL002286,2020,0.837,1448391.58
POL002287,2020,0.893,2424609.91
POL002288,2022,0.872,1922825.19
POL002288,2023,0.671,2062296.27
POL002289,2023,0.674,2843222.19
POL002289,2024,0.706,3064626.18
POL002290,2024,0.744,361020.72
POL002291,2018,0.71,1511363.33
POL002292,2022,0.775,1362284.26
POL002293,2019,0.794,4631478.9
POL002294,2020,0.75,334013.23
POL002294,2021,0.765,316950.35
POL002294,2022,0.847,326773
POL002294,2023,0.662,328036.31
POL002295,2018,0.963,2282069.86
POL002295,2019,0.79,2383327.22
POL002296,2023,0.682,295712.89
POL002296,2024,0.638,265336.7
POL002297,2024,0.966,2275944.04
POL002298,2018,0.959,1488600.48
POL002298,2019,0.882,1699355.13
POL002299,2022,0.846,5368290.98
POL002300,2022,0.938,1152548.9
POL002300,2023,0.956,1219296.97
POL002300,2024,0.753,1265148.47
POL002301,2023,0.636,5833572.19
POL002302,2021,0.937,323293.5
POL002303,2018,0.857,1891207.49
POL002303,2019,0.728,1917516.26
POL002304,2020,0.817,1405898.35
POL002304,2021,0.637,1332482.36
POL002304,2022,0.814,1496301.8
POL002304,2023,0.662,1416858.88
POL002305,2023,0.938,1634649.93
POL002306,2019,0.799,6001251.66
POL002306,2020,0.886,6187156.16
POL002307,2020,0.731,2291828.88
POL002307,2021,0.701,2147754.11
POL002307,2022,0.605,2253279.79
POL002307,2023,0.636,2157013
POL002308,2021,0.71,1392979.5
POL002308,2022,0.895,1305239.67
POL002309,2023,0.604,2355825.34
POL002310,2024,0.705,21163318.45
POL002311,2023,0.677,1356248.56
POL002312,2023,0.79,6393816.63
POL002313,2021,0.831,1560090.37
POL002313,2022,0.873,1680209.95
POL002314,2020,0.798,4047631.95
POL002314,2021,0.736,4226904.35
POL002315,2022,0.951,3617721.62
POL002315,2023,0.925,3709732.19
POL002316,2021,0.716,3524012.66
POL002316,2022,0.979,3600433.28
POL002317,2018,0.656,589517.36
POL002317,2019,0.856,611754.22
POL002318,2022,0.682,3188643.56
POL002318,2023,0.926,3309536.97
POL002319,2024,0.731,17483278.17
POL002320,2022,0.721,237672.73
POL002321,2023,0.924,2534942.44
POL002322,2023,0.89,2245679.8
POL002323,2022,0.634,13767605.71
POL002324,2018,0.682,1884448.74
POL002325,2024,0.863,6207346.83
POL002326,2023,0.997,2320683.31
POL002326,2024,0.95,2245547.93
POL002327,2022,0.743,6015417.18
POL002327,2023,0.773,6585989.65
POL002327,2024,0.74,6634812.47
POL002328,2019,0.739,3051158.36
POL002328,2020,0.809,3114165.56
POL002328,2021,0.779,3111551.73
POL002329,2019,0.695,2884549.48
POL002329,2020,0.694,2714689.68
POL002329,2021,0.605,2666466.08
POL002329,2022,0.813,2943066.04
POL002330,2023,0.645,5108825.1
POL002330,2024,0.708,4910613.44
POL002331,2022,0.853,9619918.91
POL002332,2024,0.658,2089845.5
POL002333,2024,0.793,2492882.59
POL002334,2020,0.796,2134811.15
POL002334,2021,0.67,2283516.77
POL002335,2020,0.88,6099177.92
POL002336,2020,0.641,409471.63
POL002336,2021,0.737,396969.82
POL002337,2021,0.615,1569175.11
POL002337,2022,0.826,1382612.93
POL002337,2023,0.646,1535087.32
POL002337,2024,0.95,1522618.47
POL002338,2024,0.769,3827519.66
POL002339,2021,0.998,1228682.06
POL002339,2022,0.938,1252773.32
POL002340,2023,0.684,5951942.84
POL002340,2024,0.614,6259974.36
POL002341,2021,0.803,918648.88
POL002341,2022,0.605,913148.81
POL002341,2023,0.801,886735.83
POL002341,2024,0.632,967198.34
POL002342,2024,0.933,2613770.64
POL002343,2020,0.711,2034688.26
POL002343,2021,0.966,2170761.43
POL002344,2019,0.758,1122939.97
POL002344,2020,0.75,1241513.55
POL002344,2021,0.692,1238537.05
POL002345,2023,0.94,197706.84
POL002346,2022,0.856,4653060.5
POL002346,2023,0.745,4334123.76
POL002346,2024,0.742,4460958.86
POL002347,2020,0.821,1995010.56
POL002347,2021,0.842,2080514.47
POL002348,2023,0.854,2094019.49
POL002348,2024,0.717,2041122.94
POL002349,2021,0.739,4822617.6
POL002349,2022,0.646,4682443.4
POL002350,2022,0.846,929275.84
POL002350,2023,0.855,887011.68
POL002350,2024,0.796,885269.11
POL002351,2021,0.925,2585657.16
POL002352,2024,0.642,6283756.3
POL002353,2023,0.775,3217142.65
POL002353,2024,0.758,3110934.18
POL002354,2022,0.792,1003241.13
POL002354,2023,0.711,977748.67
POL002354,2024,0.766,1000693.64
POL002355,2022,0.611,926575.31
POL002356,2022,0.85,5746295.63
POL002357,2018,0.808,5942012.19
POL002358,2024,0.913,1415666.04
POL002359,2019,0.724,6482285.02
POL002360,2021,1,2046279.9
POL002361,2024,0.979,1181560.94
POL002362,2020,0.606,1248475
POL002363,2018,0.827,2631144.89
POL002363,2019,0.802,2361898.92
POL002363,2020,0.918,2362675
POL002363,2021,0.852,2465327.84
POL002364,2019,0.817,403853.56
POL002364,2020,0.608,398140.37
POL002364,2021,0.678,392736.18
POL002365,2020,0.96,3113691.74
POL002365,2021,0.923,3199103.78
POL002366,2018,0.908,436670.12
POL002367,2020,0.805,5311839.48
POL002367,2021,0.721,5217576.14
POL002367,2022,0.736,4872222.98
POL002368,2023,0.807,1392279.86
POL002368,2024,0.812,1326676.49
POL002369,2024,0.703,771012.55
POL002370,2024,0.963,2004828.23
POL002371,2019,0.667,2675492.03
POL002371,2020,0.832,2497657.54
POL002372,2022,0.796,2098669.9
POL002372,2023,0.856,1865900.09
POL002373,2022,0.71,2660349.15
POL002374,2023,0.705,1187073.56
POL002375,2023,0.791,3298084.35
POL002375,2024,0.979,3301822.84
POL002376,2023,0.893,475772.79
POL002376,2024,0.967,511200.99
POL002377,2021,0.768,1021547.35
POL002377,2022,0.61,1080110.97
POL002378,2021,0.671,4337048.32
POL002379,2023,0.614,6360388.47
POL002379,2024,0.609,6781787.61
POL002380,2021,0.745,3949830.01
POL002380,2022,0.931,3846305.73
POL002380,2023,0.957,3505192.56
POL002380,2024,0.769,3486668.92
POL002381,2023,0.865,2299496.53
POL002381,2024,0.818,2232928.98
POL002382,2019,0.841,825631.35
POL002382,2020,0.687,732240.17
POL002382,2021,0.717,721470.65
POL002383,2020,0.955,6564984.38
POL002383,2021,0.895,6682953.78
POL002384,2021,0.983,1639308.23
POL002384,2022,0.667,1663007.05
POL002385,2024,0.619,8588559.5
POL002386,2020,0.725,4643900.48
POL002386,2021,0.779,4762338.62
POL002387,2024,0.942,1201685.34
POL002388,2023,0.635,1359382.22
POL002388,2024,0.96,1425929.26
POL002389,2024,0.913,291430.82
POL002390,2021,0.904,6898195.51
POL002390,2022,0.732,7136534.12
POL002391,2022,0.968,957983.68
POL002391,2023,0.862,1093823.51
POL002391,2024,0.996,1077410.31
POL002392,2019,0.9,1228360.74
POL002392,2020,0.883,1138838.37
POL002392,2021,0.726,1163244.38
POL002393,2023,0.835,9590285.8
POL002393,2024,0.88,9974475.89
POL002394,2023,0.902,404130.08
POL002394,2024,0.808,428887.27
POL002395,2024,0.957,1651015.87
POL002396,2023,0.731,1699931.1
POL002396,2024,0.946,1611262.42
POL002397,2024,0.898,789654.15
POL002398,2020,0.671,2991732.99
POL002399,2022,0.987,3780347.44
POL002399,2023,0.635,3747726.55
POL002400,2022,0.818,965675.86
POL002401,2023,0.782,357097.9
POL002401,2024,0.743,380335.06
POL002402,2021,0.982,1543322.64
POL002402,2022,0.841,1499536.84
POL002403,2020,0.947,3604919.16
POL002404,2021,0.904,2157654.53
POL002405,2023,0.619,4152813.57
POL002406,2023,0.726,2425991.82
POL002406,2024,0.705,2707985.13
POL002407,2020,0.695,6915089.06
POL002408,2018,0.985,1697000.63
POL002409,2024,0.945,1500518.92
POL002410,2019,0.834,1917139.93
POL002410,2020,0.686,1995875.11
POL002411,2023,0.878,9281491.83
POL002411,2024,0.614,9196063.27
POL002412,2019,0.679,2597311.34
POL002412,2020,0.656,2587431.62
POL002412,2021,0.899,2710832.78
POL002412,2022,0.844,2609289.42
POL002413,2022,0.967,11431263.26
POL002413,2023,0.683,10553573.06
POL002414,2024,0.997,1164761.89
POL002415,2021,0.998,3209732.34
POL002415,2022,0.632,3205992.11
POL002416,2018,0.716,1252270.65
POL002416,2019,0.864,1161440.69
POL002416,2020,0.834,1152809.53
POL002416,2021,0.83,1257535.58
POL002417,2024,0.796,677437.43
POL002418,2020,0.936,1471664.38
POL002419,2018,0.936,3345587.83
POL002420,2020,0.72,2781289.39
POL002421,2020,0.717,5810380.02
POL002421,2021,0.686,5357986
POL002422,2023,0.692,1765316.98
POL002423,2024,0.832,8017785.9
POL002424,2018,0.714,1374852.71
POL002424,2019,0.676,1402439.11
POL002424,2020,0.77,1365235.94
POL002424,2021,0.937,1490911.83
POL002425,2019,0.657,2849500.55
POL002425,2020,0.753,2884983.92
POL002425,2021,0.851,2861640.51
POL002425,2022,0.949,3027001.72
POL002426,2023,0.721,4654707.33
POL002426,2024,0.963,4192511.45
POL002427,2020,0.805,1207909.51
POL002428,2019,0.844,2118477.32
POL002428,2020,0.983,2240807.72
POL002429,2018,0.767,12113607.49
POL002430,2024,0.624,1864136.23
POL002431,2024,0.927,6315031.94
POL002432,2022,0.614,1756847.65
POL002432,2023,0.851,1806756.86
POL002432,2024,0.946,1791470.71
POL002433,2018,0.612,1385750.18
POL002434,2019,0.88,2356522.69
POL002434,2020,0.911,2526094.06
POL002434,2021,0.67,2564518.22
POL002435,2021,0.947,2585267.75
POL002436,2023,0.826,4495309.99
POL002436,2024,0.978,4427781.84
POL002437,2023,0.918,1809376.01
POL002438,2018,0.889,4684453.95
POL002438,2019,0.705,4459404.88
POL002438,2020,0.777,4439114.96
POL002439,2020,0.92,327491.9
POL002439,2021,0.978,321366.9
POL002440,2019,0.86,836986.69
POL002440,2020,0.843,801782.15
POL002441,2019,0.99,5452386.11
POL002441,2020,0.718,5159020.41
POL002442,2020,0.792,1351026.01
POL002443,2018,0.678,618030.91
POL002443,2019,0.841,629215.43
POL002443,2020,0.63,647686.93
POL002443,2021,0.899,653435.44
POL002444,2018,0.68,2612094.88
POL002444,2019,0.865,2554462.35
POL002445,2022,0.703,4287760.14
POL002445,2023,0.615,4368007.9
POL002445,2024,0.624,4152963.54
POL002446,2020,0.938,1454055.83
POL002447,2023,0.99,3100497
POL002448,2018,0.95,2103637.48
POL002448,2019,0.979,2129249.17
POL002448,2020,0.773,2191338.24
POL002449,2018,0.675,4434200
POL002450,2021,0.969,4515058.93
POL002450,2022,0.676,4447952.1
POL002451,2023,0.858,1195131.61
POL002452,2023,0.835,3859093.72
POL002452,2024,0.785,4084032.26
POL002453,2022,0.693,2399703.04
POL002453,2023,0.712,2325592.68
POL002453,2024,0.905,2482117.62
POL002454,2023,0.773,4222482.01
POL002455,2021,0.78,2939185.63
POL002455,2022,0.608,3249467.92
POL002456,2018,0.898,1703161.4
POL002456,2019,0.67,1839526.18
POL002456,2020,0.818,1654616.88
POL002457,2019,0.861,1651936.88
POL002457,2020,0.742,1666266.46
POL002457,2021,0.767,1646572.91
POL002458,2021,0.869,6258278.31
POL002459,2019,0.951,1141516.45
POL002459,2020,0.774,1117157.74
POL002459,2021,0.805,1146035.29
POL002460,2019,0.674,1957474.56
POL002460,2020,0.845,1945604.46
POL002461,2020,0.679,3561277.01
POL002461,2021,0.66,3329261.14
POL002461,2022,0.958,3379076.8
POL002462,2019,0.98,1266822.99
POL002462,2020,0.927,1206953.92
POL002462,2021,0.609,1214676.69
POL002462,2022,0.861,1155565.41
POL002463,2022,0.772,1115821.76
POL002464,2023,0.758,1153227.5
POL002464,2024,0.673,1072806.45
POL002465,2020,0.74,1336962.66
POL002465,2021,0.636,1359443.19
POL002466,2021,0.744,2551883.3
POL002466,2022,0.653,2371140.55
POL002466,2023,0.675,2289589.18
POL002467,2020,0.829,2234774.78
POL002468,2023,0.711,1412901.05
POL002468,2024,0.861,1344562.96
POL002469,2021,0.713,984291.18
POL002469,2022,0.766,889920.4
POL002470,2020,0.707,725739.52
POL002470,2021,0.72,753570.76
POL002470,2022,0.635,769176.65
POL002471,2018,0.784,907176
POL002471,2019,0.784,923509.96
POL002471,2020,0.804,897690.36
POL002471,2021,0.811,845422.76
POL002472,2024,0.762,434305.88
POL002473,2024,0.92,782339.49
POL002474,2020,0.824,152578.57
POL002474,2021,0.864,163403.39
POL002474,2022,0.601,155403.38
POL002475,2021,0.913,1787059.07
POL002475,2022,0.876,1617413.98
POL002475,2023,0.74,1643213.71
POL002475,2024,0.986,1765509.43
POL002476,2022,0.673,2110016.85
POL002476,2023,0.676,1932476.43
POL002477,2024,0.933,4446167.85
POL002478,2018,0.874,590940.36
POL002478,2019,0.622,599390.23
POL002478,2020,0.944,574805.2
POL002479,2024,0.748,1090299.16
POL002480,2020,0.967,2388281.78
POL002481,2020,0.813,7368629.69
POL002481,2021,0.967,7526054.28
POL002482,2018,0.649,633194.78
POL002482,2019,0.73,697900.21
POL002482,2020,0.942,666554.75
POL002483,2018,0.71,1627629.37
POL002484,2024,0.67,584715.85
POL002485,2021,0.626,1804776.45
POL002485,2022,0.667,1843566.1
POL002485,2023,0.819,1693375.85
POL002485,2024,0.793,1763171.36
POL002486,2018,0.885,2147538.45
POL002487,2018,0.632,846594.26
POL002488,2018,0.788,2747495.31
POL002488,2019,0.793,2466349.98
POL002488,2020,0.863,2668304.81
POL002489,2024,0.613,861211
POL002490,2018,0.793,1418953.34
POL002490,2019,0.738,1528657.81
POL002490,2020,0.788,1500508.49
POL002491,2018,0.939,385116.79
POL002491,2019,0.809,422451.49
POL002492,2023,0.772,906422.28
POL002492,2024,0.629,905267.84
POL002493,2023,0.657,1546614.89
POL002494,2021,0.674,892783.47
POL002494,2022,0.761,899296.56
POL002495,2021,0.886,5605082.16
POL002496,2019,0.877,901356.83
POL002496,2020,0.63,987661.74
POL002496,2021,0.944,901886.11
POL002497,2022,0.813,403309.69
POL002498,2022,0.775,3175273.34
POL002498,2023,0.899,2954984.3
POL002499,2020,0.788,871712.75
POL002499,2021,0.885,826416.9
POL002500,2018,0.783,1512891.56
POL002500,2019,0.619,1472823.71
POL002501,2024,0.785,9542537.26
POL002502,2021,0.676,1416708.49
POL002502,2022,0.971,1493824.21
POL002503,2020,0.622,3031533.81
POL002503,2021,0.988,2817946.07
POL002503,2022,0.636,3042074.08
POL002503,2023,0.683,2908085.78
POL002504,2019,0.933,5803145.81
POL002504,2020,0.996,5257118.97
POL002505,2019,0.695,2388584.14
POL002505,2020,0.601,2187709.67
POL002505,2021,0.605,2127568.48
POL002506,2021,0.764,639577.39
POL002507,2023,0.758,889261.71
POL002508,2020,0.658,6645715.5
POL002508,2021,0.838,6451838.74
POL002508,2022,0.787,6610041.73
POL002509,2023,0.91,949730.54
POL002510,2021,0.656,5098646.38
POL002510,2022,0.91,5394015.78
POL002511,2020,0.892,686619.9
POL002511,2021,0.777,653372.8
POL002511,2022,0.687,655656.72
POL002512,2020,0.737,2692645.31
POL002512,2021,0.689,2676821.99
POL002512,2022,0.935,2666982.43
POL002512,2023,0.881,2607006.74
POL002513,2022,0.734,19258784.8
POL002513,2023,0.95,19736175.28
POL002514,2019,0.799,1229219.3
POL002514,2020,0.746,1127082.41
POL002515,2020,0.632,483346.58
POL002516,2020,0.759,4695555.07
POL002517,2023,0.889,1551784.09
POL002517,2024,0.631,1580201.82
POL002518,2019,0.94,1289208
POL002519,2023,0.853,5704968.08
POL002520,2021,0.751,969965.89
POL002520,2022,0.909,912178.5
POL002521,2019,0.641,1647900.74
POL002522,2021,0.684,3603286.61
POL002522,2022,0.915,3981883.8
POL002523,2024,0.815,4196536.3
POL002524,2022,0.83,2286738.9
POL002524,2023,0.658,2372961.35
POL002524,2024,0.802,2091618.09
POL002525,2020,0.818,1504669.3
POL002525,2021,0.899,1357915.44
POL002525,2022,0.642,1393656.02
POL002525,2023,0.686,1341996.4
POL002526,2020,0.942,2664807.09
POL002526,2021,1,2724778.06
POL002527,2022,0.604,841238.58
POL002527,2023,0.719,836001.04
POL002528,2023,0.917,3889878.56
POL002528,2024,0.869,4019484.67
POL002529,2022,0.658,1342027.33
POL002529,2023,0.628,1194762.14
POL002530,2022,0.792,2496257.98
POL002530,2023,0.964,2273271.48
POL002531,2020,0.755,3284486.87
POL002531,2021,0.75,3269243.64
POL002532,2022,0.766,1806128.72
POL002533,2021,0.934,899435.19
POL002534,2024,0.878,469339.43
POL002535,2018,0.656,1375039.68
POL002535,2019,0.924,1334314.22
POL002536,2018,0.905,1704091.35
POL002536,2019,0.795,1867627.34
POL002537,2021,0.669,5221146.76
POL002537,2022,0.709,4677503.46
POL002537,2023,0.868,4744341.58
POL002538,2023,0.883,973324.94
POL002538,2024,0.88,864798.58
POL002539,2024,0.934,4302743.45
POL002540,2019,0.904,345010.99
POL002541,2024,0.67,4256998.56
POL002542,2020,0.972,5782672.59
POL002542,2021,0.924,6297320.19
POL002543,2019,0.724,1941859.36
POL002543,2020,0.923,1904452.45
POL002544,2023,0.64,2442619.48
POL002545,2022,0.788,1540906.1
POL002545,2023,0.831,1599911.89
POL002546,2021,0.851,4921776.36
POL002547,2019,0.696,2245985.9
POL002548,2023,0.975,3571486.31
POL002548,2024,0.655,3462852.14
POL002549,2021,0.892,316842.38
POL002549,2022,0.937,299698.8
POL002549,2023,0.825,316005.21
POL002550,2021,0.614,1095810.25
POL002550,2022,0.96,1020438.72
POL002551,2021,0.624,3930681.62
POL002551,2022,0.721,3985783.38
POL002551,2023,0.841,3856233.79
POL002552,2018,0.927,1705034.79
POL002553,2021,0.764,1138180.82
POL002553,2022,0.691,1043699.88
POL002553,2023,0.692,1179819.25
POL002553,2024,0.752,1083443.09
POL002554,2023,0.935,1481835.72
POL002554,2024,0.985,1583748.83
POL002555,2023,0.657,959392.75
POL002556,2021,0.774,1082367.93
POL002556,2022,0.69,1091852.25
POL002557,2021,0.786,1929268.9
POL002558,2020,0.785,756793.44
POL002558,2021,0.906,728869.02
POL002558,2022,0.928,785014.04
POL002558,2023,0.601,738014.74
POL002559,2022,0.694,1727726.08
POL002559,2023,0.971,1867350.44
POL002559,2024,0.768,1890215.84
POL002560,2018,0.728,3001335.35
POL002561,2021,0.71,4801948.79
POL002562,2020,0.865,2486677.73
POL002562,2021,0.97,2581816.16
POL002563,2024,0.974,6420898.34
POL002564,2024,0.899,2045401.42
POL002565,2021,0.877,1579219.42
POL002565,2022,0.996,1579784.1
POL002566,2021,0.75,4811736.37
POL002566,2022,0.635,4856810.79
POL002566,2023,0.891,5159929.16
POL002567,2020,0.979,1889876.5
POL002567,2021,0.831,2072233.51
POL002567,2022,0.958,2071981.82
POL002568,2024,0.852,1236202.26
POL002569,2018,0.921,5746749.11
POL002570,2024,0.825,1674272.26
POL002571,2019,0.951,1297514.81
POL002571,2020,0.793,1226544.09
POL002571,2021,0.763,1350211.47
POL002571,2022,0.91,1307455.89
POL002572,2021,0.85,3910042.32
POL002573,2022,0.63,1746839.03
POL002574,2023,0.604,2236491.12
POL002575,2024,0.662,3392824.65
POL002576,2022,0.943,7399006.39
POL002577,2018,0.716,5152006.42
POL002577,2019,0.91,5243748.67
POL002578,2018,0.802,1222893.49
POL002578,2019,0.631,1203455.01
POL002579,2019,0.915,2681973.46
POL002579,2020,0.626,2635796.99
POL002580,2023,0.708,1095275.1
POL002580,2024,0.619,1119795.76
POL002581,2023,0.952,3085096.58
POL002582,2024,0.745,4995454.15
POL002583,2019,0.673,3539503.6
POL002583,2020,0.657,3681584.16
POL002583,2021,0.823,3286716.34
POL002584,2023,0.904,1043695.63
POL002584,2024,0.676,1016327.15
POL002585,2021,0.767,4623935.17
POL002586,2024,0.727,3356652.61
POL002587,2023,0.685,2143817.27
POL002587,2024,0.946,2163676.41
POL002588,2022,0.852,7534604.06
POL002588,2023,0.603,7478452.06
POL002589,2020,0.693,8685922.49
POL002589,2021,0.857,7943846.21
POL002590,2024,0.808,1272278.67
POL002591,2018,0.678,5515149.02
POL002592,2022,0.829,2443576.85
POL002592,2023,0.611,2216896.26
POL002592,2024,0.836,2258836.03
POL002593,2021,0.74,2523627.21
POL002593,2022,0.978,2526614.77
POL002594,2018,0.928,3577383.15
POL002594,2019,0.956,3324884.1
POL002595,2019,0.682,2949585.81
POL002595,2020,0.824,2739610.88
POL002595,2021,0.932,2938950.02
POL002595,2022,0.781,2955780.81
POL002596,2023,0.705,417199.17
POL002596,2024,0.622,471478.47
POL002597,2019,0.982,762360.43
POL002597,2020,0.968,756508.43
POL002597,2021,0.616,667219.49
POL002597,2022,0.936,669531.84
POL002598,2023,0.654,2678148.27
POL002598,2024,0.751,2691755.29
POL002599,2021,0.868,3713836.04
POL002600,2023,0.92,656384.51
POL002600,2024,0.656,671811.07
POL002601,2021,0.86,3944890.6
POL002601,2022,0.798,3586917.73
POL002602,2018,0.601,5369668.05
POL002602,2019,0.939,5214119.41
POL002602,2020,0.984,5159017.84
POL002602,2021,0.876,5434765.89
POL002603,2021,0.637,630290.89
POL002603,2022,0.963,637806.03
POL002604,2019,0.857,706390.47
POL002604,2020,0.91,677511.89
POL002605,2024,0.878,5211671.09
POL002606,2020,0.892,4426789.49
POL002606,2021,0.976,4330148.98
POL002606,2022,0.967,4057562.46
POL002607,2020,0.682,1836102.83
POL002607,2021,0.698,1757633.97
POL002608,2023,0.77,2113087.18
POL002608,2024,0.713,2301947.82
POL002609,2019,0.634,330083.89
POL002609,2020,0.971,318982.1
POL002609,2021,0.813,328067.68
POL002610,2018,0.897,661513.23
POL002610,2019,0.732,643616.17
POL002610,2020,0.732,705182.8
POL002611,2020,0.719,1202615.7
POL002612,2018,0.914,900225.67
POL002612,2019,0.801,958420.04
POL002612,2020,0.868,887335.57
POL002613,2019,0.903,2735410.44
POL002613,2020,0.837,2529922.3
POL002613,2021,0.78,2454571.41
POL002614,2024,0.618,428556.34
POL002615,2018,0.639,3230058.63
POL002615,2019,0.972,3084422.2
POL002616,2021,0.95,616253.66
POL002616,2022,0.769,665482.63
POL002617,2022,0.731,1661794.8
POL002617,2023,0.901,1525222.56
POL002618,2024,0.868,843138.63
POL002619,2019,0.749,1578926.98
POL002619,2020,0.913,1718848.51
POL002619,2021,0.75,1592376.98
POL002620,2022,0.873,2536023.27
POL002620,2023,0.708,2651338.56
POL002620,2024,0.72,2415808.44
POL002621,2021,0.748,3730863.51
POL002621,2022,0.809,3914765.78
POL002621,2023,0.679,3951396.17
POL002622,2020,0.861,635084.98
POL002622,2021,0.79,574713.07
POL002622,2022,0.677,627869.8
POL002622,2023,0.813,609215.46
POL002623,2022,0.69,5487969.96
POL002624,2023,0.996,4257753.52
POL002624,2024,0.849,3932905.47
POL002625,2018,0.647,3102857.98
POL002625,2019,0.78,3029662.28
POL002626,2024,0.645,11408658.72
POL002627,2023,0.62,853253.4
POL002627,2024,0.798,849664.99
POL002628,2024,0.855,3119459.96
POL002629,2024,0.99,2981600.9
POL002630,2023,0.994,651002.35
POL002630,2024,0.827,630975.32
POL002631,2023,0.835,775702.9
POL002631,2024,0.78,712472.43
POL002632,2024,0.804,2427881.42
POL002633,2022,0.65,380867.76
POL002634,2018,0.746,2389523.25
POL002634,2019,0.726,2507774.18
POL002634,2020,0.645,2611951.89
POL002635,2020,0.999,2416425.82
POL002635,2021,0.694,2299778.36
POL002635,2022,0.985,2324435.8
POL002636,2019,0.721,1007905.58
POL002636,2020,0.765,892666.07
POL002637,2023,0.676,2518685.06
POL002638,2023,0.758,2053594.64
POL002638,2024,0.614,2169317
POL002639,2018,0.605,2960254.41
POL002639,2019,0.606,2975366.65
POL002640,2018,0.797,1738238.66
POL002640,2019,0.688,1536304
POL002640,2020,0.958,1648853.84
POL002641,2022,0.809,3146266.57
POL002642,2021,0.687,3573761.18
POL002642,2022,0.654,3670372.05
POL002642,2023,0.883,3822558.13
POL002643,2023,0.605,4322300.5
POL002643,2024,0.903,4217583.71
POL002644,2018,0.708,917332.3
POL002645,2023,0.754,612072.69
POL002646,2018,0.991,2060999.75
POL002647,2024,0.962,1826126.22
POL002648,2020,0.688,3024439.35
POL002648,2021,0.859,2731669.51
POL002649,2018,0.872,7706600.69
POL002649,2019,0.995,7924506.48
POL002649,2020,0.672,7220038.81
POL002650,2023,0.944,3323309.11
POL002650,2024,0.902,3174447.3
POL002651,2022,0.947,692629.2
POL002651,2023,0.753,719189.77
POL002652,2018,0.641,1419504.76
POL002652,2019,0.988,1355954.19
POL002653,2020,0.695,310418.1
POL002653,2021,0.814,342279.85
POL002653,2022,0.917,300579.16
POL002654,2018,0.673,8043358.07
POL002654,2019,0.831,7233014.41
POL002655,2023,0.995,3212896.2
POL002656,2020,0.825,1631281.9
POL002656,2021,0.738,1717134.16
POL002656,2022,0.816,1645522.74
POL002657,2018,0.604,2611520.07
POL002657,2019,0.976,2498748.61
POL002657,2020,0.679,2728125.73
POL002658,2023,0.608,320769.27
POL002659,2019,0.619,2915232.92
POL002659,2020,0.712,3103830.67
POL002659,2021,0.939,3087231.96
POL002660,2024,0.651,2002405.04
POL002661,2023,0.601,6545542.97
POL002662,2023,0.708,2260448.08
POL002663,2021,0.923,2188921.69
POL002663,2022,0.89,2365488.79
POL002664,2021,0.803,3261591.81
POL002664,2022,0.79,2828663.68
POL002665,2022,0.924,1619638.39
POL002666,2018,0.727,769366.09
POL002666,2019,0.923,680184.17
POL002666,2020,0.741,697426.7
POL002667,2019,0.989,1407267.44
POL002667,2020,1,1525276.18
POL002667,2021,0.912,1552463.34
POL002668,2019,0.987,3104391.81
POL002668,2020,0.922,3213383.46
POL002668,2021,0.834,3156519.68
POL002669,2023,0.982,1000286.33
POL002669,2024,0.966,1010138.29
POL002670,2021,0.993,372956.46
POL002670,2022,0.704,345389.91
POL002670,2023,0.756,339187.2
POL002671,2018,0.942,889517.28
POL002671,2019,0.743,878426.06
POL002672,2019,0.833,2206475.75
POL002672,2020,0.956,2360664.15
POL002673,2018,0.634,1342272.71
POL002673,2019,0.893,1268409.94
POL002673,2020,0.752,1232736.02
POL002674,2020,0.6,1354789.57
POL002675,2022,0.757,542118.19
POL002675,2023,0.892,559837.59
POL002676,2019,0.729,2482708.59
POL002677,2022,0.624,934513.76
POL002677,2023,0.876,1026594.75
POL002677,2024,0.911,956894.55
POL002678,2018,0.614,6804939.09
POL002678,2019,0.962,6258289.99
POL002678,2020,0.698,7032049.04
POL002679,2019,0.686,1110122.74
POL002680,2022,0.655,691682.33
POL002680,2023,0.785,707811.53
POL002681,2019,0.892,665396.3
POL002681,2020,0.725,627639.77
POL002682,2019,0.708,2691170.47
POL002682,2020,0.757,2961152.43
POL002682,2021,0.829,2775545.69
POL002683,2024,0.652,2592327.48
POL002684,2018,0.628,849254.16
POL002685,2021,0.973,1419642.41
POL002685,2022,0.801,1354683.92
POL002686,2018,0.779,3627156.7
POL002686,2019,0.874,3700154.53
POL002686,2020,0.687,3334427.55
POL002686,2021,0.644,3673646.97
POL002687,2021,0.979,2668183.11
POL002687,2022,0.863,2720078.38
POL002687,2023,0.688,2497876.05
POL002687,2024,0.676,2877070.79
POL002688,2024,0.687,1629292.46
POL002689,2023,0.964,8864547.03
POL002689,2024,0.939,9314024.45
POL002690,2021,0.709,1491663.33
POL002691,2022,0.92,2813834.06
POL002691,2023,0.649,3195583.02
POL002691,2024,0.728,2946573.55
POL002692,2021,0.839,2230595.85
POL002692,2022,0.91,2291580.48
POL002692,2023,0.893,2331371.6
POL002693,2020,0.791,3293370.48
POL002694,2024,0.889,2615784.65
POL002695,2021,0.77,1758923.13
POL002695,2022,0.929,1536699.91
POL002696,2024,0.847,1250223.78
POL002697,2019,0.626,1805680.59
POL002697,2020,0.986,1832319.97
POL002698,2022,0.884,1184154.85
POL002699,2020,0.704,2614776.89
POL002699,2021,0.802,2813149.06
POL002699,2022,0.965,2701085.52
POL002699,2023,0.898,2767005.25
POL002700,2019,0.652,5620796.99
POL002701,2021,0.986,2222262.17
POL002701,2022,0.963,2273083.6
POL002702,2022,0.715,6599618.69
POL002702,2023,0.971,6455904.14
POL002703,2018,0.864,1295763.7
POL002704,2020,0.908,3936366.06
POL002704,2021,0.87,3734083.32
POL002705,2022,0.622,2663507
POL002706,2018,0.759,918305.9
POL002706,2019,0.77,900995.07
POL002706,2020,0.712,924706.04
POL002707,2021,0.723,2584408.08
POL002708,2024,0.74,9428188.88
POL002709,2024,0.921,1399926.89
POL002710,2018,0.951,2566993.47
POL002711,2022,0.926,966682.41
POL002712,2018,0.999,1408643.75
POL002712,2019,0.697,1485333.94
POL002713,2020,0.977,1723290.72
POL002713,2021,0.862,1567276.77
POL002714,2022,0.663,1679176.92
POL002715,2022,0.613,1336193.63
POL002715,2023,0.807,1240613.83
POL002716,2021,0.835,924506.83
POL002716,2022,0.647,924103.48
POL002717,2019,0.606,3294343.77
POL002717,2020,0.882,3132782.95
POL002718,2018,0.718,4049502.78
POL002718,2019,0.813,4039285.01
POL002718,2020,0.748,3779910.23
POL002719,2019,0.682,2685798.94
POL002719,2020,0.867,3018034.3
POL002719,2021,0.833,3022752.26
POL002720,2018,0.831,2210728.96
POL002721,2023,0.832,762911.38
POL002722,2024,0.731,7218361.65
POL002723,2018,0.648,2554467.88
POL002723,2019,0.64,2451961.58
POL002723,2020,0.682,2464277.28
POL002724,2020,0.689,6711989.75
POL002724,2021,0.775,7404354.48
POL002724,2022,0.76,6797287.8
POL002725,2020,0.66,4582388.47
POL002725,2021,0.7,4258962.02
POL002725,2022,0.849,4304666.75
POL002726,2023,0.665,2578112.19
POL002726,2024,0.778,2630706.75
POL002727,2021,0.641,5650846.33
POL002727,2022,0.888,5671076.81
POL002727,2023,0.894,5995985.93
POL002727,2024,0.714,6412753.52
POL002728,2022,0.749,1335104.97
POL002729,2023,0.875,449883.26
POL002730,2022,0.619,2374535.09
POL002730,2023,0.788,2570401.31
POL002730,2024,0.846,2618124.47
POL002731,2021,0.682,2595133.58
POL002732,2024,0.632,1701226.11
POL002733,2019,0.888,9278072.07
POL002733,2020,0.796,10146793.66
POL002733,2021,0.862,9246839.51
POL002734,2018,0.843,595770.64
POL002734,2019,0.975,580928.24
POL002735,2022,0.67,1109275.45
POL002735,2023,0.7,1172554.31
POL002736,2024,0.7,2306906.6
POL002737,2019,0.664,4273953.9
POL002737,2020,0.895,4421257.64
POL002737,2021,0.707,4214593.82
POL002738,2020,0.703,4174956.42
POL002738,2021,0.637,4472623.35
POL002738,2022,0.883,4696018.83
POL002738,2023,0.689,4801401.9
POL002739,2024,0.701,306874.84
POL002740,2018,0.675,1726884.28
POL002740,2019,0.899,1837921.76
POL002741,2020,0.856,2918046.28
POL002741,2021,0.612,2751200.25
POL002741,2022,0.911,3011806.88
POL002742,2021,0.723,1607850.19
POL002743,2022,0.644,3969010.44
POL002743,2023,0.72,3594891.6
POL002744,2018,0.639,626401.78
POL002744,2019,0.623,614332.68
POL002745,2021,0.884,873948.48
POL002746,2023,0.966,157929.37
POL002746,2024,0.735,149302.03
POL002747,2022,0.935,1721902.7
POL002748,2022,0.822,6832367.82
POL002748,2023,0.65,6286984.91
POL002749,2024,0.653,1782491.28
POL002750,2019,0.813,1996807.37
POL002750,2020,0.758,2025791.69
POL002751,2019,0.89,6681373.01
POL002751,2020,0.977,6210317.88
POL002751,2021,0.85,6705671.88
POL002752,2024,0.916,1304344.38
POL002753,2020,0.964,5660719.33
POL002753,2021,0.836,5925539.17
POL002753,2022,0.703,6118291.31
POL002754,2022,0.663,614458.94
POL002754,2023,0.743,640864.69
POL002755,2019,0.943,8177984.42
POL002755,2020,0.845,8944436.21
POL002755,2021,0.882,9091013.82
POL002755,2022,0.906,8892345.32
POL002756,2020,0.743,1121969.13
POL002756,2021,0.879,1045099.55
POL002757,2022,0.947,1018240.81
POL002758,2023,0.861,6337460.29
POL002758,2024,0.62,6325459.26
POL002759,2022,0.713,1734512.49
POL002759,2023,0.67,1699626.56
POL002759,2024,0.842,1841531.69
POL002760,2021,0.638,728651.68
POL002760,2022,0.784,708663.78
POL002760,2023,0.658,657571.27
POL002761,2023,0.815,918129.9
POL002762,2024,0.688,1396640.3
POL002763,2024,0.676,1630904.09
POL002764,2021,0.805,494582.61
POL002765,2022,0.785,3163973.25
POL002766,2023,0.985,3089002.32
POL002766,2024,0.966,2918205.22
POL002767,2018,0.692,1570975.91
POL002767,2019,0.93,1717773.57
POL002767,2020,0.679,1662415.11
POL002767,2021,0.953,1557383.57
POL002768,2021,0.966,1838561.55
POL002768,2022,0.672,1754296.04
POL002768,2023,0.619,1849558.35
POL002769,2022,0.603,1946358.93
POL002769,2023,0.903,2021020.26
POL002770,2024,0.694,4345777.22
POL002771,2021,0.784,2363528.51
POL002771,2022,0.93,2201337.46
POL002772,2021,0.932,8343827.82
POL002772,2022,0.853,9292359.01
POL002773,2022,0.83,2409270.52
POL002774,2023,0.763,11804875.88
POL002774,2024,0.912,11813677.05
POL002775,2020,0.896,790732.23
POL002776,2021,0.861,1214992.12
POL002776,2022,0.792,1308068.88
POL002776,2023,0.608,1213471.23
POL002777,2022,0.804,4924141.15
POL002777,2023,0.819,4362118.67
POL002777,2024,0.796,4905206.12
POL002778,2022,0.884,2276661.73
POL002778,2023,0.602,2327218.17
POL002779,2020,0.741,714851.42
POL002779,2021,0.707,741093.93
POL002779,2022,0.856,716480.39
POL002779,2023,0.835,802327.91
POL002780,2020,0.938,2589598.88
POL002781,2024,0.615,497318.08
POL002782,2021,0.882,1705162.49
POL002782,2022,0.92,1773258.62
POL002783,2022,0.613,1810535.67
POL002783,2023,0.795,1767144.19
POL002783,2024,0.775,1983715.87
POL002784,2022,0.765,1698140.57
POL002785,2021,0.668,1230196.17
POL002786,2019,0.836,734641.56
POL002787,2023,0.715,995771.79
POL002787,2024,0.676,991916.41
POL002788,2018,0.686,5192145.05
POL002789,2022,0.858,579191.41
POL002790,2019,0.832,5865234.29
POL002791,2023,0.799,1274782.29
POL002792,2021,0.749,5749206.94
POL002792,2022,0.847,5294100.62
POL002793,2024,0.959,759999.85
POL002794,2024,0.882,449254.11
POL002795,2018,0.74,1721547.75
POL002796,2019,0.937,4702388.16
POL002796,2020,0.625,4861761.61
POL002797,2021,0.71,867627.09
POL002797,2022,0.802,915687.56
POL002798,2020,0.721,3685546.57
POL002799,2021,0.69,1571293.53
POL002799,2022,0.62,1707069.09
POL002800,2018,0.948,473148.8
POL002801,2018,0.874,1171638.97
POL002801,2019,0.683,1254231.27
POL002802,2024,0.972,2622392.99
POL002803,2024,0.959,1297270.74
POL002804,2020,0.814,757579.88
POL002805,2020,0.807,441356.77
POL002806,2020,0.869,1331592.87
POL002806,2021,0.806,1418844.85
POL002806,2022,0.812,1448141.26
POL002806,2023,0.698,1367255.51
POL002807,2022,0.65,1091175.83
POL002807,2023,0.672,1139299.98
POL002808,2020,0.78,2081143.15
POL002808,2021,0.624,2161072.86
POL002808,2022,0.625,2092172.23
POL002809,2022,0.813,4531568.08
POL002810,2019,0.649,5298258.96
POL002810,2020,0.752,5691659.28
POL002811,2018,0.946,2033796.2
POL002811,2019,0.979,1978953.4
POL002811,2020,0.805,1973754.08
POL002812,2020,0.933,5044206.77
POL002812,2021,0.981,4606813.31
POL002813,2023,0.646,1705374.77
POL002813,2024,0.659,1634972.71
POL002814,2018,0.726,2580249.65
POL002814,2019,1,2818833.05
POL002815,2022,0.69,1106435.4
POL002816,2023,0.925,1007050.26
POL002817,2020,0.694,650490.33
POL002817,2021,0.743,594398.61
POL002818,2020,0.92,2701507.28
POL002818,2021,0.621,2382550.13
POL002818,2022,0.789,2538610.39
POL002818,2023,0.729,2543201.51
POL002819,2024,0.634,4052323.58
POL002820,2024,0.946,674905.44
POL002821,2024,0.659,1761573.43
POL002822,2020,0.644,1923939
POL002823,2022,0.807,2703996.88
POL002824,2018,0.711,1805969.74
POL002824,2019,0.643,1960275.95
POL002825,2024,0.946,1664489.19
POL002826,2020,0.905,1099853.31
POL002826,2021,0.754,1250786.34
POL002826,2022,0.678,1236560.22
POL002827,2021,0.646,5952148.35
POL002828,2020,0.92,2297434.28
POL002829,2024,0.856,1142150.82
POL002830,2024,0.629,7818563.64
POL002831,2019,0.953,1720627.4
POL002831,2020,0.621,1865664.83
POL002832,2021,0.614,2014146.08
POL002833,2024,0.637,2650318.09
POL002834,2019,0.888,1159987.98
POL002834,2020,0.766,1151997.05
POL002834,2021,0.966,1120515
POL002835,2020,0.752,712123.79
POL002835,2021,0.704,656990.84
POL002836,2018,0.721,773188.25
POL002836,2019,0.86,813814.99
POL002837,2018,0.936,723607.8
POL002838,2018,0.719,1572432.44
POL002838,2019,0.609,1685268.72
POL002839,2023,0.9,466561.86
POL002839,2024,0.643,423755.89
POL002840,2020,0.919,734867.4
POL002840,2021,0.988,730005.5
POL002841,2024,0.986,560538.78
POL002842,2022,0.803,3126484.45
POL002842,2023,0.724,2974712.84
POL002843,2023,0.628,5201855.58
POL002843,2024,0.699,5014901.19
POL002844,2022,0.677,5446335
POL002844,2023,0.997,5065206.5
POL002844,2024,0.605,5092934.32
POL002845,2023,0.936,4528984.95
POL002846,2024,0.911,4113909.27
POL002847,2020,0.965,1012432.92
POL002848,2023,0.681,814969.81
POL002848,2024,0.817,915429.63
POL002849,2022,0.894,432602.32
POL002849,2023,0.986,487192.43
POL002850,2020,0.992,860469.14
POL002851,2024,0.927,5363786.95
POL002852,2019,0.909,364645.53
POL002852,2020,0.712,370644.72
POL002852,2021,0.759,351605.41
POL002853,2021,0.976,1301761.51
POL002854,2021,0.754,10398060.66
POL002855,2020,0.821,1500185.71
POL002856,2023,0.61,3879497.75
POL002856,2024,0.88,3902467.75
POL002857,2020,0.958,1619494.07
POL002857,2021,0.796,1604265.32
POL002857,2022,0.809,1666087.32
POL002857,2023,0.638,1809993.67
POL002858,2019,0.834,2028886.49
POL002858,2020,0.792,1945599.6
POL002859,2019,0.963,2446384.57
POL002860,2021,0.665,832891.55
POL002860,2022,0.779,895432
POL002860,2023,0.786,929837.18
POL002861,2020,0.64,928368.58
POL002862,2021,0.751,11214095.55
POL002863,2022,0.796,601194.44
POL002863,2023,0.785,568142.4
POL002864,2020,0.961,1965792.13
POL002864,2021,0.885,2046653.91
POL002864,2022,0.621,1865907.82
POL002865,2022,0.761,2644490.93
POL002866,2018,0.8,1943509.87
POL002866,2019,0.758,1890990.5
POL002867,2021,0.662,1451884.76
POL002867,2022,0.945,1541285.31
POL002867,2023,0.999,1465872.92
POL002868,2018,0.949,542067.05
POL002868,2019,0.951,598321.11
POL002869,2023,0.656,4566445.57
POL002870,2021,0.997,344504.65
POL002870,2022,0.868,325515.02
POL002871,2024,0.884,5158134.92
POL002872,2023,0.633,3001283.26
POL002873,2023,0.728,1111471.27
POL002874,2023,0.725,2026966.73
POL002875,2020,0.778,3313644.69
POL002875,2021,0.872,3357725.19
POL002875,2022,0.754,3679353.57
POL002876,2018,0.804,1307284.92
POL002877,2018,0.99,2310540.15
POL002878,2020,0.805,493942.76
POL002879,2020,0.926,5874838.45
POL002880,2020,0.721,4370412.09
POL002880,2021,0.881,4228004.5
POL002881,2020,0.739,1106034.38
POL002882,2024,0.707,1857949.04
POL002883,2018,0.82,3584961.49
POL002884,2018,0.703,5172246.72
POL002884,2019,0.643,5397804.03
POL002885,2021,0.697,714160.25
POL002886,2022,0.697,4280408.71
POL002887,2024,0.801,2554492.92
POL002888,2018,0.708,1124778.85
POL002888,2019,0.656,1078020.61
POL002889,2024,0.714,1477263.37
POL002890,2019,0.831,2175652.77
POL002891,2022,0.751,1198128.52
POL002892,2020,0.698,4051068.23
POL002892,2021,0.75,4277268.65
POL002893,2018,0.984,571902.77
POL002893,2019,0.647,606368.97
POL002894,2022,0.785,3192399.73
POL002894,2023,0.903,3299205.13
POL002895,2021,0.619,957980.83
POL002895,2022,0.875,995174.47
POL002895,2023,0.777,1048939.96
POL002896,2024,0.67,1456004.86
POL002897,2019,0.818,1083413.37
POL002898,2023,0.616,3006683.97
POL002898,2024,0.966,2751326.17
POL002899,2019,0.682,2775152.46
POL002900,2023,0.648,1585353
POL002900,2024,0.931,1743341.46
POL002901,2022,0.604,1056288.93
POL002901,2023,0.911,1025490.31
POL002902,2022,0.981,12988758.24
POL002902,2023,0.95,14838295.14
POL002903,2018,0.785,7332832.92
POL002903,2019,0.784,7353075.99
POL002903,2020,0.991,8090601.4
POL002904,2021,0.88,2583426.42
POL002905,2019,0.679,6127915.59
POL002905,2020,0.715,6481670.27
POL002905,2021,0.962,5734274.05
POL002905,2022,0.613,6332943.88
POL002906,2022,0.923,1929212.08
POL002907,2021,0.938,1944022.28
POL002907,2022,0.964,1936441.23
POL002908,2020,0.883,768911.67
POL002909,2018,0.619,662105.08
POL002909,2019,0.669,681490.69
POL002910,2024,0.735,9123642.14
POL002911,2023,0.835,5385789.92
POL002911,2024,0.968,5132749.93
POL002912,2024,0.903,410329.77
POL002913,2021,0.779,2408790.07
POL002913,2022,0.601,2520274.13
POL002914,2021,0.981,607908.23
POL002915,2022,0.87,607289.95
POL002916,2019,0.788,1838956.06
POL002916,2020,0.659,1753033.06
POL002917,2018,0.913,1400910.27
POL002917,2019,0.831,1277967.27
POL002918,2020,0.661,2024857.77
POL002918,2021,0.982,1849981.53
POL002919,2022,0.724,2059934.01
POL002919,2023,0.726,1978634.66
POL002919,2024,0.765,1981689.05
POL002920,2018,0.987,2857516.46
POL002920,2019,0.965,2951212.48
POL002921,2021,0.811,1301432.13
POL002921,2022,0.633,1360224.48
POL002922,2024,0.917,1309953.15
POL002923,2020,0.758,841124.9
POL002923,2021,0.896,792208.1
POL002923,2022,0.677,818566.15
POL002923,2023,0.999,817177.15
POL002924,2020,0.805,547851.5
POL002924,2021,0.626,606496.51
POL002925,2019,0.8,3159219.02
POL002926,2019,0.958,3102611.39
POL002926,2020,0.965,3169100.05
POL002926,2021,0.726,3369300.71
POL002927,2021,0.744,1031032.35
POL002928,2022,0.737,3721314.28
POL002929,2019,0.665,664496.13
POL002929,2020,0.772,667922.63
POL002930,2018,0.743,593367.09
POL002930,2019,0.698,626023.87
POL002930,2020,0.914,641581.44
POL002931,2020,0.676,119822.92
POL002931,2021,0.756,123886.32
POL002931,2022,0.799,127841.4
POL002932,2024,0.657,492042.42
POL002933,2022,0.779,3626505.26
POL002933,2023,0.631,3440978.26
POL002933,2024,0.861,3320212.58
POL002934,2022,0.657,4367526.43
POL002934,2023,0.688,4525550.47
POL002935,2023,0.813,722107.82
POL002936,2022,0.941,1348712.97
POL002937,2020,0.976,1485357.92
POL002938,2020,0.939,425568.73
POL002939,2018,0.944,8142135.3
POL002940,2018,0.768,676001.89
POL002941,2022,0.687,8183560.28
POL002941,2023,0.797,8149655.4
POL002941,2024,0.975,7902836.13
POL002942,2019,0.61,2675684.09
POL002942,2020,0.618,2780007.13
POL002943,2020,0.671,473126.96
POL002943,2021,0.871,510056
POL002943,2022,0.912,499880.25
POL002943,2023,0.619,513823.31
POL002944,2022,0.935,1256964.59
POL002945,2022,0.947,1909937.05
POL002945,2023,0.647,1999077.88
POL002946,2022,0.71,1012058.88
POL002946,2023,0.679,911555.18
POL002947,2020,0.92,800501.84
POL002947,2021,0.854,897010.8
POL002947,2022,0.661,800231.06
POL002948,2024,0.763,2334488.3
POL002949,2021,0.819,3647368.48
POL002950,2020,0.89,10413952.78
POL002950,2021,0.731,11050265.86
POL002950,2022,0.614,10218221.59
POL002950,2023,0.802,11471051.31
POL002951,2018,0.728,3781642.74
POL002951,2019,0.991,3610278.8
POL002951,2020,0.945,3680543.32
POL002952,2019,0.76,786291.35
POL002952,2020,0.66,843156.92
POL002952,2021,0.653,825943.27
POL002953,2020,0.978,813872.14
POL002954,2018,0.949,1719481.02
POL002954,2019,0.968,1653979.64
POL002954,2020,0.997,1706021.81
POL002954,2021,0.77,1684354.58
POL002955,2023,0.956,5014713.72
POL002955,2024,0.663,5211099.41
POL002956,2021,0.921,655110.4
POL002956,2022,0.622,637405.62
POL002956,2023,0.964,622380.62
POL002957,2021,0.772,470269.25
POL002957,2022,0.648,472067.96
POL002958,2023,0.633,641054.36
POL002959,2019,0.782,4215345.17
POL002959,2020,0.792,4465305.1
POL002959,2021,0.981,4015539.12
POL002960,2019,0.907,3948789.6
POL002960,2020,0.603,4047117.29
POL002960,2021,0.842,3672148.26
POL002961,2024,0.703,2893016.37
POL002962,2019,0.831,2150919.5
POL002962,2020,0.892,2087518.43
POL002963,2019,0.72,2826674.76
POL002964,2024,0.801,2866551.68
POL002965,2018,0.945,903093.74
POL002965,2019,0.772,882530.45
POL002966,2023,0.771,1330275.42
POL002966,2024,0.899,1367576.76
POL002967,2023,0.849,820951.69
POL002968,2024,0.607,3744011.69
POL002969,2020,0.866,1957824.98
POL002970,2019,0.759,5583685.23
POL002970,2020,0.78,5327395.97
POL002971,2024,0.869,3351045.54
POL002972,2022,0.862,900488.33
POL002973,2019,0.852,1653673.35
POL002973,2020,0.849,1656407.87
POL002973,2021,0.763,1645913.55
POL002973,2022,0.63,1566252.02
POL002974,2018,0.882,5181022.03
POL002975,2023,0.751,1558799.65
POL002975,2024,0.625,1543026.31
POL002976,2019,0.908,688590.06
POL002977,2023,0.756,2445043.83
POL002977,2024,0.87,2405532.07
POL002978,2023,0.733,1188932.82
POL002978,2024,0.863,1115757.07
POL002979,2022,0.988,1679465.53
POL002980,2022,0.666,405758.48
POL002980,2023,0.82,439598.14
POL002980,2024,0.883,428698.01
POL002981,2024,0.647,7381829.64
POL002982,2023,0.831,690477.14
POL002982,2024,0.975,731116.44
POL002983,2018,0.732,1138005.44
POL002983,2019,0.768,1065151.75
POL002984,2020,0.724,8234524.73
POL002984,2021,0.708,8508165.22
POL002984,2022,0.947,7844701.44
POL002985,2024,0.605,435353.63
POL002986,2021,0.988,629372.49
POL002987,2019,0.759,3177561.95
POL002988,2023,0.997,206592.06
POL002988,2024,0.883,191184.4
POL002989,2019,0.93,807641.6
POL002989,2020,0.696,725755.02
POL002990,2023,0.945,1323643.63
POL002990,2024,0.659,1377937.13
POL002991,2020,0.758,3883445.15
POL002991,2021,0.991,3942883.15
POL002992,2018,0.639,107447.68
POL002992,2019,0.726,111430.29
POL002993,2018,0.822,5285121.31
POL002993,2019,0.925,5381040.64
POL002993,2020,0.83,5534394.32
POL002994,2019,0.829,2361285.01
POL002995,2021,0.878,5994628.94
POL002996,2020,0.804,608123.9
POL002996,2021,0.85,578584.14
POL002997,2022,0.903,2004237.32
POL002997,2023,0.885,1855799.79
POL002998,2019,0.684,3620420.65
POL002998,2020,0.806,3518400.82
POL002998,2021,0.983,3565778.14
POL002998,2022,0.968,3729423.27
POL002999,2024,0.637,4079846.57
POL003000,2023,0.871,523290.82
POL003000,2024,0.934,483902.75
POL003001,2022,0.644,6889473.45
POL003001,2023,0.669,6826468.94
POL003002,2024,0.685,1789505.97
POL003003,2020,0.832,1017584.5
POL003003,2021,0.944,988642.88
POL003004,2023,0.625,932897.41
POL003004,2024,0.759,965415.99
POL003005,2024,0.994,2840672.32
POL003006,2021,0.911,531097.8
POL003006,2022,0.793,493158.37
POL003006,2023,0.904,470153.67
POL003006,2024,0.973,527461.88
POL003007,2019,0.761,1824350.19
POL003008,2021,0.933,8023564.35
POL003009,2020,0.911,1265021.01
POL003009,2021,0.623,1429963.42
POL003010,2020,0.854,1208440.18
POL003011,2021,0.661,1751023.48
POL003011,2022,0.923,1971447.91
POL003012,2023,0.736,3227726.44
POL003012,2024,0.853,2928684.72
POL003013,2021,0.838,900375.52
POL003013,2022,0.719,869810.84
POL003013,2023,0.815,987565.08
POL003014,2020,0.825,8806503.21
POL003014,2021,0.846,8777930.99
POL003014,2022,0.686,8960024.55
POL003015,2018,0.938,1453264.26
POL003016,2024,0.816,1016584.79
POL003017,2023,0.688,4016708.34
POL003018,2020,0.806,5600764.13
POL003019,2021,0.997,1484536.56
POL003019,2022,0.714,1652130.51
POL003019,2023,0.759,1597676.54
POL003019,2024,0.622,1502920.3
POL003020,2023,0.794,3262751.56
POL003020,2024,0.692,3378136.44
POL003021,2019,0.788,1946284.02
POL003021,2020,0.996,1839446.92
POL003022,2024,0.873,1176821.51
POL003023,2020,0.943,119858.79
POL003023,2021,0.742,117407.76
POL003023,2022,0.838,118116.55
POL003024,2021,0.891,6977281.55
POL003024,2022,0.732,7492342.92
POL003025,2022,0.606,1283341.92
POL003025,2023,0.915,1338208.16
POL003026,2023,0.732,3104958.7
POL003026,2024,0.837,3106466.02
POL003027,2018,0.816,547665.77
POL003027,2019,0.719,498922.24
POL003027,2020,0.761,483423.37
POL003027,2021,0.62,517516.82
POL003028,2022,0.799,3300136.49
POL003029,2022,0.671,3978268.78
POL003030,2019,0.866,767370.8
POL003030,2020,0.634,807156.7
POL003031,2021,0.642,2189598.7
POL003031,2022,0.793,2243199.76
POL003032,2018,0.632,511637.43
POL003032,2019,0.949,503260.82
POL003033,2020,0.621,2539368.25
POL003033,2021,0.744,2401202.92
POL003034,2021,0.987,7031623.48
POL003035,2019,0.767,1797598.18
POL003035,2020,0.804,1936334.27
POL003036,2020,0.913,1384605.03
POL003036,2021,0.884,1349888.76
POL003037,2023,0.673,19340673.5
POL003038,2019,0.914,599814.72
POL003038,2020,0.942,632236.15
POL003038,2021,0.959,642162.48
POL003038,2022,0.929,585461.22
POL003039,2021,0.949,1976751.5
POL003040,2018,0.658,1387936.4
POL003041,2023,0.895,4167350.9
POL003041,2024,0.932,4382667.11
POL003042,2018,0.672,438355.15
POL003042,2019,0.886,430888.95
POL003043,2024,0.987,9973104.24
POL003044,2024,0.956,1918620.88
POL003045,2019,0.673,1395515.34
POL003045,2020,0.61,1351274.57
POL003046,2020,0.839,2043751.07
POL003046,2021,0.775,2098295.97
POL003047,2019,0.948,932170.54
POL003048,2020,0.713,3989177.3
POL003048,2021,0.699,4045309.6
POL003049,2023,0.679,4751496.5
POL003050,2022,0.897,1721700.75
POL003050,2023,0.914,1589686.22
POL003051,2023,0.932,2339834.06
POL003052,2023,0.817,630132.78
POL003052,2024,0.663,707274.38
POL003053,2019,0.631,2402502.21
POL003053,2020,0.69,2242867.42
POL003054,2023,0.934,3988544.66
POL003055,2021,0.775,1032261.33
POL003056,2019,0.871,3154518.24
POL003057,2020,0.649,385691.18
POL003058,2020,0.804,1420321.67
POL003059,2024,0.888,2509236.32
POL003060,2024,0.849,1632125.41
POL003061,2018,0.972,5213978.32
POL003062,2021,0.678,1770307.68
POL003062,2022,0.625,1774731.06
POL003063,2018,0.904,2631561.92
POL003064,2018,0.958,3126985.14
POL003065,2024,0.99,1592451.29
POL003066,2022,0.804,3476414.21
POL003067,2018,0.781,1025838.37
POL003068,2023,0.85,648345.69
POL003069,2019,0.732,525595.27
POL003070,2021,0.71,2115978.9
POL003070,2022,0.773,2221146.26
POL003070,2023,0.795,2033372.73
POL003071,2019,0.997,3524284.66
POL003071,2020,0.672,3629589.11
POL003072,2018,0.625,1936515.55
POL003072,2019,0.761,1908953.32
POL003072,2020,0.808,2016136.39
POL003073,2021,0.794,1485609.65
POL003073,2022,0.761,1377354.93
POL003073,2023,0.685,1332530.78
POL003074,2019,0.974,4685070.28
POL003074,2020,0.959,4617522.58
POL003074,2021,0.832,4879235.13
POL003075,2024,0.804,3836285.22
POL003076,2020,0.729,1929538.85
POL003076,2021,0.994,1760069.71
POL003076,2022,0.749,1732103.88
POL003076,2023,0.665,1958811.79
POL003077,2023,0.711,812591.19
POL003077,2024,0.975,762597.82
POL003078,2023,0.996,1942323.94
POL003078,2024,0.908,1974696.52
POL003079,2024,0.604,1276017.75
POL003080,2024,0.708,793273.96
POL003081,2021,0.932,907229.61
POL003082,2021,0.836,3868097.99
POL003082,2022,0.895,3591016.21
POL003082,2023,0.978,3850885.62
POL003082,2024,0.921,4113852.76
POL003083,2018,0.648,3176148.43
POL003083,2019,0.944,3550406.39
POL003084,2018,0.814,934361.85
POL003084,2019,0.646,830022.61
POL003085,2020,0.642,3479970.58
POL003086,2020,0.972,1186863.07
POL003086,2021,0.629,1232902.55
POL003086,2022,0.957,1233843.06
POL003087,2019,0.93,1712066.69
POL003087,2020,0.996,1848744.78
POL003087,2021,0.618,1776159.3
POL003087,2022,0.917,1746212.46
POL003088,2022,0.994,1745651.05
POL003089,2020,0.692,13910240.8
POL003089,2021,0.947,13811331.42
POL003090,2021,0.774,1223647.53
POL003091,2024,0.691,4741644.99
POL003092,2021,0.714,1438246.74
POL003093,2020,0.61,1761390.41
POL003094,2022,0.92,1971102.99
POL003094,2023,0.946,1976465.05
POL003095,2019,0.977,4532232.61
POL003095,2020,0.9,4446428.49
POL003095,2021,0.977,4026358.87
POL003096,2021,0.931,1147411.82
POL003097,2019,0.782,7385344.08
POL003097,2020,0.614,7404785.57
POL003098,2021,0.796,2083404.66
POL003098,2022,0.952,2089339.54
POL003099,2021,0.603,6759383.08
POL003099,2022,0.982,7125254.26
POL003099,2023,0.697,6463120.81
POL003099,2024,0.678,7085226.09
POL003100,2024,0.888,2063515.49
POL003101,2024,0.804,953979.79
POL003102,2023,0.721,950506.07
POL003102,2024,0.684,891692.5
POL003103,2021,0.744,1450266.63
POL003103,2022,0.874,1309760.8
POL003103,2023,0.845,1338008.28
POL003104,2021,0.975,1555149.2
POL003105,2024,0.962,4293654.77
POL003106,2024,0.737,6856767.15
POL003107,2019,0.941,1903190.01
POL003107,2020,0.677,1894672.68
POL003108,2022,0.734,1873860.58
POL003108,2023,0.783,1868267.61
POL003108,2024,0.988,1815642.22
POL003109,2021,0.843,725743.83
POL003109,2022,0.992,817366.39
POL003110,2023,0.9,3607439.68
POL003110,2024,0.925,3868023.69
POL003111,2020,0.631,2058864.11
POL003111,2021,0.999,1966720.71
POL003112,2023,0.967,1471693.54
POL003113,2021,0.807,2683750.89
POL003113,2022,0.61,2484518.62
POL003113,2023,0.799,2576866.58
POL003114,2020,0.732,1453998.93
POL003114,2021,0.703,1390683.92
POL003114,2022,0.996,1311360.02
POL003115,2018,0.75,2561270.69
POL003116,2018,0.835,4430352.75
POL003116,2019,0.82,4769079.87
POL003117,2019,0.621,2720086.72
POL003117,2020,0.968,2698510.55
POL003118,2024,0.929,1949395.29
POL003119,2024,0.687,7168086.55
POL003120,2024,0.971,1900027.45
POL003121,2018,0.99,1303498.95
POL003122,2018,0.741,639202.57
POL003123,2021,0.623,6279374.85
POL003124,2024,0.962,2009283.37
POL003125,2019,0.857,3964788.57
POL003125,2020,0.863,3814099.45
POL003125,2021,0.872,4213834.33
POL003126,2024,0.827,1037384.58
POL003127,2021,0.838,4750075.35
POL003127,2022,0.939,4716012.64
POL003127,2023,0.779,4766771.63
POL003128,2018,0.724,478511.66
POL003128,2019,0.792,481361.06
POL003129,2023,0.97,11798256.37
POL003129,2024,0.707,11723237.62
POL003130,2022,0.784,1721969.45
POL003131,2023,0.608,1415851.41
POL003131,2024,0.703,1352685.02
POL003132,2023,0.813,768386.84
POL003132,2024,0.636,843870.83
POL003133,2019,0.681,16698005.72
POL003134,2024,0.702,904945.03
POL003135,2020,0.643,2353347.06
POL003135,2021,0.681,2310041.56
POL003135,2022,0.754,2115155.56
POL003136,2023,0.75,4056462.95
POL003136,2024,0.986,4428362.09
POL003137,2018,0.828,4643632.84
POL003137,2019,0.627,4625145.48
POL003137,2020,0.671,4364491.89
POL003138,2020,0.902,3915869.93
POL003138,2021,0.983,3967624.21
POL003138,2022,0.972,4181429.24
POL003139,2018,0.633,7327062.99
POL003140,2021,0.885,4011945.38
POL003141,2023,0.898,2539043.77
POL003142,2018,0.919,7737671.97
POL003143,2020,0.914,871051.59
POL003144,2019,0.62,565738.41
POL003144,2020,0.711,527337.61
POL003144,2021,0.819,570017.52
POL003145,2022,0.909,1242027.8
POL003145,2023,0.918,1334863.53
POL003145,2024,0.677,1186599.28
POL003146,2020,0.921,1172445.75
POL003147,2019,0.86,1590656.33
POL003148,2020,0.751,4340245.29
POL003148,2021,0.669,4123375.08
POL003148,2022,0.63,4268958.43
POL003149,2019,0.923,7972522.37
POL003150,2020,0.745,1071062.95
POL003150,2021,0.765,1033857.37
POL003151,2022,0.776,733759.35
POL003152,2019,0.624,998955.1
POL003152,2020,0.856,997730.91
POL003153,2018,0.997,4185172.79
POL003154,2019,0.86,970205.85
POL003154,2020,0.902,941648.7
POL003154,2021,0.754,950799.24
POL003154,2022,0.907,927324.75
POL003155,2022,0.8,1949351.14
POL003156,2020,0.769,5183883.29
POL003156,2021,0.912,4867613.2
POL003156,2022,0.868,5494582.37
POL003157,2024,0.631,828905.68
POL003158,2021,0.965,2224623.97
POL003159,2021,0.797,1002608.33
POL003159,2022,0.613,910792.84
POL003160,2018,0.68,2871372.28
POL003161,2023,0.71,2156556.66
POL003161,2024,0.842,2246272.32
POL003162,2022,0.888,1196379.03
POL003162,2023,0.724,1132952.69
POL003162,2024,0.752,1153963.87
POL003163,2019,0.985,4000176.34
POL003163,2020,0.708,3964536.36
POL003164,2018,0.655,796390.56
POL003164,2019,0.64,732724.6
POL003164,2020,0.976,781493.01
POL003165,2023,0.958,4089771.1
POL003166,2024,0.719,1201325.71
POL003167,2020,0.706,12010970.29
POL003167,2021,0.649,11840758.97
POL003168,2022,0.935,3987294.55
POL003168,2023,0.915,4075911.27
POL003169,2019,0.718,3757657.46
POL003169,2020,0.845,3879271.5
POL003169,2021,0.86,3722774
POL003170,2019,0.778,3228907.6
POL003170,2020,0.944,3141718.98
POL003170,2021,0.632,3416012.28
POL003170,2022,0.664,3098116.73
POL003171,2021,0.753,1549546.97
POL003171,2022,0.644,1655941.77
POL003172,2022,0.6,8558278.72
POL003173,2021,0.8,1586596.11
POL003174,2018,0.971,1198000.86
POL003175,2018,0.618,6500106.46
POL003175,2019,0.934,6834520.12
POL003176,2023,0.866,2203236.12
POL003177,2018,0.723,9795456.51
POL003177,2019,0.872,10396181.49
POL003178,2020,0.948,4229819.85
POL003178,2021,0.763,4362552.52
POL003178,2022,0.721,4364718.82
POL003179,2019,0.949,634531.1
POL003179,2020,0.759,655348.27
POL003179,2021,0.644,658317.67
POL003180,2020,0.922,1055961.3
POL003180,2021,0.705,1034605.98
POL003180,2022,0.609,1027556.22
POL003180,2023,0.644,950952.39
POL003181,2024,0.867,2674453
POL003182,2024,0.773,4129451.42
POL003183,2022,0.603,6703429.18
POL003183,2023,0.975,6727349.6
POL003183,2024,0.634,6251401.62
POL003184,2020,0.856,2985028.39
POL003184,2021,0.631,3097523.82
POL003184,2022,0.625,2967601
POL003184,2023,0.771,2849211.68
POL003185,2024,0.689,3509244.09
POL003186,2021,0.808,2386298
POL003187,2021,0.803,513080.66
POL003187,2022,0.736,545515.07
POL003188,2024,0.653,1118811.97
POL003189,2019,0.836,2591855.67
POL003190,2022,0.748,7810433.84
POL003191,2022,0.914,615626.52
POL003192,2022,0.632,4727920.73
POL003192,2023,0.601,4558046
POL003192,2024,0.976,4755314.81
POL003193,2020,0.655,2431454.44
POL003194,2023,0.939,786678.91
POL003194,2024,0.601,803142.57
POL003195,2020,0.777,1333755.25
POL003196,2022,0.616,5933222.19
POL003196,2023,0.906,5699313.61
POL003197,2024,0.756,7727730.14
POL003198,2018,0.676,3853899.79
POL003198,2019,0.693,4127465.03
POL003198,2020,0.859,4146291.92
POL003198,2021,0.745,3918467.18
POL003199,2018,0.686,1797245.23
POL003199,2019,0.769,1716774.65
POL003199,2020,0.714,1747143.8
POL003199,2021,0.615,1740671.32
POL003200,2021,0.765,4386653.98
POL003201,2018,0.737,1439891.71
POL003202,2020,0.698,11114771.38
POL003202,2021,0.673,10054443.85
POL003203,2021,0.918,2491265.65
POL003204,2023,0.933,417500.6
POL003205,2022,0.896,3095853.4
POL003205,2023,0.797,3117189.18
POL003206,2024,0.914,1369886.36
POL003207,2021,0.932,2444358.22
POL003208,2020,0.661,1533115.93
POL003208,2021,0.636,1458722.6
POL003209,2018,0.805,450806.09
POL003210,2020,0.841,1699047.34
POL003210,2021,0.799,1717513.69
POL003210,2022,0.789,1638936.48
POL003211,2021,0.927,3115395.32
POL003211,2022,0.876,3005191.15
POL003212,2019,0.676,6495627.47
POL003212,2020,0.797,6541088.15
POL003212,2021,0.637,7199778.25
POL003213,2021,0.606,4186338.15
POL003213,2022,0.924,4285875.91
POL003214,2020,0.722,798349.66
POL003215,2022,0.659,2403400.04
POL003215,2023,0.803,2111704.54
POL003216,2023,0.672,5398778.56
POL003216,2024,0.923,5978052.64
POL003217,2022,0.693,3884023.49
POL003218,2021,0.794,2183843.15
POL003219,2019,0.701,8523293.89
POL003219,2020,0.911,9005925.46
POL003219,2021,0.722,8454099.65
POL003219,2022,0.988,9286520.88
POL003220,2020,0.622,852912.93
POL003220,2021,0.759,890042.55
POL003220,2022,0.692,968519.34
POL003221,2023,0.8,10497604.99
POL003222,2021,0.935,1877561.82
POL003222,2022,0.809,2009150.63
POL003222,2023,0.627,2068362.11
POL003223,2023,0.702,651110.16
POL003223,2024,0.92,633366.58
POL003224,2018,0.977,2631092.25
POL003225,2018,0.728,2563059.82
POL003225,2019,0.629,2727976.89
POL003225,2020,0.604,2544743.57
POL003226,2020,0.617,3053625.84
POL003227,2019,0.925,1228070.68
POL003228,2023,0.92,1092564.41
POL003228,2024,0.802,1219257.1
POL003229,2020,0.799,3166713.75
POL003229,2021,0.739,3096759.5
POL003229,2022,0.887,3050317.45
POL003230,2020,0.951,2181740.61
POL003230,2021,0.93,2035300.95
POL003230,2022,0.735,1936258.64
POL003230,2023,0.934,2179604.76
POL003231,2023,0.719,5635091.58
POL003232,2018,0.731,840679.95
POL003233,2024,0.889,3343749.34
POL003234,2018,0.903,1702527.95
POL003234,2019,0.714,1630200.87
POL003235,2020,0.848,1485279.97
POL003235,2021,0.671,1551183.93
POL003235,2022,0.806,1463520.52
POL003235,2023,0.981,1568455.43
POL003236,2021,0.678,3762849.87
POL003236,2022,0.604,3969705.44
POL003237,2024,0.724,4550305.2
POL003238,2023,0.913,3518167.14
POL003238,2024,0.678,3669016.13
POL003239,2018,0.876,704201.67
POL003239,2019,0.66,716183.79
POL003240,2020,0.763,1297896.84
POL003240,2021,0.904,1201009.97
POL003241,2020,0.994,1109469.05
POL003241,2021,0.926,1054476.17
POL003242,2021,0.74,1175399.3
POL003242,2022,0.741,1216486.36
POL003242,2023,0.795,1150945.17
POL003243,2023,0.837,309017.1
POL003244,2023,0.988,1652278.22
POL003244,2024,0.762,1655607.09
POL003245,2023,0.611,1435744.35
POL003246,2024,0.936,3586880.19
POL003247,2021,0.933,909539.18
POL003247,2022,0.653,866176.18
POL003248,2020,0.641,1947259.29
POL003248,2021,0.972,2189421.76
POL003249,2020,0.807,6126342.89
POL003249,2021,0.85,6170403.75
POL003249,2022,0.729,6567936.18
POL003250,2018,0.805,8996243.52
POL003250,2019,0.676,9402326.13
POL003250,2020,0.932,8583415.49
POL003251,2022,0.929,2982124.79
POL003252,2022,0.735,5317903.17
POL003253,2018,0.792,1149115.03
POL003253,2019,0.963,1137538.36
POL003254,2023,0.685,5114026.27
POL003254,2024,0.839,4990913.53
POL003255,2023,0.611,3161595.78
POL003255,2024,0.701,3276050.37
POL003256,2019,0.808,9042416.27
POL003256,2020,0.993,9212043.36
POL003257,2021,0.652,3913279.81
POL003257,2022,0.805,3591315.68
POL003258,2020,0.882,1644345.45
POL003258,2021,0.981,1541137.74
POL003259,2023,0.8,1548645.18
POL003259,2024,0.678,1520141.97
POL003260,2020,0.949,7365275.29
POL003260,2021,0.757,6832144.64
POL003260,2022,0.887,7045006.77
POL003261,2018,0.702,2232796.94
POL003262,2021,0.933,5301006.98
POL003262,2022,0.686,5440153.7
POL003262,2023,0.616,5484091.68
POL003262,2024,0.844,5154629.81
POL003263,2018,0.621,3494901.64
POL003263,2019,0.755,3244253.97
POL003263,2020,0.684,3105554.16
POL003264,2019,0.854,4088352.19
POL003264,2020,0.678,4130761.61
POL003265,2019,0.728,1725343.33
POL003265,2020,0.715,1736820.77
POL003265,2021,0.76,1691343.11
POL003266,2021,0.915,2919166.63
POL003266,2022,0.959,2855343.27
POL003266,2023,0.642,2671297
POL003267,2020,0.829,1258590.4
POL003268,2022,0.949,4160648.33
POL003269,2021,0.936,2574914.63
POL003270,2023,0.729,1443475.38
POL003270,2024,0.783,1357622
POL003271,2019,0.824,1041699.35
POL003271,2020,0.694,1113950.09
POL003272,2020,0.943,1753004.51
POL003272,2021,0.8,1585669.98
POL003272,2022,0.955,1754891.94
POL003273,2020,0.673,3246410.2
POL003273,2021,0.848,3469964.43
POL003274,2019,0.779,2246762.7
POL003274,2020,0.867,2018398.49
POL003274,2021,0.704,2287695.95
POL003275,2021,0.848,7976531.54
POL003275,2022,0.897,8313751.99
POL003276,2021,0.852,2755352.83
POL003276,2022,0.666,2816540.88
POL003277,2021,0.871,7950307.89
POL003278,2020,0.764,528758.93
POL003278,2021,0.839,480731.73
POL003279,2022,0.866,2639253.03
POL003279,2023,0.987,2494983.25
POL003280,2022,0.72,240114.44
POL003280,2023,0.91,218795.85
POL003281,2021,0.911,6457622.61
POL003281,2022,0.843,6196547.43
POL003282,2021,0.811,1504776.02
POL003283,2020,0.847,5061075.72
POL003284,2021,0.902,739332.66
POL003284,2022,0.836,777133.89
POL003285,2018,0.767,1660028.96
POL003286,2022,0.639,1293548.76
POL003286,2023,0.688,1289514.46
POL003286,2024,0.746,1309051.96
POL003287,2020,0.724,4139875.03
POL003287,2021,0.813,4258849.77
POL003287,2022,0.748,4376691.25
POL003288,2018,0.789,885194.53
POL003288,2019,0.746,906824.3
POL003288,2020,0.736,877623.63
POL003289,2019,0.727,2474502.26
POL003289,2020,0.777,2286899.21
POL003289,2021,0.638,2226145.59
POL003290,2024,0.883,2569708.84
POL003291,2023,0.82,3517629.55
POL003291,2024,0.785,3173410.89
POL003292,2020,0.639,1513879.02
POL003292,2021,0.961,1664993.4
POL003292,2022,0.701,1505964
POL003293,2019,0.822,2272003.17
POL003293,2020,0.909,2236600.34
POL003293,2021,0.996,2206424.21
POL003293,2022,0.749,2469813.45
POL003294,2024,0.877,2386809.59
POL003295,2020,0.86,1764325.42
POL003295,2021,0.614,1978490.93
POL003295,2022,0.868,1741507.95
POL003295,2023,0.691,1727866.02
POL003296,2021,0.689,6076241.83
POL003296,2022,0.657,5703122.63
POL003296,2023,0.997,5630128.72
POL003297,2022,0.978,561489
POL003297,2023,0.63,574671.7
POL003297,2024,0.773,531404.97
POL003298,2018,0.794,4979612.09
POL003298,2019,0.89,5680857.25
POL003299,2019,0.951,1189795.78
POL003300,2023,0.827,9684202.22
POL003300,2024,0.916,9794316.68
POL003301,2022,0.863,1214758.35
POL003301,2023,0.708,1243271.83
POL003301,2024,0.745,1298160.22
POL003302,2020,0.77,4182748.82
POL003303,2022,0.846,1433314.5
POL003303,2023,0.865,1609276.91
POL003303,2024,0.81,1634971.57
POL003304,2020,0.621,1921146.25
POL003304,2021,0.687,2007828.19
POL003304,2022,0.97,1964836.42
POL003305,2019,0.713,567203.75
POL003305,2020,0.816,611516.09
POL003305,2021,0.814,594601.74
POL003306,2024,0.966,3700436.47
POL003307,2019,0.607,1076167.38
POL003308,2024,0.973,5509688.76
POL003309,2020,0.946,434545.07
POL003309,2021,0.773,399363.84
POL003310,2020,0.733,2217640.02
POL003310,2021,0.817,2306519.59
POL003310,2022,0.927,2334698.56
POL003310,2023,0.847,2301722.77
POL003311,2018,0.928,2203251.77
POL003311,2019,0.706,1998510.8
POL003312,2024,0.96,1430049.44
POL003313,2021,0.902,512347.77
POL003313,2022,0.787,546153.66
POL003313,2023,0.866,493629.14
POL003314,2024,0.701,972156.48
POL003315,2019,0.798,657914.47
POL003315,2020,0.981,697309.24
POL003316,2021,0.945,1539742.71
POL003317,2018,0.702,7192730.24
POL003318,2021,0.78,732552.61
POL003318,2022,0.83,724386.89
POL003319,2019,0.935,3839322.37
POL003320,2018,0.629,2512859.9
POL003321,2024,0.67,520481.33
POL003322,2020,0.837,1787574.71
POL003323,2018,0.844,2723065.04
POL003323,2019,0.93,2662318.76
POL003324,2020,0.61,1614053.02
POL003324,2021,0.818,1401183.15
POL003325,2021,0.722,1296015.48
POL003325,2022,0.913,1429334.32
POL003326,2021,0.632,922142.31
POL003326,2022,0.734,989865.88
POL003326,2023,0.977,918792.41
POL003327,2020,0.668,2783022.66
POL003327,2021,0.724,2939596.3
POL003327,2022,0.993,2927624.2
POL003327,2023,0.812,3025395.34
POL003328,2021,0.798,1641833.96
POL003329,2019,0.688,1156429.9
POL003329,2020,0.617,1175297.33
POL003330,2024,0.665,2883798.67
POL003331,2022,0.893,621638.09
POL003331,2023,0.73,586276.74
POL003332,2020,0.978,401517.46
POL003333,2023,0.673,3416284.96
POL003333,2024,0.891,3255652.83
POL003334,2023,0.87,984749.28
POL003335,2020,0.65,16634731.6
POL003335,2021,0.695,15805820.06
POL003336,2018,0.873,1368171.06
POL003337,2024,0.931,859086.94
POL003338,2018,0.63,3655267.43
POL003339,2023,0.616,2103342.07
POL003340,2024,0.603,1789405.94
POL003341,2022,0.719,2707267.87
POL003341,2023,0.868,2489030.2
POL003341,2024,0.674,2383311.17
POL003342,2021,0.742,547901.15
POL003342,2022,0.685,522759.51
POL003343,2021,0.789,3008477.76
POL003344,2023,0.66,4634880.53
POL003345,2021,0.656,5916067.24
POL003345,2022,0.657,6512392.95
POL003346,2023,0.896,3829246.19
POL003346,2024,0.725,3463397.41
POL003347,2019,0.842,2964413.42
POL003347,2020,0.946,2885736.01
POL003348,2024,0.75,2779880.97
POL003349,2024,0.625,1520758.63
POL003350,2020,0.816,947484.39
POL003350,2021,0.636,946032.64
POL003351,2019,0.832,3385716.72
POL003352,2023,0.739,2158215.07
POL003352,2024,0.809,2101600.15
POL003353,2021,0.679,343882.74
POL003353,2022,0.621,339906.74
POL003354,2022,0.84,836190
POL003354,2023,0.743,890866.22
POL003354,2024,0.911,810055.62
POL003355,2023,0.946,234576.32
POL003356,2024,0.604,439792.35
POL003357,2021,0.732,5074613.78
POL003358,2021,0.75,1278313.69
POL003358,2022,0.613,1346529.13
POL003358,2023,0.974,1332118.88
POL003359,2020,0.799,3694214.25
POL003359,2021,0.889,3602386.29
POL003360,2022,0.721,1001334.14
POL003360,2023,0.733,1015609.38
POL003361,2021,0.709,2802138.66
POL003362,2022,0.623,1770397.48
POL003362,2023,0.852,1829467.45
POL003363,2018,0.669,5982855.98
POL003363,2019,0.997,6540567.94
POL003364,2022,0.95,221688.96
POL003364,2023,0.832,229993.18
POL003365,2019,0.831,339259.87
POL003365,2020,0.631,334720.35
POL003366,2020,0.774,3383253.18
POL003366,2021,0.9,3213157.41
POL003367,2024,0.616,1418201.13
POL003368,2020,0.912,869786.65
POL003368,2021,0.897,867835.65
POL003369,2018,0.706,1119159.1
POL003369,2019,0.828,1133022.26
POL003370,2024,0.906,3835809.32
POL003371,2018,0.826,1641386.72
POL003371,2019,0.677,1594637.95
POL003372,2020,0.961,673920.79
POL003372,2021,0.883,730265.55
POL003372,2022,0.763,691917.01
POL003372,2023,0.847,673008.02
POL003373,2023,0.776,445580.87
POL003373,2024,0.783,418808.78
POL003374,2018,0.651,696465.57
POL003375,2024,0.902,3467616.81
POL003376,2018,0.626,2220725.04
POL003376,2019,0.687,2422758.55
POL003377,2020,0.922,7364724.39
POL003377,2021,0.644,7307424.46
POL003378,2021,0.829,1470764.68
POL003379,2023,0.943,4027252.61
POL003380,2018,0.917,2189124.95
POL003381,2021,0.619,1907096.57
POL003382,2024,0.631,1029743.42
POL003383,2024,0.794,686784.87
POL003384,2021,0.955,1874122.49
POL003384,2022,0.632,1994839.23
POL003384,2023,0.903,1795702.62
POL003385,2019,0.825,2625947.61
POL003385,2020,0.909,2601852.51
POL003386,2023,0.886,1632059.97
POL003386,2024,0.76,1573909.9
POL003387,2020,0.895,1575601.22
POL003387,2021,0.995,1737338.78
POL003387,2022,0.712,1599912.27
POL003388,2018,0.861,2897200.27
POL003388,2019,0.966,2830923.95
POL003389,2022,0.654,1498905.02
POL003389,2023,0.815,1538916.28
POL003389,2024,0.811,1565984.85
POL003390,2023,0.987,658785.4
POL003391,2018,0.608,2211371.25
POL003391,2019,0.647,2190088.7
POL003391,2020,0.771,2124478.6
POL003391,2021,0.894,2268261.52
POL003392,2020,0.886,13787956.76
POL003392,2021,0.996,13860379.52
POL003393,2022,0.872,3997949.35
POL003394,2024,0.65,3244124.88
POL003395,2020,0.8,3831252.52
POL003395,2021,0.788,3567978.56
POL003395,2022,0.657,3458162.66
POL003395,2023,0.956,3408550.88
POL003396,2023,0.716,847435.88
POL003396,2024,0.679,827075.11
POL003397,2021,0.614,1768060.2
POL003398,2021,0.984,1271927.24
POL003399,2020,0.969,457414.7
POL003399,2021,0.885,474182.92
POL003399,2022,0.709,470552.5
POL003399,2023,0.799,456632.89
POL003400,2022,0.825,3668626.29
POL003400,2023,0.92,3840706.21
POL003401,2019,0.897,471190.33
POL003401,2020,0.738,479538.74
POL003401,2021,0.769,425372.92
POL003402,2018,0.606,2802763.68
POL003402,2019,0.611,2652818.23
POL003403,2021,0.694,1295297.29
POL003403,2022,0.79,1367541.58
POL003404,2024,0.657,5781309.09
POL003405,2023,0.733,3052261.47
POL003406,2024,0.735,4512047.95
POL003407,2019,0.602,1026678.64
POL003407,2020,0.898,978890.88
POL003408,2021,0.898,426016.01
POL003408,2022,0.874,409395.61
POL003408,2023,0.91,393768.17
POL003409,2019,0.935,2630974.09
POL003410,2022,0.666,2752982.37
POL003411,2018,0.866,1360549.81
POL003412,2020,0.711,2716368.65
POL003412,2021,0.697,2891976.92
POL003413,2019,0.715,244058.02
POL003414,2023,0.683,906097.99
POL003415,2021,0.849,915516.53
POL003415,2022,0.725,972119.2
POL003415,2023,0.783,943231.86
POL003416,2019,0.949,2306782.41
POL003416,2020,0.864,2213712.25
POL003416,2021,0.704,2244986.05
POL003416,2022,0.711,2281018.03
POL003417,2022,0.912,1843741.17
POL003417,2023,0.639,1631708.66
POL003417,2024,0.922,1814210.38
POL003418,2023,0.914,831538.52
POL003419,2020,0.83,4291166.92
POL003419,2021,0.692,4112523.6
POL003420,2023,0.775,3751458.85
POL003421,2020,0.882,1430401.48
POL003421,2021,0.812,1569237.92
POL003421,2022,0.699,1431483.45
POL003421,2023,0.612,1423409.57
POL003422,2022,0.634,2429557.67
POL003423,2018,0.927,461473.81
POL003423,2019,0.667,422472.95
POL003424,2018,0.68,3742256.17
POL003424,2019,0.915,3814108.71
POL003425,2022,0.913,1839117.97
POL003425,2023,0.749,1782000.61
POL003425,2024,0.663,2038895.74
POL003426,2020,0.756,4275497.66
POL003427,2018,0.924,1662961.64
POL003427,2019,0.825,1646799.42
POL003427,2020,0.604,1493707.22
POL003428,2024,0.829,989806.6
POL003429,2023,0.707,1742835.6
POL003430,2024,0.925,1269330.02
POL003431,2022,0.711,2630052.62
POL003431,2023,0.694,2399467
POL003431,2024,0.91,2339534.5
POL003432,2021,0.973,642479.15
POL003432,2022,0.844,631279.88
POL003433,2020,0.992,4045244.29
POL003433,2021,0.66,4540944.69
POL003434,2019,0.829,1347464.06
POL003435,2021,0.649,962417.28
POL003436,2023,0.781,3571105.55
POL003436,2024,0.987,3359446.61
POL003437,2019,0.736,2194996.7
POL003438,2024,0.92,5776329.7
POL003439,2018,0.836,961584.43
POL003439,2019,0.832,901601.63
POL003439,2020,0.939,934693.69
POL003440,2020,0.829,2800993.51
POL003441,2023,0.723,3845728.69
POL003441,2024,0.985,4109127.88
POL003442,2022,0.863,3123834.69
POL003442,2023,0.973,3282846.18
POL003443,2022,0.8,4223245.95
POL003444,2018,0.803,939675.84
POL003445,2024,0.67,1116376.35
POL003446,2022,0.664,2203994.07
POL003446,2023,0.847,2228613.8
POL003447,2020,0.881,3677809.42
POL003447,2021,0.904,3672253.64
POL003447,2022,0.991,3611544.89
POL003448,2018,0.898,3506838.29
POL003449,2019,0.981,484013.73
POL003449,2020,0.964,443383.33
POL003449,2021,0.838,459198.37
POL003450,2020,0.725,2786085.3
POL003450,2021,0.644,2917358.01
POL003450,2022,0.979,2793024.03
POL003451,2019,0.793,1593167.33
POL003451,2020,0.891,1480863.52
POL003452,2021,0.749,8464128.8
POL003453,2024,0.663,2692157.53
POL003454,2024,0.788,654835.37
POL003455,2018,0.931,1236305.1
POL003456,2020,0.895,1602760.33
POL003457,2021,0.951,1675014.06
POL003457,2022,0.767,1731552.18
POL003457,2023,0.936,1713375.52
POL003457,2024,0.935,1624382.51
POL003458,2022,0.964,1714838.79
POL003458,2023,0.705,1759554.41
POL003458,2024,0.947,1689396.83
POL003459,2019,0.77,8000050.76
POL003459,2020,0.77,7349800.9
POL003460,2018,0.95,988704.45
POL003460,2019,0.974,1002922.26
POL003461,2018,0.632,10062609.6
POL003461,2019,0.961,10327449.09
POL003461,2020,0.861,10630817.41
POL003462,2024,0.997,430493.89
POL003463,2024,0.605,2603394.03
POL003464,2021,0.804,1828670
POL003465,2018,0.863,1880873.01
POL003466,2023,0.626,1817996.62
POL003466,2024,0.808,1678753.28
POL003467,2019,0.838,4187874.36
POL003467,2020,0.727,4281257.88
POL003467,2021,0.845,3989427.53
POL003468,2022,0.865,2119153.1
POL003468,2023,0.802,2014076.88
POL003468,2024,0.833,1983145.11
POL003469,2021,0.677,1069090.45
POL003469,2022,0.678,1070852.65
POL003470,2022,0.85,7348777.63
POL003471,2019,0.655,5437855
POL003472,2019,0.985,1370577.06
POL003473,2020,0.848,2048233.27
POL003473,2021,0.611,2177137.87
POL003474,2020,0.885,735783.61
POL003475,2021,0.873,2243762.02
POL003475,2022,0.783,2356626.46
POL003475,2023,0.806,2365120.09
POL003475,2024,0.725,2110472.28
POL003476,2021,0.915,10198119.11
POL003476,2022,0.717,10317482.34
POL003476,2023,0.723,10484296.53
POL003477,2018,0.842,3317108.23
POL003477,2019,0.631,3323018.81
POL003477,2020,0.829,3105828.08
POL003478,2024,0.974,4143934.34
POL003479,2021,0.808,2816998.15
POL003479,2022,0.935,2565099.18
POL003479,2023,0.864,2794062.64
POL003479,2024,0.644,2523009.72
POL003480,2020,0.739,2306817.91
POL003480,2021,0.652,2339930.91
POL003480,2022,0.793,2282238.2
POL003480,2023,0.605,2155068.78
POL003481,2024,0.953,4342342.6
POL003482,2019,0.755,8864680.58
POL003483,2020,0.799,5664922.76
POL003483,2021,0.988,6012557.53
POL003484,2023,0.767,938126.5
POL003484,2024,0.833,912950.56
POL003485,2019,0.897,15674144.8
POL003485,2020,0.611,16119078.4
POL003485,2021,0.72,15288399.85
POL003486,2022,0.829,868864.26
POL003486,2023,0.966,889991.1
POL003487,2020,0.614,3009547.17
POL003487,2021,0.925,3137821.01
POL003487,2022,0.907,3044732.85
POL003488,2020,0.9,7171767.44
POL003488,2021,0.885,6503661.94
POL003488,2022,0.689,6737137.88
POL003489,2018,0.771,2666116.38
POL003490,2023,0.9,922314.41
POL003491,2020,0.838,1032436.79
POL003491,2021,0.659,1076709.31
POL003492,2020,0.749,1290562.5
POL003492,2021,0.873,1284378.25
POL003492,2022,0.607,1329196.2
POL003493,2018,0.896,2268190.49
POL003493,2019,0.749,2328886.39
POL003494,2019,0.734,4417204.24
POL003494,2020,0.822,4031889.05
POL003494,2021,0.682,4476331.48
POL003495,2020,0.989,13765392.54
POL003496,2020,0.809,1127638.72
POL003496,2021,0.926,1028742.86
POL003496,2022,0.616,1068276.64
POL003496,2023,0.802,1075513.07
POL003497,2023,0.833,1446307.25
POL003498,2019,0.733,5230603.52
POL003498,2020,0.745,5423926.48
POL003499,2018,0.733,3801923.87
POL003499,2019,0.938,3969076.28
POL003500,2020,0.8,5325994.9
POL003500,2021,0.873,5021653.13
POL003501,2018,0.908,558550.49
POL003501,2019,0.714,571206.07
POL003502,2024,0.645,4075189.49
POL003503,2020,0.668,12240878.05
POL003503,2021,0.78,12130989.25
POL003504,2023,0.92,318390.94
POL003504,2024,0.883,300495.62
POL003505,2021,0.632,3697482.5
POL003505,2022,0.957,3862571.11
POL003506,2018,0.844,210069.11
POL003507,2024,0.736,1486237.28
POL003508,2018,0.875,700486.76
POL003508,2019,0.698,732557.48
POL003508,2020,0.903,747928.38
POL003508,2021,0.64,726170.72
POL003509,2024,0.865,3324295.66
POL003510,2024,0.867,3777313.54
POL003511,2019,0.666,880633.21
POL003511,2020,0.729,956893.98
POL003512,2024,0.773,9301149.62
POL003513,2018,0.861,2100991.14
POL003513,2019,0.883,2315984.49
POL003513,2020,0.936,2334862.25
POL003514,2022,0.927,3483646.57
POL003515,2024,0.939,656787.77
POL003516,2023,0.689,11155449.3
POL003516,2024,0.799,10949911.33
POL003517,2023,0.718,1026087.84
POL003518,2021,0.872,5175491.43
POL003518,2022,0.994,5004557.22
POL003519,2022,0.606,2349801.92
POL003520,2021,0.663,4341160.54
POL003521,2020,0.816,1617334.32
POL003522,2020,0.959,2589225.64
POL003522,2021,0.908,2608696.59
POL003523,2020,0.992,2205667.06
POL003523,2021,0.673,2058312.75
POL003524,2018,0.738,362489.97
POL003524,2019,0.974,393729.68
POL003525,2019,0.687,1160221.86
POL003526,2023,0.717,9702023.88
POL003527,2023,0.839,6036076.92
POL003527,2024,0.741,6177206.65
POL003528,2022,0.64,3393400.34
POL003528,2023,0.695,3620585.91
POL003529,2018,0.696,23684409.16
POL003529,2019,0.876,22246752.29
POL003529,2020,0.957,23637050.49
POL003529,2021,0.748,24075416.32
POL003530,2024,0.747,5068143.79
POL003531,2018,0.975,417823.5
POL003531,2019,0.867,432330.16
POL003531,2020,0.788,401727.66
POL003532,2024,0.756,1799321.19
POL003533,2024,0.834,1531540.63
POL003534,2022,0.832,6551924.84
POL003534,2023,0.651,5878238.51
POL003534,2024,0.87,6031708.96
POL003535,2018,0.959,14062866.48
POL003535,2019,0.702,14972872.59
POL003536,2020,0.683,4604517.9
POL003537,2023,0.705,606559.47
POL003537,2024,0.84,590852.66
POL003538,2021,0.74,2360378.1
POL003538,2022,0.824,2302117.14
POL003539,2023,0.629,1277441.32
POL003540,2021,0.929,2496019.65
POL003540,2022,0.894,2543094.21
POL003541,2020,0.858,839984.57
POL003541,2021,0.629,847107.73
POL003541,2022,0.868,737125.55
POL003542,2018,0.793,610927.74
POL003542,2019,0.86,660234.2
POL003543,2024,0.836,3052465.15
POL003544,2023,0.601,1061038.28
POL003544,2024,0.62,1078574.84
POL003545,2019,0.711,2626000.4
POL003545,2020,0.756,2667916.47
POL003546,2024,0.953,389064.79
POL003547,2020,0.654,993661.95
POL003547,2021,0.804,898579.49
POL003548,2021,0.713,3674148.89
POL003548,2022,0.711,3687963.7
POL003548,2023,0.995,3405004.12
POL003548,2024,0.687,3336179.79
POL003549,2021,0.807,5137887.75
POL003549,2022,0.858,5178724.37
POL003549,2023,0.656,5231269.81
POL003550,2022,0.68,1270679.27
POL003550,2023,0.943,1130204.32
POL003551,2018,0.653,594429.83
POL003551,2019,0.869,593945.6
POL003551,2020,0.911,525528.48
POL003552,2024,0.728,6766140.25
POL003553,2022,0.67,11622128.4
POL003553,2023,0.953,11300272.64
POL003554,2024,0.955,2880350.61
POL003555,2021,0.833,4144134.94
POL003555,2022,0.89,4147163.02
POL003555,2023,0.88,3863511.73
POL003555,2024,0.797,4224763.58
POL003556,2022,0.669,5022773.9
POL003556,2023,0.962,4859330.3
POL003557,2023,0.688,3523724.85
POL003557,2024,0.968,3509435.51
POL003558,2018,0.638,933110.79
POL003558,2019,0.888,989346.35
POL003559,2021,0.76,3013469.77
POL003559,2022,0.973,3114317.66
POL003560,2022,0.801,1538125.45
POL003560,2023,0.93,1653425.94
POL003561,2019,0.912,1522891.3
POL003561,2020,0.712,1447757.62
POL003561,2021,0.929,1333902.93
POL003562,2024,0.743,323820.96
POL003563,2019,0.626,1639864.08
POL003563,2020,0.632,1540876.93
POL003563,2021,0.949,1664074.06
POL003563,2022,0.715,1705465.78
POL003564,2019,0.881,287744.44
POL003564,2020,0.759,292474.49
POL003565,2018,0.731,790862.58
POL003565,2019,0.774,747627.93
POL003566,2024,0.874,2166685.53
POL003567,2018,0.789,1198927.54
POL003568,2020,0.913,2784604
POL003568,2021,0.96,2672828.74
POL003568,2022,0.617,2688126.49
POL003569,2019,0.859,3795467.1
POL003569,2020,0.71,3869750.11
POL003570,2023,0.935,3596744.9
POL003571,2024,0.981,1399502.26
POL003572,2021,0.795,1956317.86
POL003573,2019,0.645,3105886.85
POL003574,2019,0.852,1933245.23
POL003575,2023,0.676,3755732.04
POL003575,2024,0.803,3857021.2
POL003576,2024,0.679,912610.18
POL003577,2024,0.651,1702170.7
POL003578,2021,0.882,1509422.94
POL003579,2018,0.649,504365.49
POL003580,2019,0.812,10526910.99
POL003580,2020,0.749,9712452.18
POL003581,2024,0.872,5475096.7
POL003582,2018,0.96,1940092.32
POL003582,2019,0.677,1901826.94
POL003583,2019,0.687,8960946.38
POL003583,2020,0.906,7771658.9
POL003583,2021,0.953,8223691.21
POL003584,2023,0.863,1804375.11
POL003585,2020,0.764,1041102.21
POL003586,2020,0.932,800917.47
POL003587,2024,0.946,6601278.97
POL003588,2024,0.935,714827.83
POL003589,2021,0.908,964601.6
POL003589,2022,0.841,991655.74
POL003590,2022,0.987,1474696.48
POL003590,2023,0.94,1515499.05
POL003591,2023,0.774,12670247.92
POL003591,2024,0.664,11917366.11
POL003592,2018,0.611,6231637.11
POL003592,2019,0.962,6568291.91
POL003593,2024,0.932,2022971.3
POL003594,2020,0.653,1445280.02
POL003595,2021,0.847,825599.73
POL003595,2022,0.968,872406.77
POL003596,2019,0.989,1295247.75
POL003596,2020,0.877,1207854.22
POL003597,2023,0.686,3380600.55
POL003597,2024,0.799,3788330.25
POL003598,2020,0.958,500056.01
POL003599,2023,0.75,1135427.58
POL003599,2024,0.904,1098064.61
POL003600,2019,0.948,584920.42
POL003601,2020,0.711,1289872.63
POL003602,2019,0.956,1650531.65
POL003603,2024,0.631,6850783.76
POL003604,2024,0.717,5205057.06
POL003605,2022,0.79,1589467.49
POL003605,2023,0.822,1525054.96
POL003606,2023,0.957,1115553.98
POL003606,2024,0.636,1240416.98
POL003607,2018,0.811,948467.18
POL003607,2019,0.959,943329.97
POL003608,2022,0.951,2324436.91
POL003608,2023,0.66,2301373.43
POL003609,2023,0.923,843160.59
POL003610,2018,0.877,18364906.4
POL003611,2021,0.748,1685150.04
POL003611,2022,0.9,1772018.54
POL003612,2018,0.649,13865955.66
POL003613,2022,0.75,1144099.66
POL003613,2023,0.659,1074805.75
POL003614,2024,0.945,2386150.84
POL003615,2018,0.831,3928297.19
POL003615,2019,0.681,3855757.05
POL003616,2022,0.848,808051.22
POL003617,2020,0.927,627908.2
POL003617,2021,0.953,626902.39
POL003618,2020,0.688,659948.54
POL003618,2021,0.766,594580.12
POL003618,2022,0.673,620812.45
POL003619,2019,0.799,2057078.81
POL003620,2023,0.96,2973940.16
POL003620,2024,0.656,3322926.57
POL003621,2021,0.676,5370501.06
POL003621,2022,0.627,4845751.52
POL003622,2022,0.651,300368.51
POL003622,2023,0.792,304309.81
POL003623,2018,0.972,1456645.21
POL003624,2019,0.905,1648534.76
POL003624,2020,0.934,1534726.69
POL003624,2021,0.745,1662447.31
POL003625,2020,0.731,2583340.4
POL003626,2024,0.724,820170.55
POL003627,2022,0.767,1687747.82
POL003627,2023,0.871,1742690.41
POL003628,2019,0.687,439033.25
POL003628,2020,0.917,443497.08
POL003629,2019,0.943,2260035.49
POL003630,2020,0.751,1444022.09
POL003630,2021,0.941,1468632.42
POL003630,2022,0.696,1463295.34
POL003630,2023,0.742,1522543.02
POL003631,2024,0.827,922921.4
POL003632,2019,0.926,1970841.18
POL003633,2019,0.973,4720490.68
POL003633,2020,0.738,4923577.05
POL003633,2021,0.956,4546868.69
POL003634,2019,0.915,3716270.34
POL003635,2020,0.929,1405551.06
POL003636,2020,0.811,4652766.7
POL003637,2022,0.876,2144946.89
POL003638,2020,0.716,2052652.24
POL003639,2021,0.608,4650813.31
POL003639,2022,0.824,5064059.25
POL003640,2022,0.973,5725313.99
POL003640,2023,0.644,6060871.39
POL003641,2019,0.936,2102328.1
POL003642,2023,0.827,7043748.11
POL003643,2022,0.809,5880903.62
POL003643,2023,0.707,5912048.6
POL003643,2024,0.883,5885417.53
POL003644,2018,0.962,2054922.44
POL003644,2019,0.907,2064075.77
POL003644,2020,0.794,2057511.63
POL003644,2021,0.842,1994728.15
POL003645,2021,0.906,4338738.12
POL003645,2022,0.983,4085646.41
POL003646,2018,0.613,1051582.93
POL003647,2024,0.744,1336577.83
POL003648,2019,0.728,1499631.37
POL003649,2022,0.954,4004983.85
POL003649,2023,0.762,4057942.32
POL003650,2018,0.617,1231596.78
POL003650,2019,0.772,1334564.34
POL003650,2020,0.996,1308633.56
POL003651,2024,0.771,1314833.21
POL003652,2024,0.661,790585.86
POL003653,2020,0.972,1789770.28
POL003653,2021,0.809,2032670.61
POL003653,2022,0.788,1882491.9
POL003654,2019,0.986,4785313.36
POL003654,2020,0.812,5198559.25
POL003654,2021,0.96,4779915.49
POL003654,2022,0.911,5465083.19
POL003655,2020,0.998,1890832.42
POL003656,2018,0.934,888903.62
POL003656,2019,0.888,875837.51
POL003657,2022,0.625,3355728.95
POL003657,2023,0.871,3292381.51
POL003657,2024,0.691,3013949.82
POL003658,2023,0.717,666292.56
POL003658,2024,0.761,645846.13
POL003659,2023,0.682,2094479.21
POL003659,2024,0.704,2009538.6
POL003660,2024,0.827,999697.81
POL003661,2024,0.684,2824933.8
POL003662,2023,0.65,4297577.89
POL003663,2018,0.907,6201369.17
POL003664,2022,0.915,4147080
POL003665,2022,0.933,562884.58
POL003665,2023,0.846,604458.64
POL003665,2024,0.996,530518.89
POL003666,2021,0.997,8843074.44
POL003666,2022,0.924,8907102.12
POL003666,2023,0.899,8543582.41
POL003667,2024,0.668,590292.08
POL003668,2020,0.61,1337587.35
POL003669,2024,0.608,9539878.16
POL003670,2018,0.743,5984719.03
POL003670,2019,0.721,5976626.01
POL003671,2022,0.962,6629984.81
POL003671,2023,0.988,6307928.22
POL003672,2023,0.959,501255.01
POL003672,2024,0.809,540410.27
POL003673,2020,0.851,2159335.14
POL003674,2018,0.612,857630.15
POL003674,2019,0.663,881396.25
POL003674,2020,0.912,853619.72
POL003675,2023,0.985,4504436.54
POL003675,2024,0.753,4435374.64
POL003676,2024,0.716,8866310.2
POL003677,2019,0.818,415339
POL003677,2020,0.913,439901.78
POL003678,2019,0.848,2988170.5
POL003679,2019,0.666,609929.54
POL003680,2019,0.949,10817694.1
POL003681,2024,0.758,1382797.48
POL003682,2022,0.749,1177745.14
POL003683,2019,0.755,830995.35
POL003683,2020,0.972,861016.46
POL003683,2021,0.697,768136.36
POL003684,2021,0.732,5047995.23
POL003685,2020,0.967,544242.5
POL003685,2021,0.897,591907.52
POL003686,2023,0.704,4057720.37
POL003686,2024,0.957,4141973.63
POL003687,2018,0.711,1072329.05
POL003688,2018,0.649,5150681.66
POL003689,2023,0.782,466517.16
POL003689,2024,0.735,487109.15
POL003690,2020,0.856,622399.92
POL003690,2021,0.774,565134.47
POL003691,2019,0.922,3119065.82
POL003691,2020,0.823,2999083.59
POL003692,2018,1,920653.09
POL003692,2019,0.755,1013098.16
POL003693,2023,0.707,1284077.38
POL003693,2024,0.608,1254228.55
POL003694,2019,0.744,4689400.93
POL003695,2019,0.613,1072337.27
POL003695,2020,0.943,1163840.81
POL003695,2021,0.653,1094512.7
POL003696,2021,0.747,2915805.05
POL003696,2022,0.865,3000723.09
POL003697,2022,0.613,925981.32
POL003698,2021,0.685,5442193.44
POL003698,2022,0.705,5334200.67
POL003699,2020,0.609,4039583.77
POL003700,2021,0.705,1632483.24
POL003701,2024,0.783,2581285.25
POL003702,2022,0.908,3833615.81
POL003703,2018,0.871,1340148.23
POL003704,2019,0.888,10815639.27
POL003705,2022,0.874,7209742.47
POL003705,2023,0.938,7239123.48
POL003706,2024,0.794,1832059.43
POL003707,2018,0.631,2134374
POL003707,2019,0.61,2335947.66
POL003708,2021,0.637,3565201.37
POL003708,2022,0.875,3461251.18
POL003708,2023,0.668,3558563.26
POL003709,2019,0.676,1196361.3
POL003709,2020,0.992,1318403.51
POL003709,2021,0.667,1197267.41
POL003709,2022,0.922,1254975.32
POL003710,2018,0.933,2685173.88
POL003710,2019,0.911,2434553.15
POL003711,2019,0.748,1721046.04
POL003712,2021,0.822,954764.01
POL003712,2022,0.743,961323.56
POL003713,2021,0.766,438240.17
POL003713,2022,0.874,424656.52
POL003713,2023,0.928,419591.34
POL003714,2023,0.715,704681.49
POL003715,2019,0.638,2519783.11
POL003715,2020,0.874,2435151.36
POL003716,2022,0.861,7405627.08
POL003716,2023,0.799,7071465.08
POL003716,2024,0.734,6669730.42
POL003717,2024,0.773,842499.23
POL003718,2018,0.619,6461099.99
POL003718,2019,0.879,6298781.29
POL003719,2020,0.754,7537047.77
POL003720,2022,0.922,5741829.85
POL003720,2023,0.702,5419007.23
POL003721,2024,0.61,5295860.88
POL003722,2023,0.909,1691393.81
POL003722,2024,0.686,1547132.6
POL003723,2021,0.745,812415.91
POL003723,2022,0.732,808158.88
POL003723,2023,0.963,828036.97
POL003724,2020,0.673,1114258.13
POL003724,2021,0.904,1107639.59
POL003724,2022,0.895,1221682.64
POL003725,2020,0.703,1579538.58
POL003726,2022,0.645,2226711.42
POL003727,2019,0.885,5224881.97
POL003727,2020,0.773,5133107.73
POL003727,2021,0.875,5107755.15
POL003728,2023,0.676,1402938.44
POL003728,2024,0.624,1370826.36
POL003729,2018,0.714,9510667.76
POL003730,2021,0.754,1052910.6
POL003730,2022,0.627,1029887.35
POL003730,2023,0.616,927978.83
POL003731,2019,0.807,1899871.82
POL003732,2018,0.772,4819289.45
POL003733,2020,0.921,1169834.77
POL003733,2021,0.766,1137614.4
POL003733,2022,0.942,1082096.93
POL003734,2024,0.898,1199630.73
POL003735,2023,0.887,1125580.94
POL003735,2024,0.987,1092693.67
POL003736,2019,0.936,540582.13
POL003737,2023,0.762,654238.39
POL003738,2021,0.658,506376.7
POL003738,2022,0.757,497619.47
POL003739,2020,0.669,1636865.91
POL003740,2018,0.69,2354822.18
POL003740,2019,0.658,2414081.42
POL003740,2020,0.726,2590971.3
POL003741,2021,0.806,1474201.2
POL003742,2019,0.621,1048478.44
POL003742,2020,0.978,1073183.22
POL003743,2022,0.862,16531811.11
POL003744,2021,0.928,820714.35
POL003745,2019,0.941,3700874.07
POL003745,2020,0.794,3628836.79
POL003746,2024,0.638,1369159.04
POL003747,2018,0.766,2648832.12
POL003747,2019,0.855,2494061.31
POL003748,2021,0.665,998244.87
POL003748,2022,0.687,1044726.12
POL003748,2023,0.877,997037.04
POL003748,2024,0.67,1007424.06
POL003749,2023,0.93,13549046.75
POL003749,2024,0.819,13508671.82
POL003750,2022,0.864,1765265
POL003751,2021,0.667,2562576.62
POL003752,2022,0.696,1074386.23
POL003753,2024,0.698,5336478.93
POL003754,2021,0.703,907139.25
POL003755,2019,0.714,4542337.47
POL003755,2020,0.836,4389535.85
POL003755,2021,0.667,4383992.14
POL003755,2022,0.695,4930998.76
POL003756,2024,0.904,4666993.41
POL003757,2024,0.666,3882161.36
POL003758,2023,0.741,1542222.47
POL003759,2018,0.613,1502842.4
POL003759,2019,0.895,1504886.97
POL003760,2022,0.992,1784083.04
POL003761,2021,0.729,3556598.01
POL003762,2019,0.901,2395617.94
POL003762,2020,0.666,2225761.44
POL003762,2021,0.791,2222735.64
POL003763,2021,0.832,3663437.62
POL003764,2024,0.986,2304813.5
POL003765,2024,0.611,986624.07
POL003766,2021,0.876,906096.71
POL003767,2018,0.609,2601014.02
POL003768,2018,0.658,4632081.72
POL003769,2018,0.879,9377373.69
POL003769,2019,0.635,9868451.75
POL003770,2021,0.604,2142219.44
POL003771,2019,0.756,981776.21
POL003771,2020,0.699,1060836.43
POL003771,2021,0.706,976183.02
POL003772,2023,0.996,1287652.61
POL003772,2024,0.77,1396487.54
POL003773,2024,0.73,1627567.09
POL003774,2022,0.641,738667.24
POL003774,2023,0.702,766705.65
POL003774,2024,0.769,687134.66
POL003775,2021,0.732,995150.18
POL003775,2022,0.784,940672.08
POL003775,2023,0.987,1025401.43
POL003775,2024,0.663,987406.64
POL003776,2019,0.718,1346024.49
POL003776,2020,0.969,1507315
POL003776,2021,0.625,1422696.17
POL003776,2022,0.842,1382175.37
POL003777,2022,0.663,1502485.07
POL003777,2023,0.957,1486407.82
POL003778,2024,0.942,233903.72
POL003779,2022,0.743,2582713.86
POL003779,2023,0.764,2526919.19
POL003780,2022,0.701,2226433.96
POL003780,2023,0.622,2367253.87
POL003780,2024,0.63,2338617.15
POL003781,2022,0.844,1111061.89
POL003781,2023,0.942,1046338.87
POL003781,2024,0.723,1186550.69
POL003782,2022,0.756,9038077.53
POL003783,2023,0.756,8219721.39
POL003783,2024,0.982,7862829.01
POL003784,2018,0.86,326516.17
POL003784,2019,0.936,366941.82
POL003785,2019,0.833,1961775.66
POL003785,2020,0.762,2065835.16
POL003785,2021,0.619,1850454.8
POL003786,2024,0.718,4656804.98
POL003787,2019,0.986,1997025.19
POL003787,2020,0.679,1950056.44
POL003788,2018,0.743,723935
POL003789,2022,0.613,2225581.68
POL003790,2021,0.773,2098925.67
POL003790,2022,0.623,1943696.34
POL003791,2021,0.925,5440853.27
POL003791,2022,0.639,5723878.19
POL003792,2023,0.667,7669244.51
POL003792,2024,0.754,8236177.61
POL003793,2020,0.664,1380163.01
POL003794,2023,0.896,2792006.75
POL003795,2021,0.857,9273375.33
POL003795,2022,0.813,8846741.03
POL003796,2020,0.633,6126927.44
POL003797,2020,0.977,740270.99
POL003798,2024,0.988,1683949.32
POL003799,2021,0.66,9412443.04
POL003799,2022,0.921,8669500.25
POL003800,2024,0.842,3278441.91
POL003801,2022,0.887,340795.42
POL003802,2021,0.969,3445393.65
POL003802,2022,0.93,3569036.06
POL003802,2023,0.638,3442446.57
POL003803,2019,0.745,2564801.26
POL003803,2020,0.709,2375914.1
POL003803,2021,0.708,2553992.08
POL003804,2024,0.897,5853507.1
POL003805,2019,0.881,1468374.89
POL003806,2019,0.85,6975009.17
POL003807,2021,0.865,2362144.52
POL003807,2022,0.829,2476421.04
POL003807,2023,0.935,2447599.79
POL003807,2024,0.986,2214041.63
POL003808,2021,0.721,1544384.23
POL003809,2022,0.829,492178.92
POL003809,2023,0.927,433083.61
POL003809,2024,0.89,430562.63
POL003810,2024,0.7,452319.23
POL003811,2022,0.646,1716632.55
POL003811,2023,0.935,1807845.15
POL003811,2024,0.825,1745190.98
POL003812,2020,0.706,3406862.11
POL003812,2021,0.95,3365206.75
POL003813,2022,0.72,2673070.47
POL003813,2023,0.965,2880728.19
POL003814,2022,0.846,693794.48
POL003814,2023,0.636,717413.31
POL003815,2019,0.833,3062441.65
POL003815,2020,0.851,3359266.7
POL003815,2021,0.997,3124612.88
POL003815,2022,0.766,3283921.44
POL003816,2018,0.867,1895840.73
POL003816,2019,0.673,2192617.93
POL003816,2020,0.885,1984473.54
POL003817,2018,0.785,5614939.3
POL003817,2019,0.932,5274948.71
POL003817,2020,0.969,5517621.25
POL003818,2019,0.79,786514.01
POL003818,2020,0.986,835551.75
POL003818,2021,0.734,802890.63
POL003819,2021,0.709,1542809.2
POL003819,2022,0.739,1407787.43
POL003819,2023,0.882,1468969.67
POL003820,2023,0.887,2582605.44
POL003820,2024,0.804,2857153.54
POL003821,2021,0.635,589697.13
POL003821,2022,0.804,609115.6
POL003822,2023,0.699,2020711.97
POL003822,2024,0.951,2068091.93
POL003823,2019,0.655,1459136.85
POL003824,2022,0.632,1445974.81
POL003824,2023,0.707,1388150.7
POL003824,2024,0.977,1328328.26
POL003825,2018,0.963,635768.2
POL003825,2019,0.754,576610.72
POL003826,2022,0.958,1315597.6
POL003826,2023,0.886,1322594.96
POL003826,2024,0.859,1397631.02
POL003827,2019,0.612,2922864.77
POL003828,2024,0.94,244513.84
POL003829,2022,0.865,916219.21
POL003829,2023,0.823,833163.88
POL003830,2021,0.605,3325102.96
POL003830,2022,0.768,3465188.59
POL003830,2023,0.665,3331832.49
POL003830,2024,0.954,3435655.07
POL003831,2018,0.972,1075600.93
POL003831,2019,0.686,1072292
POL003832,2019,0.87,715375.98
POL003832,2020,0.905,713940.63
POL003832,2021,0.643,754703.38
POL003832,2022,0.63,758298.94
POL003833,2020,0.69,3583261.15
POL003834,2020,0.96,305247.3
POL003834,2021,0.844,306419.79
POL003834,2022,0.99,324158.39
POL003835,2021,0.707,2048170.15
POL003835,2022,0.79,2065870.87
POL003835,2023,0.995,1895348.69
POL003835,2024,0.97,1920405.19
POL003836,2022,0.711,4395931.77
POL003836,2023,0.888,4879497.84
POL003837,2018,0.816,1233246.67
POL003837,2019,0.993,1309093.68
POL003838,2018,0.825,660827.21
POL003838,2019,0.964,648435.16
POL003839,2022,0.936,4193009.84
POL003840,2019,0.972,206072.75
POL003841,2024,0.84,1136169.14
POL003842,2023,0.846,581613.57
POL003842,2024,0.766,534707.44
POL003843,2021,0.871,2997458.1
POL003844,2022,0.934,4098922.88
POL003844,2023,0.858,4094389.08
POL003844,2024,0.828,4245456.84
POL003845,2024,0.994,2133999.64
POL003846,2018,0.812,1750257.51
POL003846,2019,0.69,1637329.74
POL003846,2020,0.971,1730697.08
POL003846,2021,0.926,1690379.2
POL003847,2022,0.985,1451223.65
POL003847,2023,0.826,1550485.22
POL003847,2024,0.901,1494074.49
POL003848,2020,0.825,713311.48
POL003848,2021,0.989,648306.66
POL003849,2020,0.923,4332237.49
POL003849,2021,0.709,4163650.96
POL003850,2021,0.762,760436.24
POL003850,2022,0.786,684500.25
POL003851,2018,0.666,1359180.48
POL003852,2018,0.667,1814427.37
POL003852,2019,0.742,1674051.37
POL003852,2020,0.852,1802428.6
POL003853,2022,0.68,1365866.81
POL003854,2018,0.772,12448182.23
POL003855,2020,0.812,2067432
POL003856,2019,0.701,716210.4
POL003856,2020,0.734,662536.68
POL003856,2021,0.909,710248.79
POL003857,2023,0.623,3644007.77
POL003858,2019,0.8,4664059.87
POL003858,2020,0.783,4481058.47
POL003859,2020,0.788,436938.25
POL003860,2018,0.841,2796459.42
POL003860,2019,0.753,2778387.27
POL003860,2020,0.615,2759326.05
POL003860,2021,0.726,2905944.82
POL003861,2018,0.736,897573.02
POL003862,2020,0.821,1119695.86
POL003862,2021,0.914,1219604
POL003862,2022,0.918,1128583.33
POL003863,2020,0.641,3361859.82
POL003863,2021,0.96,3132439.98
POL003864,2024,0.971,598544.9
POL003865,2018,0.645,1508457.25
POL003865,2019,0.654,1453239.19
POL003865,2020,0.811,1401533.04
POL003866,2024,0.748,895418.72
POL003867,2018,0.765,3547323.49
POL003867,2019,0.607,3629023.36
POL003867,2020,0.65,3365466.17
POL003868,2019,0.638,1526787.24
POL003868,2020,0.941,1547391.32
POL003869,2018,0.984,4498309.37
POL003869,2019,0.632,4315494.31
POL003869,2020,0.628,4462900.78
POL003869,2021,0.831,4099174.77
POL003870,2021,0.633,1608284.98
POL003870,2022,0.882,1845106.86
POL003871,2024,0.996,4576858.93
POL003872,2020,0.815,759951.84
POL003873,2024,1,3223878.62
POL003874,2024,0.673,2864851.77
POL003875,2022,0.798,1829242.49
POL003875,2023,0.731,1705942.9
POL003875,2024,0.719,1917571.41
POL003876,2022,0.749,1273081.29
POL003876,2023,0.663,1232127.9
POL003877,2023,0.943,1947089.38
POL003878,2019,0.917,2148449.08
POL003878,2020,0.865,2220161.82
POL003879,2021,0.82,1213917.08
POL003879,2022,0.71,1187273.2
POL003880,2020,0.78,1166560.06
POL003880,2021,0.883,1142397.47
POL003880,2022,0.946,1158377.99
POL003881,2021,0.799,1557107.26
POL003881,2022,0.96,1438964.81
POL003882,2019,0.683,1289960.01
POL003882,2020,0.725,1232978.39
POL003883,2023,0.819,3634479.08
POL003884,2023,0.985,2166299.32
POL003884,2024,0.896,2234438.27
POL003885,2018,0.609,2270746.05
POL003885,2019,0.707,2213305.69
POL003886,2020,0.796,1691685.45
POL003887,2020,0.634,1443156.64
POL003887,2021,0.829,1287867.52
POL003888,2023,0.847,1625627.7
POL003889,2024,0.886,1862887.15
POL003890,2022,0.85,3177922.29
POL003890,2023,0.674,2856058.81
POL003891,2022,0.645,1191655.06
POL003891,2023,0.836,1204296.7
POL003891,2024,0.732,1284648.89
POL003892,2019,0.914,479712.92
POL003892,2020,0.688,447840.32
POL003892,2021,0.654,462888.84
POL003893,2021,0.997,5911461.26
POL003893,2022,0.72,5746913.78
POL003893,2023,0.718,5329178.31
POL003894,2019,0.645,1278779.35
POL003894,2020,0.855,1331344.47
POL003894,2021,0.998,1289111.45
POL003894,2022,0.776,1448915.69
POL003895,2024,0.853,181872.31
POL003896,2018,0.921,1180806.19
POL003896,2019,0.684,1059614.05
POL003896,2020,0.826,1039414.28
POL003897,2019,0.93,7552666.2
POL003897,2020,0.987,8376023.81
POL003897,2021,0.778,8193448.32
POL003898,2018,0.858,1378426.11
POL003899,2018,0.805,1454835.11
POL003899,2019,0.608,1435603.87
POL003900,2018,0.602,471671.86
POL003901,2024,0.845,7253978.81
POL003902,2021,0.629,543054.98
POL003903,2020,0.786,888477.36
POL003903,2021,0.629,911724.9
POL003904,2021,0.646,609114.82
POL003905,2021,0.798,4466151.68
POL003906,2022,0.79,1365211.24
POL003906,2023,0.605,1272274.32
POL003906,2024,0.995,1241476.34
POL003907,2019,0.655,2040599.57
POL003907,2020,0.773,2012093.43
POL003907,2021,0.791,2089526.08
POL003907,2022,0.705,2024242.92
POL003908,2022,0.853,1567663.55
POL003908,2023,0.957,1566207.52
POL003909,2019,0.664,2676686.5
POL003910,2018,0.886,1481844.79
POL003911,2018,0.787,814766.79
POL003912,2019,0.747,1150216.81
POL003913,2020,0.915,512982.08
POL003913,2021,0.947,507450.45
POL003913,2022,0.994,503579.19
POL003914,2024,0.744,1979511.74
POL003915,2020,0.756,3736124.37
POL003916,2022,0.879,1117426.39
POL003917,2022,0.605,991760.58
POL003918,2018,0.628,6666007.99
POL003918,2019,0.963,6930669.49
POL003919,2021,0.653,1696223.16
POL003919,2022,0.91,1848320.62
POL003920,2021,0.896,682366.67
POL003921,2018,0.932,5437783.57
POL003921,2019,0.666,4922151.02
POL003922,2018,0.671,1357169.36
POL003922,2019,0.777,1454346.95
POL003923,2023,0.804,1305345.98
POL003924,2018,0.655,3099142.85
POL003924,2019,0.811,2990004.29
POL003924,2020,0.978,2817220.94
POL003924,2021,0.969,2787477.33
POL003925,2020,0.676,2297988.22
POL003925,2021,0.803,2245124.33
POL003926,2021,0.889,3900350.28
POL003926,2022,0.626,3653631.45
POL003927,2023,0.904,1934899.09
POL003927,2024,0.64,1780755.31
POL003928,2020,0.985,2434381.02
POL003928,2021,0.853,2369426
POL003928,2022,0.69,2459240.48
POL003929,2021,0.964,5990300.33
POL003930,2021,0.945,4508494.36
POL003930,2022,0.813,4186603.71
POL003931,2019,0.909,698552.25
POL003931,2020,0.666,717328.63
POL003932,2023,0.623,472394.54
POL003932,2024,0.779,494595.06
POL003933,2022,0.733,8098038.07
POL003933,2023,0.64,7628601.49
POL003933,2024,0.617,8073301.44
POL003934,2020,0.99,14928753.89
POL003935,2022,0.674,658249.48
POL003935,2023,0.606,612506.32
POL003935,2024,0.634,602021.89
POL003936,2019,0.668,4587531.37
POL003937,2023,0.992,6168002.43
POL003937,2024,0.664,6622414.8
POL003938,2018,0.732,1845567.1
POL003939,2019,0.874,4396122.1
POL003939,2020,0.756,4251339.68
POL003940,2021,0.823,690946.99
POL003940,2022,0.634,719697.62
POL003940,2023,0.909,742010.64
POL003940,2024,0.92,739836.31
POL003941,2021,0.743,5130223.55
POL003941,2022,0.66,4628786.1
POL003941,2023,0.931,5044017.21
POL003942,2021,0.649,3021587.56
POL003943,2021,0.795,3555445.99
POL003944,2021,0.722,677112.23
POL003945,2021,0.777,596453.17
POL003945,2022,0.692,583093.91
POL003945,2023,0.898,550904.57
POL003946,2021,0.618,4670663.84
POL003946,2022,0.844,4346005.39
POL003947,2019,0.808,687553.23
POL003947,2020,0.681,749800.19
POL003948,2022,0.721,7092804.38
POL003949,2018,0.685,650565.4
POL003949,2019,0.628,673953.14
POL003950,2018,0.738,336085.53
POL003950,2019,0.61,354934.59
POL003950,2020,0.941,317204.92
POL003951,2024,0.821,1366650.46
POL003952,2021,0.812,3970734.12
POL003952,2022,0.842,3964479.24
POL003953,2022,0.79,1812362.32
POL003953,2023,0.95,1941061.74
POL003954,2022,0.816,1141896.56
POL003954,2023,0.724,1187486.56
POL003955,2018,0.962,3270578.91
POL003956,2019,0.836,7028648.98
POL003956,2020,0.655,7438439.72
POL003957,2023,0.779,2028406.5
POL003957,2024,0.976,1951276.67
POL003958,2020,0.988,4825864.22
POL003958,2021,0.977,5353647.62
POL003958,2022,0.645,5304731.32
POL003958,2023,0.676,5448245.77
POL003959,2018,0.926,1444615.96
POL003960,2021,0.657,3752164.88
POL003961,2022,0.801,3362005.08
POL003961,2023,0.875,3469313.61
POL003961,2024,0.68,3451180.6
POL003962,2018,0.822,2341218.83
POL003962,2019,0.756,2251533.36
POL003962,2020,0.952,2225535.67
POL003963,2024,0.878,799143.59
POL003964,2019,0.606,10476913.97
POL003965,2023,0.687,748233.13
POL003965,2024,0.796,735866.58
POL003966,2020,0.757,2026676.79
POL003967,2024,0.902,1869914
POL003968,2023,0.717,1679970.75
POL003968,2024,0.928,1850135.84
POL003969,2023,0.708,13385787.37
POL003970,2018,0.972,4611756.09
POL003970,2019,0.94,4780762.67
POL003971,2023,0.79,665721.92
POL003972,2021,0.968,5291892.82
POL003973,2024,0.793,2566034.44
POL003974,2018,0.85,1030679.2
POL003974,2019,0.778,1040110.91
POL003975,2018,0.731,926394.65
POL003975,2019,0.977,934577.43
POL003976,2018,0.915,922851.84
POL003976,2019,0.844,933387.52
POL003977,2018,0.763,7570896.36
POL003978,2020,0.98,967641.49
POL003978,2021,0.782,953922.18
POL003979,2019,0.605,13124076.29
POL003979,2020,0.687,12447767.61
POL003980,2020,0.617,2330868.57
POL003980,2021,0.629,2198963.14
POL003980,2022,0.971,2207732.65
POL003980,2023,0.623,2182334.27
POL003981,2020,0.933,893505.18
POL003981,2021,0.625,982813.95
POL003982,2018,0.909,2180714.23
POL003982,2019,0.939,1947667.91
POL003983,2020,0.786,2033144.41
POL003984,2021,0.697,6597389.48
POL003984,2022,0.993,7510928.12
POL003985,2018,0.85,2804535.75
POL003986,2020,0.79,369377.85
POL003987,2019,0.956,1745387.29
POL003987,2020,0.632,1960319.62
POL003987,2021,0.673,1992570.78
POL003988,2021,0.87,2291733.91
POL003988,2022,0.642,2114506.87
POL003988,2023,0.637,2273318.94
POL003988,2024,0.766,2424527.05
POL003989,2024,0.754,1113817.96
POL003990,2020,0.67,1225908.24
POL003990,2021,0.67,1253002.02
POL003990,2022,0.802,1215332.86
POL003991,2021,0.702,1108604.61
POL003991,2022,0.74,1068186.75
POL003991,2023,0.856,1102465.26
POL003992,2020,0.721,1247713.49
POL003993,2024,0.729,2253656.93
POL003994,2019,0.727,1979501.36
POL003994,2020,0.709,2190196.3
POL003994,2021,0.67,2130571.09
POL003995,2024,0.816,1568493.52
POL003996,2024,0.709,722771.78
POL003997,2023,0.847,1924551.18
POL003997,2024,0.679,2058464.61
POL003998,2019,0.887,2068185.25
POL003998,2020,0.71,2153067.86
POL003999,2020,0.661,8399277.87
POL004000,2018,0.727,7564053.19
POL004000,2019,0.935,7125080.07
