policy_id,insured_name,naics_code,naics_description,state,territory,employees,payroll,revenue,years_in_business,prior_claims,coverage_limit,deductible,latent_risk_factor,industry_risk_factor
POL000001,Insured COPSNZFB,452319,Retail,NY,Northeast,10,1069448.81,2671143.09,7,1,2e+06,25000,1.6537,1.05
POL000002,Insured PZGXKXHB,236220,Construction,PA,Northeast,38,3152000.15,5662018.18,4,3,2e+06,10000,0.9201,1.35
POL000003,Insured HQMSFEWL,236220,Construction,GA,South,53,4896756.57,7984590.28,4,0,2e+06,2500,1.3767,1.35
POL000004,Insured ESVHVNQZ,611110,Schools,PA,Northeast,46,3038723.45,13241427.75,13,3,1e+06,25000,0.8043,0.9
POL000005,Insured TCYRPUCE,452319,Retail,CA,West,43,3201969.05,9895678.18,21,2,1e+06,5000,0.8858,1.05
POL000006,Insured WUDTSAYY,812112,Beauty Salons,FL,South,38,2990199.44,12830334.42,28,0,2e+06,5000,0.9569,1.1
POL000007,Insured KAYOOMGS,541330,Engineering Services,IL,Midwest,2,233618.9,839225.69,16,1,1e+06,10000,1.0347,0.85
POL000008,Insured TQIJBGFU,621111,Physician Offices,TX,South,38,3913849.6,9467128.38,6,1,5e+06,1000,0.7997,0.95
POL000009,Insured HLIFAZKI,621111,Physician Offices,GA,South,3,340650.41,1506576.31,11,0,2e+06,1000,1.0404,0.95
POL000010,Insured ZGRNRCTK,452319,Retail,GA,South,24,1982282.21,5865039.72,7,0,2e+06,2500,1.2217,1.05
POL000011,Insured ZQPISMHK,812112,Beauty Salons,FL,South,35,1906422.34,8414548.68,75,1,1e+06,2500,0.6724,1.1
POL000012,Insured NJEUPYDL,621111,Physician Offices,CA,West,38,4190559.56,18838314.56,32,1,5e+06,1000,1.1537,0.95
POL000013,Insured DYGJBOCF,722511,Restaurants,TX,South,13,1191776.02,2452315.44,17,1,1e+06,5000,0.8426,1.15
POL000014,Insured HSKTZWUI,722511,Restaurants,PA,Northeast,23,2736300.47,4232495.5,16,0,5e+06,1000,1.0005,1.15
POL000015,Insured NONNFYAP,541330,Engineering Services,TX,South,36,2301378.58,4041727.38,17,1,2e+06,5000,0.8491,0.85
POL000016,Insured CRKGYKRN,812112,Beauty Salons,PA,Northeast,104,10475724.08,38426074.26,5,1,2e+06,2500,1.3275,1.1
POL000017,Insured VTDNKASA,452319,Retail,CA,West,57,2717169.32,5969865.02,8,0,2e+06,2500,1.605,1.05
POL000018,Insured WCHCCBTD,611110,Schools,NY,Northeast,11,1206149.95,2243354.04,12,0,1e+06,10000,1.2922,0.9
POL000019,Insured UBIRONZJ,236220,Construction,NC,South,43,2088801.5,4118593.93,3,2,2e+06,10000,0.7865,1.35
POL000020,Insured GLTBHXHT,621111,Physician Offices,FL,South,52,2355691.88,5146577.89,7,0,2e+06,10000,0.9973,0.95
POL000021,Insured LIDWDABW,722511,Restaurants,NC,South,6,266039.33,533775.61,9,1,2e+06,2500,0.8549,1.15
POL000022,Insured SLMKWCDY,611110,Schools,CA,West,27,1815861.34,7249375.27,18,1,1e+06,5000,1.4087,0.9
POL000023,Insured YPBXXFIX,722511,Restaurants,WA,West,67,7874861.31,33310513.36,27,1,2e+06,1000,0.759,1.15
POL000024,Insured JYZKSZJP,611110,Schools,GA,South,17,1050773.08,3686495.82,8,0,1e+06,2500,0.9108,0.9
POL000025,Insured ELKCSQUC,722511,Restaurants,IL,Midwest,27,1271185.86,5645586.8,9,1,5e+06,1000,1.7184,1.15
POL000026,Insured RQTXJCRF,452319,Retail,PA,Northeast,11,963457.59,1904463.6,5,1,2e+06,10000,0.9599,1.05
POL000027,Insured RXLQWZZW,452319,Retail,FL,South,11,877171.83,2541639.31,10,1,1e+06,5000,1.0817,1.05
POL000028,Insured FRKTBNIH,621111,Physician Offices,AZ,West,6,701969.18,3088858.84,45,2,2e+06,2500,1.6243,0.95
POL000029,Insured TFVQHHHD,452319,Retail,NY,Northeast,32,3780937.29,7452131.36,19,3,2e+06,2500,0.7395,1.05
POL000030,Insured SPSPUXTX,541330,Engineering Services,AZ,West,37,4136443.77,7847965.64,13,2,1e+06,2500,0.6303,0.85
POL000031,Insured DZXGRSRH,621111,Physician Offices,TX,South,17,1292472.87,3217768.05,9,1,1e+06,25000,0.9021,0.95
POL000032,Insured HVCLUHQM,541330,Engineering Services,NY,Northeast,50,6091463.31,14782634.22,4,1,2e+06,5000,1.0651,0.85
POL000033,Insured JKPLTRPW,541330,Engineering Services,WA,West,8,451378.55,2009585.01,15,1,1e+06,2500,1.0307,0.85
POL000034,Insured ZCFSPNQM,722511,Restaurants,NC,South,22,1980576.2,6696624.5,4,0,1e+06,10000,1.2095,1.15
POL000035,Insured GNMTKMUT,452319,Retail,NY,Northeast,97,10803439.78,38404220.23,16,2,2e+06,5000,1.0035,1.05
POL000036,Insured WYHQRJME,621111,Physician Offices,NY,Northeast,15,1445171,3860825.56,6,2,5e+06,1000,1.372,0.95
POL000037,Insured MOAHNRDE,722511,Restaurants,NC,South,22,1876563.4,7324263.66,9,1,1e+06,5000,0.9379,1.15
POL000038,Insured PPJYACVV,722511,Restaurants,CA,West,32,2249488.39,7194156.14,4,1,1e+06,2500,1.139,1.15
POL000039,Insured REUIYDRZ,452319,Retail,TX,South,10,404286.46,1671077.87,15,0,2e+06,2500,0.5587,1.05
POL000040,Insured EVWEKXVM,621111,Physician Offices,WA,West,11,660633.46,2500703.22,15,3,1e+06,1000,1.1883,0.95
POL000041,Insured ZEYBUHHH,452319,Retail,FL,South,38,3355980.8,14825926.05,2,0,2e+06,10000,0.741,1.05
POL000042,Insured YYEFWAVI,452319,Retail,NC,South,16,1761341.04,5585887.62,17,2,1e+06,1000,0.6837,1.05
POL000043,Insured BQCSXEGF,236220,Construction,NC,South,26,999940.63,1751958.73,22,1,1e+06,5000,1.07,1.35
POL000044,Insured EZKAKBJG,621111,Physician Offices,WA,West,32,2876385.01,10972672.71,15,1,5e+06,2500,1.4959,0.95
POL000045,Insured XNNGDEUJ,452319,Retail,CA,West,19,1581010.61,6170502.54,5,2,1e+06,5000,0.7043,1.05
POL000046,Insured DTWNPBVD,236220,Construction,IL,Midwest,29,3581298.61,5943817.47,25,4,1e+06,5000,1.1524,1.35
POL000047,Insured KFJMMGQZ,452319,Retail,WA,West,138,15497877.29,38077134.34,29,1,1e+06,2500,0.9579,1.05
POL000048,Insured TIYNJQSJ,722511,Restaurants,IL,Midwest,21,2604704.63,8011177.37,5,0,2e+06,10000,1.6527,1.15
POL000049,Insured WJEQMEMF,236220,Construction,WA,West,22,1511091.04,4556488.76,11,2,2e+06,2500,0.6705,1.35
POL000050,Insured OAGERMFH,812112,Beauty Salons,NC,South,3,234284.84,422416.28,17,3,1e+06,10000,1.39,1.1
POL000051,Insured ZDCNJSFC,541330,Engineering Services,FL,South,113,5578203.14,20097218.84,3,1,2e+06,25000,0.7608,0.85
POL000052,Insured AXLSNSMB,722511,Restaurants,AZ,West,30,2477931.07,6383100.66,3,0,1e+06,2500,1.4279,1.15
POL000053,Insured YFSMXAXX,611110,Schools,FL,South,128,12825960.14,25031832.25,13,1,2e+06,1000,1.7052,0.9
POL000054,Insured JNFEAPWW,452319,Retail,PA,Northeast,8,398013.63,1586227.22,61,0,1e+06,10000,2.1493,1.05
POL000055,Insured BBEOGIMN,452319,Retail,CA,West,13,1531385.13,5607044.48,14,0,1e+06,10000,0.6898,1.05
POL000056,Insured BTMQFIFY,541330,Engineering Services,IL,Midwest,25,1361087.81,2168300.28,41,1,1e+06,2500,0.9554,0.85
POL000057,Insured LSOZDXWC,452319,Retail,FL,South,11,950823.57,3143262.71,14,0,1e+06,25000,0.8655,1.05
POL000058,Insured FPHMIUNT,621111,Physician Offices,AZ,West,27,2683189.88,11938159.87,10,0,5e+06,1000,1.1324,0.95
POL000059,Insured KRFPCUGD,812112,Beauty Salons,NC,South,49,5919366.51,8928848.62,21,1,1e+06,5000,0.651,1.1
POL000060,Insured WIUUSXGX,236220,Construction,GA,South,24,2435294.65,4552391.38,25,0,1e+06,1000,1.0979,1.35
POL000061,Insured KRERJQYQ,236220,Construction,IL,Midwest,32,2012903.16,8090214.19,8,1,1e+06,2500,0.7736,1.35
POL000062,Insured JUWQBURZ,812112,Beauty Salons,IL,Midwest,13,1347452.86,3352748.64,17,2,1e+06,10000,1.0614,1.1
POL000063,Insured TJJXNWBZ,541330,Engineering Services,NY,Northeast,3,227902.33,352877.29,24,0,2e+06,25000,0.6993,0.85
POL000064,Insured MARZNOKT,452319,Retail,TX,South,39,3174722.28,9409198.68,7,1,5e+06,5000,1.5813,1.05
POL000065,Insured OGIDBEPU,452319,Retail,AZ,West,21,1155674.6,2524902.08,30,0,2e+06,1000,1.0362,1.05
POL000066,Insured BJGZAONS,812112,Beauty Salons,NC,South,70,6179732.34,24632313,20,2,2e+06,10000,0.7403,1.1
POL000067,Insured MMCTUYUS,236220,Construction,IL,Midwest,25,1930378.51,3785148.08,33,1,1e+06,1000,1.0728,1.35
POL000068,Insured IKBJNGWJ,812112,Beauty Salons,NC,South,64,4234706.44,10219297.74,10,1,1e+06,2500,1.5394,1.1
POL000069,Insured HZWFIVKU,621111,Physician Offices,TX,South,16,1799134.55,5133804.58,4,0,2e+06,1000,0.6775,0.95
POL000070,Insured JIGABYNM,236220,Construction,AZ,West,7,796853.46,2474428.48,15,1,1e+06,5000,0.6349,1.35
POL000071,Insured PJJKWRHN,611110,Schools,AZ,West,33,2384279.04,9531996.39,14,0,1e+06,10000,2.0127,0.9
POL000072,Insured QMOSZPSD,621111,Physician Offices,AZ,West,35,3514728.55,9943818.37,23,2,1e+06,2500,1.4011,0.95
POL000073,Insured UIKTSBUY,236220,Construction,FL,South,12,1321416.36,2890315.46,24,0,2e+06,2500,1.3464,1.35
POL000074,Insured QZGSUNBY,812112,Beauty Salons,CA,West,77,5006080.89,18699219.8,25,2,1e+06,2500,1.1207,1.1
POL000075,Insured RPYADMSC,812112,Beauty Salons,CA,West,23,1909520.46,8464661.38,14,0,1e+06,10000,0.8789,1.1
POL000076,Insured FAHMWCRX,236220,Construction,NY,Northeast,108,10106175.34,39834741.84,4,1,1e+06,10000,1.208,1.35
POL000077,Insured CABWZKKZ,621111,Physician Offices,AZ,West,43,1771935.61,4886913.81,11,0,1e+06,10000,0.8987,0.95
POL000078,Insured EYGOMEME,611110,Schools,CA,West,32,1928802.88,8095023.17,4,1,1e+06,5000,0.9867,0.9
POL000079,Insured EBOCWJET,452319,Retail,WA,West,21,1838828.47,6525947.83,5,1,1e+06,1000,1.0632,1.05
POL000080,Insured PROADCRY,621111,Physician Offices,AZ,West,39,4494529.77,7350454.43,13,1,2e+06,2500,1.1176,0.95
POL000081,Insured PQPECKPA,452319,Retail,FL,South,6,719951.17,2395233.66,37,0,2e+06,10000,1.309,1.05
POL000082,Insured CTDTRYPL,812112,Beauty Salons,NY,Northeast,24,2649087.44,9842691.49,46,2,2e+06,1000,0.6578,1.1
POL000083,Insured LLWIMLMX,541330,Engineering Services,IL,Midwest,22,1246368.29,2792874.94,18,0,1e+06,5000,1.7331,0.85
POL000084,Insured CJGHOKCC,611110,Schools,TX,South,61,2534452.42,8193860.17,5,1,2e+06,5000,0.8812,0.9
POL000085,Insured GIKKRZXN,611110,Schools,FL,South,22,2005847.28,6667293.35,26,0,1e+06,25000,0.8155,0.9
POL000086,Insured ECESACAF,236220,Construction,PA,Northeast,55,5689854.65,17414082.44,12,3,1e+06,10000,0.9331,1.35
POL000087,Insured FMTBIAXX,621111,Physician Offices,CA,West,18,2153397.91,4544327.85,9,0,5e+06,2500,1.2429,0.95
POL000088,Insured MMFEIXYA,541330,Engineering Services,IL,Midwest,33,4116510.64,8492062.03,15,1,2e+06,10000,0.7606,0.85
POL000089,Insured LTDVIXFB,812112,Beauty Salons,FL,South,59,5099355.98,19551123.14,7,1,5e+06,10000,1.1191,1.1
POL000090,Insured UFPXJMMU,236220,Construction,CA,West,20,2320964.71,5531156.75,21,2,1e+06,2500,1.3792,1.35
POL000091,Insured GJXTQPZU,236220,Construction,PA,Northeast,37,3896782.13,8216844.8,22,1,5e+06,10000,1.1265,1.35
POL000092,Insured FQSQBHOM,621111,Physician Offices,WA,West,17,723934.16,1740177.4,12,0,1e+06,2500,0.9785,0.95
POL000093,Insured MYBHJLIE,611110,Schools,PA,Northeast,14,1005160.62,4214463.89,11,1,2e+06,5000,0.7788,0.9
POL000094,Insured HOANWWNR,452319,Retail,CA,West,8,450533.29,1714924.96,3,1,1e+06,2500,0.8035,1.05
POL000095,Insured RNHXQNXK,236220,Construction,PA,Northeast,5,600389.39,1969604.13,12,0,1e+06,2500,1.235,1.35
POL000096,Insured CKWBWWHJ,541330,Engineering Services,CA,West,52,3883086.53,8312385.98,13,1,1e+06,10000,1.0474,0.85
POL000097,Insured UVYHGUGU,621111,Physician Offices,NC,South,78,3864916.02,6594737.67,7,3,5e+06,10000,1.0778,0.95
POL000098,Insured LPEFRJSL,812112,Beauty Salons,NC,South,30,2707277.73,10041535.48,25,3,2e+06,5000,0.9434,1.1
POL000099,Insured YXJCPWDK,236220,Construction,WA,West,196,13989542.27,62554987.98,10,1,1e+06,2500,1.1702,1.35
POL000100,Insured WFBLOAME,452319,Retail,AZ,West,7,653161.45,1447863.62,39,0,1e+06,5000,0.9468,1.05
POL000101,Insured SRLTBXKJ,452319,Retail,GA,South,79,4345780.19,17749621.12,9,3,5e+06,1000,1.7302,1.05
POL000102,Insured KSMBOQXY,621111,Physician Offices,FL,South,6,440981.45,1119413.46,8,0,1e+06,2500,0.874,0.95
POL000103,Insured POMRZFYV,452319,Retail,WA,West,5,397903.87,628054.55,21,0,2e+06,10000,0.894,1.05
POL000104,Insured IUNCRNIK,452319,Retail,IL,Midwest,18,2128654.13,8632354.68,9,1,1e+06,2500,1.1276,1.05
POL000105,Insured GCPOYXCT,236220,Construction,CA,West,85,8939375.5,27580221.09,7,0,1e+06,5000,1.1617,1.35
POL000106,Insured VIERSQIS,722511,Restaurants,FL,South,55,3616707,15333958.71,6,1,2e+06,2500,0.8449,1.15
POL000107,Insured WSJQXNGC,621111,Physician Offices,TX,South,19,1197449.33,2309655.98,15,2,1e+06,10000,1.1337,0.95
POL000108,Insured YUSDFXJH,541330,Engineering Services,NY,Northeast,52,3783956,16324967.83,17,0,2e+06,1000,0.9643,0.85
POL000109,Insured TTJHVHED,611110,Schools,FL,South,7,832556.03,2136671.97,6,0,1e+06,5000,0.7742,0.9
POL000110,Insured DYWICDQQ,452319,Retail,TX,South,5,615701.93,1942136.32,22,0,1e+06,5000,1.0146,1.05
POL000111,Insured FFBEWWEJ,541330,Engineering Services,NY,Northeast,10,1064834.12,3478852.43,21,0,1e+06,2500,1.0596,0.85
POL000112,Insured LQIBLMBT,452319,Retail,IL,Midwest,55,2843140.78,6518360.34,10,1,1e+06,1000,1.1757,1.05
POL000113,Insured XHQKPKJO,236220,Construction,PA,Northeast,32,3564803.83,9464098.05,15,0,1e+06,10000,0.8767,1.35
POL000114,Insured JNLTLSXE,541330,Engineering Services,CA,West,67,7141566.35,22070788.68,14,2,2e+06,1000,0.9001,0.85
POL000115,Insured OEONPGOH,611110,Schools,IL,Midwest,18,2088092.21,6924333.89,9,1,1e+06,10000,0.7271,0.9
POL000116,Insured KXGULSZI,452319,Retail,NY,Northeast,6,283401.45,488903.87,9,1,5e+06,1000,1.3485,1.05
POL000117,Insured BQMOZRWK,722511,Restaurants,NY,Northeast,34,3514122.34,5955889.16,4,0,5e+06,1000,0.7765,1.15
POL000118,Insured DVJTDPSH,621111,Physician Offices,FL,South,13,1168450.32,1825227.02,27,1,1e+06,1000,0.9044,0.95
POL000119,Insured HARSPZDR,722511,Restaurants,IL,Midwest,22,1122462.71,2982392.81,13,0,1e+06,10000,0.9184,1.15
POL000120,Insured PTAWOBMB,236220,Construction,NY,Northeast,30,2829553.15,8278795.64,4,1,1e+06,2500,1.2754,1.35
POL000121,Insured GABMIXZX,621111,Physician Offices,FL,South,14,1585905.01,6543080.58,28,1,2e+06,10000,0.5018,0.95
POL000122,Insured TANMBKXH,722511,Restaurants,IL,Midwest,11,574753.16,1123807,6,1,2e+06,1000,1.0657,1.15
POL000123,Insured DOHUDRDZ,621111,Physician Offices,PA,Northeast,15,1318626.78,4400052.57,15,0,1e+06,10000,0.9064,0.95
POL000124,Insured WGOIEJAW,452319,Retail,NY,Northeast,29,1441709.17,3940760.04,4,1,1e+06,25000,1.9099,1.05
POL000125,Insured NQSUPTTX,722511,Restaurants,NY,Northeast,8,926382.36,3680060.6,15,1,2e+06,10000,1.1344,1.15
POL000126,Insured XAWWKKBY,621111,Physician Offices,AZ,West,7,400485.13,1239866.01,27,1,1e+06,1000,1.0739,0.95
POL000127,Insured MNVUTYIC,452319,Retail,FL,South,31,3528288.11,10999603.42,51,1,5e+06,5000,0.7655,1.05
POL000128,Insured LKYAXVUU,812112,Beauty Salons,NY,Northeast,33,1376526.84,3342039.01,17,2,1e+06,1000,1.0009,1.1
POL000129,Insured HMANCHIK,541330,Engineering Services,WA,West,20,1199756.34,4278315.06,9,0,1e+06,2500,0.5005,0.85
POL000130,Insured VLIVJXJN,236220,Construction,IL,Midwest,6,259658.37,1144325.39,21,1,1e+06,2500,1.2376,1.35
POL000131,Insured HXQXNMJH,236220,Construction,TX,South,59,6559117.29,9954124.62,14,1,2e+06,10000,0.6674,1.35
POL000132,Insured XEFSXOMI,236220,Construction,TX,South,14,1633848.19,3100001.3,12,0,1e+06,2500,0.7462,1.35
POL000133,Insured JTLVPBFQ,236220,Construction,TX,South,3,285623.53,1204186.18,44,0,2e+06,2500,0.8192,1.35
POL000134,Insured MGPTCSZD,236220,Construction,GA,South,13,1118848.89,3818780.56,21,0,1e+06,2500,1.058,1.35
POL000135,Insured NCWIXYLP,452319,Retail,FL,South,46,3038718.65,6589212.22,36,1,2e+06,1000,0.9462,1.05
POL000136,Insured AAYGRTNE,621111,Physician Offices,CA,West,17,1323537.29,4493958.61,8,1,5e+06,5000,0.978,0.95
POL000137,Insured UGJGLCSQ,541330,Engineering Services,AZ,West,4,381382.06,1248105.4,19,0,2e+06,1000,1.032,0.85
POL000138,Insured MEKQBROW,452319,Retail,GA,South,27,1597401.95,3056226.14,11,0,5e+06,10000,1.052,1.05
POL000139,Insured XBMKLHRP,722511,Restaurants,TX,South,81,4009561.9,6435008.94,14,2,2e+06,2500,0.6718,1.15
POL000140,Insured DZROZNOC,621111,Physician Offices,TX,South,22,1733710.66,4713591.86,35,0,1e+06,1000,1.074,0.95
POL000141,Insured RKFGJVRD,621111,Physician Offices,AZ,West,22,1918302.87,7548914.74,34,2,1e+06,2500,1.045,0.95
POL000142,Insured IPURNOGF,236220,Construction,PA,Northeast,15,1300428.59,3496812.08,10,0,1e+06,5000,0.9717,1.35
POL000143,Insured PGPIQATK,541330,Engineering Services,GA,South,14,817978.03,2324747.98,17,1,1e+06,1000,0.7305,0.85
POL000144,Insured JVFDQSQR,722511,Restaurants,AZ,West,73,3930816.85,16988541.59,16,1,2e+06,10000,1.2763,1.15
POL000145,Insured SVLLWRXZ,722511,Restaurants,AZ,West,5,465812.35,1689569.36,22,0,1e+06,2500,1.3874,1.15
POL000146,Insured TQIBIPJP,236220,Construction,AZ,West,42,2445420.3,6905352.65,3,2,1e+06,1000,1.8742,1.35
POL000147,Insured SQWZOTDN,722511,Restaurants,TX,South,19,1883102.84,4466845.78,65,2,2e+06,1000,0.9306,1.15
POL000148,Insured SZLGDVXM,541330,Engineering Services,IL,Midwest,85,9573356.79,43047381.06,20,1,1e+06,5000,1.1564,0.85
POL000149,Insured GGWUCIRD,722511,Restaurants,TX,South,14,1141927.72,5038938.38,5,0,1e+06,10000,1.0496,1.15
POL000150,Insured BHAEKBVF,452319,Retail,CA,West,72,8294602.02,35868860.23,10,0,2e+06,2500,0.4886,1.05
POL000151,Insured BKAROIQI,722511,Restaurants,NY,Northeast,19,2113099.76,3885794.86,7,0,1e+06,1000,1.1112,1.15
POL000152,Insured VGPZZDZW,452319,Retail,NC,South,14,722830.28,1498639.97,20,1,2e+06,1000,1.2932,1.05
POL000153,Insured PCOGFWDH,541330,Engineering Services,IL,Midwest,22,2461532.91,4069475.58,10,1,1e+06,1000,0.3721,0.85
POL000154,Insured ZDJGBVIV,611110,Schools,NY,Northeast,8,456953.22,1712629.58,22,0,1e+06,2500,0.7141,0.9
POL000155,Insured VFNYQYEJ,611110,Schools,NC,South,12,1059060.55,3763678.27,23,0,2e+06,1000,1.552,0.9
POL000156,Insured VXBBZXFM,452319,Retail,NC,South,31,1671302.01,6891412.8,35,2,1e+06,5000,1.5015,1.05
POL000157,Insured HYDUHNEN,722511,Restaurants,PA,Northeast,8,736296.65,2912375.19,13,2,2e+06,5000,1.3452,1.15
POL000158,Insured QJYIPJAM,611110,Schools,NY,Northeast,11,738790.27,1359562.51,7,0,1e+06,5000,1.4293,0.9
POL000159,Insured GMTAWGEY,541330,Engineering Services,IL,Midwest,61,6533948.36,13172440.66,24,2,2e+06,2500,0.9313,0.85
POL000160,Insured UREPUATV,621111,Physician Offices,NC,South,12,763030.55,3007862.38,10,0,1e+06,2500,0.8784,0.95
POL000161,Insured PCOIOEFT,621111,Physician Offices,WA,West,14,1393198.24,3399078.4,12,1,2e+06,25000,0.6713,0.95
POL000162,Insured YGUKLUDG,621111,Physician Offices,CA,West,25,1922738.47,4082119.51,23,0,1e+06,1000,1.5897,0.95
POL000163,Insured OSIUWARF,452319,Retail,TX,South,16,1537832.11,3400086.61,9,1,1e+06,2500,0.9059,1.05
POL000164,Insured ENOVFFSX,722511,Restaurants,PA,Northeast,9,546544.73,1052204.94,16,1,1e+06,1000,0.9211,1.15
POL000165,Insured EDFTXZYC,452319,Retail,FL,South,71,7388404.42,27203787.74,27,0,1e+06,5000,0.9456,1.05
POL000166,Insured YNIWEAZS,621111,Physician Offices,FL,South,41,1695061.26,4227687.93,14,1,1e+06,1000,0.9238,0.95
POL000167,Insured SLLPGBUM,812112,Beauty Salons,TX,South,45,5188686.51,21299489.6,5,3,5e+06,2500,0.7539,1.1
POL000168,Insured ASNVWCSR,452319,Retail,TX,South,27,1275868.21,3833106.84,29,1,5e+06,2500,1.244,1.05
POL000169,Insured UEHIIZLQ,722511,Restaurants,NY,Northeast,47,4342958.29,15477168.47,37,3,2e+06,2500,0.9472,1.15
POL000170,Insured JHOOTENG,611110,Schools,TX,South,24,2204042.18,4630397.58,24,0,2e+06,2500,0.9426,0.9
POL000171,Insured MUIJALGR,812112,Beauty Salons,NY,Northeast,12,1231324.93,4154808.39,9,2,1e+06,5000,1.6887,1.1
POL000172,Insured DKJMZFWQ,812112,Beauty Salons,WA,West,7,442367.42,1787395.81,3,0,5e+06,1000,0.7838,1.1
POL000173,Insured SHAXEPQJ,236220,Construction,WA,West,26,2276427.72,8941666.26,35,0,2e+06,5000,0.783,1.35
POL000174,Insured JNTQUICV,452319,Retail,WA,West,16,1604165.74,3692248.06,8,0,1e+06,5000,0.8941,1.05
POL000175,Insured XEJQIWAM,621111,Physician Offices,NY,Northeast,4,330241.71,1328982.18,10,1,1e+06,1000,1.1742,0.95
POL000176,Insured ARYYFETT,621111,Physician Offices,TX,South,8,741831.21,2348612.65,10,3,1e+06,2500,0.7298,0.95
POL000177,Insured PYJSGYQN,621111,Physician Offices,WA,West,34,1782311.41,4754357.19,21,0,1e+06,5000,0.9273,0.95
POL000178,Insured HIRALJTK,541330,Engineering Services,IL,Midwest,16,1187494.2,4917036.51,26,3,1e+06,5000,1.0981,0.85
POL000179,Insured TAGOVXRL,541330,Engineering Services,PA,Northeast,14,1221622.22,4795232.44,21,0,1e+06,1000,1.166,0.85
POL000180,Insured YUKULRPI,611110,Schools,NY,Northeast,17,1157925.58,3594845.23,6,0,2e+06,1000,1.0143,0.9
POL000181,Insured PWIIZJSQ,611110,Schools,GA,South,15,971872.29,2786010.44,61,0,1e+06,2500,1.0054,0.9
POL000182,Insured MYWPJBNM,611110,Schools,TX,South,97,9405863.55,39976701.58,10,0,1e+06,10000,0.7354,0.9
POL000183,Insured TWXYJPXK,611110,Schools,PA,Northeast,17,1867642.65,8210353.44,7,1,2e+06,2500,1.1569,0.9
POL000184,Insured CTNBQABW,236220,Construction,CA,West,12,992318.7,3555331.3,12,1,2e+06,5000,1.2694,1.35
POL000185,Insured DNGXHKCC,452319,Retail,FL,South,6,516051.99,1362780.15,6,1,2e+06,10000,1.4699,1.05
POL000186,Insured GTOUBRZT,621111,Physician Offices,WA,West,8,589396.31,989024.46,4,1,1e+06,5000,1.3087,0.95
POL000187,Insured ZLNKIELT,541330,Engineering Services,CA,West,8,719325.34,1369810.16,17,0,2e+06,2500,1.4472,0.85
POL000188,Insured QUXKACTQ,452319,Retail,TX,South,10,1204731.32,1859378.37,41,3,1e+06,5000,0.7842,1.05
POL000189,Insured HVYQTDBH,541330,Engineering Services,TX,South,29,1825107.22,7953009.41,22,0,1e+06,1000,0.7324,0.85
POL000190,Insured HWUCEZLS,812112,Beauty Salons,FL,South,17,986424.44,2475471.73,8,1,5e+06,5000,1.3027,1.1
POL000191,Insured HESYZLQH,452319,Retail,IL,Midwest,50,4719737.89,19002881.55,13,2,5e+06,10000,0.7804,1.05
POL000192,Insured RVQRMOZQ,611110,Schools,FL,South,32,3065913.51,6601279.01,36,0,5e+06,5000,1.0295,0.9
POL000193,Insured XMPLPORB,541330,Engineering Services,NY,Northeast,14,1709643.14,5081054.5,12,0,2e+06,10000,1.3782,0.85
POL000194,Insured YQOFTJHE,541330,Engineering Services,NC,South,51,5057469.05,15295546.24,6,2,5e+06,2500,0.627,0.85
POL000195,Insured GDOCLUFZ,812112,Beauty Salons,WA,West,8,525625.26,1411371.32,19,2,2e+06,5000,1.0454,1.1
POL000196,Insured FSTIVGDA,452319,Retail,WA,West,15,1247751.81,5403012.46,21,0,5e+06,5000,1.2744,1.05
POL000197,Insured VGVVVWAJ,722511,Restaurants,NY,Northeast,32,2232550.69,4296652.64,8,0,1e+06,10000,1.6694,1.15
POL000198,Insured BXJAFMDD,611110,Schools,CA,West,17,1087899.77,2915316.91,57,0,2e+06,2500,1.1221,0.9
POL000199,Insured ZQYNMTPW,541330,Engineering Services,FL,South,56,5902586.6,13482722.67,20,0,2e+06,1000,1.9441,0.85
POL000200,Insured UZAITUIV,812112,Beauty Salons,WA,West,56,5428224.98,10453982.51,13,0,2e+06,2500,0.8297,1.1
POL000201,Insured KFPRJPVK,541330,Engineering Services,CA,West,139,5946369.48,17995258.64,3,2,1e+06,10000,0.9002,0.85
POL000202,Insured PJDCFTJL,621111,Physician Offices,FL,South,31,3545923.93,13361191.99,18,1,1e+06,2500,1.3866,0.95
POL000203,Insured GKVKWNGO,722511,Restaurants,NY,Northeast,14,1364934.03,3395248.44,5,0,5e+06,1000,1.2604,1.15
POL000204,Insured LGNQXJKV,722511,Restaurants,CA,West,15,1583484.66,2448124.53,6,1,2e+06,10000,0.9925,1.15
POL000205,Insured GGXOKIBT,621111,Physician Offices,NC,South,22,1996768.92,7934242.45,13,0,1e+06,1000,0.5812,0.95
POL000206,Insured VUJLSDTF,611110,Schools,WA,West,94,10778187.26,25647176.02,17,1,1e+06,25000,1.2933,0.9
POL000207,Insured UTIUILFC,541330,Engineering Services,GA,South,24,2142860.19,8482406.51,8,1,1e+06,1000,0.7491,0.85
POL000208,Insured CSSRHFYC,611110,Schools,NY,Northeast,53,5102123.16,10062894.36,24,0,1e+06,2500,0.8843,0.9
POL000209,Insured JQSQKWXR,621111,Physician Offices,CA,West,53,2088940.62,8240148.22,18,1,2e+06,2500,0.6155,0.95
POL000210,Insured LUMGOBUI,452319,Retail,NY,Northeast,10,839122.11,2771408.42,26,1,5e+06,1000,0.6859,1.05
POL000211,Insured UTOCXHAI,611110,Schools,AZ,West,7,760456.73,1192604.54,21,1,1e+06,1000,2.4688,0.9
POL000212,Insured IXQLIQCN,236220,Construction,PA,Northeast,26,2221980.16,5126401.45,13,0,5e+06,1000,1.0059,1.35
POL000213,Insured QBIYMTJO,452319,Retail,FL,South,37,1864283.54,7987234.43,56,1,1e+06,1000,1.5268,1.05
POL000214,Insured OINFRLIE,611110,Schools,FL,South,14,881126.03,3270031.21,9,1,2e+06,5000,0.6405,0.9
POL000215,Insured OKXQFRVZ,621111,Physician Offices,NY,Northeast,54,4949502.8,12739935.87,27,2,2e+06,5000,1.1542,0.95
POL000216,Insured QDLCKHJO,611110,Schools,FL,South,46,4120072.26,17669640,17,1,1e+06,2500,0.6027,0.9
POL000217,Insured OQDBRZRZ,611110,Schools,GA,South,12,1043744.51,4225631.91,36,0,1e+06,1000,1.1949,0.9
POL000218,Insured SBUOGTYZ,452319,Retail,NC,South,8,759178.05,2722363.05,9,1,2e+06,5000,0.8604,1.05
POL000219,Insured BXAJKVZX,611110,Schools,IL,Midwest,22,1545827.88,6737752.21,13,1,1e+06,2500,0.8749,0.9
POL000220,Insured CFIYWMFD,722511,Restaurants,TX,South,44,4561292.78,17817659.93,16,1,1e+06,2500,1.0669,1.15
POL000221,Insured MFZGRUCJ,722511,Restaurants,TX,South,48,4283588.88,7839412.23,12,0,5e+06,5000,0.9509,1.15
POL000222,Insured JEVAEHQG,611110,Schools,CA,West,9,647486.89,1896217.35,14,1,2e+06,2500,0.6629,0.9
POL000223,Insured AEAAGNXG,611110,Schools,IL,Midwest,6,611102.7,1064124.72,11,2,5e+06,1000,1.4916,0.9
POL000224,Insured OMPNJGMU,722511,Restaurants,NC,South,4,386064.89,952268.5,17,1,5e+06,1000,1.0657,1.15
POL000225,Insured YMGRTTQW,812112,Beauty Salons,TX,South,54,5300209.26,11220297.03,4,2,1e+06,5000,1.006,1.1
POL000226,Insured UPKJNXWO,236220,Construction,TX,South,36,1933505.09,8238545.57,13,0,2e+06,2500,0.9356,1.35
POL000227,Insured VQXNSMTV,236220,Construction,IL,Midwest,8,543473.73,2240042.3,11,1,1e+06,2500,0.5577,1.35
POL000228,Insured ZHPTCTKG,541330,Engineering Services,TX,South,25,1858131.18,3666949.53,15,2,5e+06,5000,1.1607,0.85
POL000229,Insured CAHZJTZR,812112,Beauty Salons,AZ,West,5,233191.27,383624.38,17,3,1e+06,1000,0.9267,1.1
POL000230,Insured XMWFIELF,722511,Restaurants,WA,West,65,4266555.16,12590951.12,16,2,5e+06,25000,1.2823,1.15
POL000231,Insured FYEPICZE,452319,Retail,NY,Northeast,15,1709932.65,6165984.38,25,0,2e+06,1000,0.9291,1.05
POL000232,Insured FRBEGFGW,236220,Construction,GA,South,26,1210027.29,4409575.49,8,2,2e+06,2500,1.0614,1.35
POL000233,Insured AIGWUJLP,722511,Restaurants,NC,South,15,856474.04,2271173.82,3,0,2e+06,5000,0.9291,1.15
POL000234,Insured LYRSFXUC,812112,Beauty Salons,FL,South,45,3138080.45,10592418.41,9,2,1e+06,2500,0.7888,1.1
POL000235,Insured DTJXIXVF,236220,Construction,NY,Northeast,18,976725.07,2767637.91,13,3,1e+06,2500,1.3789,1.35
POL000236,Insured OBOPTYHQ,812112,Beauty Salons,GA,South,9,472440.02,990857.14,13,1,5e+06,1000,1.5709,1.1
POL000237,Insured RONBCDKW,452319,Retail,TX,South,149,9098111.98,20713242.91,18,0,2e+06,2500,0.9092,1.05
POL000238,Insured KKNNUDZM,452319,Retail,GA,South,20,1437844.39,3218321.8,12,0,5e+06,5000,0.9631,1.05
POL000239,Insured LXINLRMM,621111,Physician Offices,GA,South,52,5980784.71,19330372.3,13,1,2e+06,2500,0.6976,0.95
POL000240,Insured OGAUEQYB,722511,Restaurants,CA,West,48,3121886.23,7746756.02,4,0,1e+06,10000,1.1127,1.15
POL000241,Insured DTPIETNV,611110,Schools,TX,South,49,4135710.54,17882999.22,19,1,1e+06,1000,0.7134,0.9
POL000242,Insured FTXQJLBN,812112,Beauty Salons,NY,Northeast,145,10188196.11,19414076.71,11,3,1e+06,1000,0.7934,1.1
POL000243,Insured YBBRSIDI,812112,Beauty Salons,AZ,West,35,1783188.09,3703599.62,5,0,2e+06,10000,1.2835,1.1
POL000244,Insured GXNCRJGU,722511,Restaurants,TX,South,15,1007330.79,2638730.98,17,1,5e+06,10000,0.7406,1.15
POL000245,Insured SDCAMKOQ,722511,Restaurants,PA,Northeast,19,1580955.12,4817381.01,4,1,1e+06,5000,1.4195,1.15
POL000246,Insured GJRBYXSO,621111,Physician Offices,GA,South,49,5235192.95,20224607.36,25,1,2e+06,2500,0.8924,0.95
POL000247,Insured WRNIYNLT,611110,Schools,PA,Northeast,61,7048537.16,23477375.56,7,2,1e+06,1000,1.4943,0.9
POL000248,Insured EYRCXTIQ,236220,Construction,FL,South,15,1187120.62,1892543.67,18,0,1e+06,10000,1.0798,1.35
POL000249,Insured TIPHFGZE,621111,Physician Offices,NC,South,39,2721305.8,4931600.77,25,0,2e+06,5000,0.7313,0.95
POL000250,Insured WYFQASAR,452319,Retail,WA,West,22,1489127.1,2659619.78,8,0,1e+06,5000,0.6395,1.05
POL000251,Insured BNLUJOJM,722511,Restaurants,NC,South,89,8232447.48,14190096.05,15,1,1e+06,10000,1.0571,1.15
POL000252,Insured DCCYOMPE,541330,Engineering Services,NY,Northeast,25,2682370.51,7308161.39,6,2,2e+06,5000,0.9448,0.85
POL000253,Insured RQNODPJW,452319,Retail,FL,South,22,1921055.22,4564668.81,23,1,1e+06,1000,1.1622,1.05
POL000254,Insured QKWWLUJN,236220,Construction,NC,South,127,5110797.7,16813498.07,39,2,2e+06,1000,1.1068,1.35
POL000255,Insured OVRXNDXH,722511,Restaurants,PA,Northeast,15,1677652.8,5940273.93,26,0,2e+06,1000,0.9986,1.15
POL000256,Insured HHVFKVXT,611110,Schools,WA,West,59,3871208.05,16848484.07,7,0,1e+06,2500,0.7879,0.9
POL000257,Insured SYMGGZJR,611110,Schools,GA,South,13,995597.59,2851303.13,30,0,1e+06,5000,0.5597,0.9
POL000258,Insured SNZSMDKJ,541330,Engineering Services,GA,South,13,602790.02,2291013.72,6,1,1e+06,1000,1.0774,0.85
POL000259,Insured JAWDKVSV,812112,Beauty Salons,WA,West,18,2008738.77,7027933.91,16,1,1e+06,5000,0.839,1.1
POL000260,Insured TDZYPGNY,621111,Physician Offices,PA,Northeast,49,3147914.05,11047151.45,25,0,2e+06,10000,0.7398,0.95
POL000261,Insured QSOQZBEZ,452319,Retail,IL,Midwest,74,3619202.42,8951950.89,6,1,5e+06,2500,0.5718,1.05
POL000262,Insured GXDKJEIA,541330,Engineering Services,PA,Northeast,16,1002541.13,2774845.79,11,1,2e+06,2500,0.8959,0.85
POL000263,Insured XFOJONNP,621111,Physician Offices,NY,Northeast,218,25020270.95,38502773.34,17,2,1e+06,1000,0.9216,0.95
POL000264,Insured ADLLYYCK,722511,Restaurants,FL,South,43,3716771.52,7988896.01,11,1,1e+06,5000,0.8261,1.15
POL000265,Insured BDVQFAUC,452319,Retail,WA,West,21,2425647.29,8887587.18,7,1,1e+06,10000,0.9859,1.05
POL000266,Insured SWXEBTFU,621111,Physician Offices,TX,South,61,6066418.23,15611228.32,25,1,2e+06,2500,0.8491,0.95
POL000267,Insured IDXGKUSZ,722511,Restaurants,GA,South,89,5472707.97,17617202.66,16,1,5e+06,10000,0.4382,1.15
POL000268,Insured MICUREHH,812112,Beauty Salons,IL,Midwest,20,1565145.61,6681981.79,10,2,2e+06,1000,1.7001,1.1
POL000269,Insured ZSEZRKYA,452319,Retail,GA,South,29,2534157.98,4121180.28,7,1,1e+06,5000,1.045,1.05
POL000270,Insured FKXAYXKP,611110,Schools,TX,South,58,4975359.07,8562150.34,29,0,2e+06,2500,0.7333,0.9
POL000271,Insured ZXFSZLHE,812112,Beauty Salons,NC,South,9,704955.75,3020239.29,5,2,2e+06,2500,0.8665,1.1
POL000272,Insured JEUKBMZR,236220,Construction,CA,West,11,1185479.14,1979720.16,12,0,1e+06,10000,1.5748,1.35
POL000273,Insured FEMBGZWM,236220,Construction,PA,Northeast,50,2351256.02,9503002.64,18,0,2e+06,10000,0.7243,1.35
POL000274,Insured CABWWFDM,611110,Schools,GA,South,13,1596747.16,4506999.21,12,1,5e+06,2500,1.0882,0.9
POL000275,Insured LOPEAOLX,722511,Restaurants,NC,South,10,1037795.76,3013406.05,5,1,2e+06,1000,0.7084,1.15
POL000276,Insured SXBLVAUA,621111,Physician Offices,FL,South,6,279350.88,745568.08,7,0,1e+06,1000,0.7971,0.95
POL000277,Insured PETZXNJD,541330,Engineering Services,WA,West,23,2680308.26,9003171.03,9,1,1e+06,1000,0.9939,0.85
POL000278,Insured UBDUDDJW,812112,Beauty Salons,NC,South,8,479483.25,1280244.99,14,0,2e+06,2500,1.0885,1.1
POL000279,Insured RVYNZYNS,452319,Retail,NY,Northeast,67,2755069.06,11011889.42,4,2,5e+06,5000,1.221,1.05
POL000280,Insured EUICFVAS,812112,Beauty Salons,PA,Northeast,15,1446485.42,2438088.25,4,0,1e+06,2500,1.9089,1.1
POL000281,Insured EXLHUXRS,611110,Schools,WA,West,28,1070253.1,1614491.24,22,2,2e+06,2500,1.6391,0.9
POL000282,Insured TFLCFGND,236220,Construction,WA,West,13,1253637.2,4272993.14,11,0,1e+06,5000,0.82,1.35
POL000283,Insured QYJGTVYL,452319,Retail,CA,West,5,594507.91,1615249.46,4,0,2e+06,1000,0.852,1.05
POL000284,Insured RHEZTJCE,611110,Schools,NC,South,32,2761104.03,8108574.72,18,2,1e+06,2500,1.22,0.9
POL000285,Insured SVICNVDG,722511,Restaurants,IL,Midwest,16,1684169.27,6429684.63,14,0,1e+06,1000,1.1877,1.15
POL000286,Insured XNVNAVBZ,541330,Engineering Services,IL,Midwest,20,2482606.13,10028011.71,7,0,1e+06,5000,0.6054,0.85
POL000287,Insured FGAHHIYM,541330,Engineering Services,WA,West,34,2394166.93,9395691.37,17,2,2e+06,2500,0.668,0.85
POL000288,Insured HZVXMKAV,621111,Physician Offices,TX,South,5,302552.72,494627.65,18,0,1e+06,10000,1.4128,0.95
POL000289,Insured ENQBPYWM,236220,Construction,GA,South,149,7684523.43,12992730.36,16,1,1e+06,1000,1.5505,1.35
POL000290,Insured QGBBJVXP,452319,Retail,FL,South,14,615394.8,1297723.98,13,1,2e+06,10000,1.1573,1.05
POL000291,Insured TMHYMQPN,541330,Engineering Services,GA,South,122,13474023.67,28235828.56,7,1,2e+06,10000,1.4592,0.85
POL000292,Insured XICLHRZJ,812112,Beauty Salons,CA,West,44,2474215.12,7154032.4,16,3,1e+06,2500,1.0716,1.1
POL000293,Insured XVLNJUXA,611110,Schools,NY,Northeast,49,3431641.77,8850276.44,54,2,1e+06,1000,0.7895,0.9
POL000294,Insured XBGLGXWB,236220,Construction,FL,South,46,4521190.84,12344100.94,15,3,1e+06,5000,0.706,1.35
POL000295,Insured GVOSQMUA,722511,Restaurants,CA,West,27,1480134.1,5291878.14,10,2,1e+06,10000,0.9519,1.15
POL000296,Insured ZCQDBFTG,722511,Restaurants,TX,South,153,8536105.32,19045470.18,28,0,1e+06,5000,0.7499,1.15
POL000297,Insured LPKMHRCY,621111,Physician Offices,AZ,West,30,3607584.33,16049347.66,30,2,5e+06,2500,1.5744,0.95
POL000298,Insured IXFYYMFW,452319,Retail,GA,South,35,3309285.02,5048955.9,9,1,1e+06,5000,2.8358,1.05
POL000299,Insured DEWIXJIR,611110,Schools,PA,Northeast,15,616889.8,2566370.32,21,0,1e+06,5000,0.971,0.9
POL000300,Insured POTUWUMI,611110,Schools,NY,Northeast,60,5780303.52,15624435.87,5,0,2e+06,10000,0.7154,0.9
POL000301,Insured GDAUQGBK,541330,Engineering Services,FL,South,2,115581.83,238985.95,7,0,1e+06,10000,0.7282,0.85
POL000302,Insured XTCBTYNA,452319,Retail,AZ,West,45,2280587.63,7701168.93,8,2,1e+06,10000,0.8558,1.05
POL000303,Insured BTIWFMFQ,621111,Physician Offices,AZ,West,13,1548337.75,3643990.62,16,1,1e+06,1000,1.1163,0.95
POL000304,Insured SZCCZROZ,621111,Physician Offices,TX,South,65,2820339.09,6262365.54,10,1,2e+06,5000,1.1616,0.95
POL000305,Insured EWCRSHAX,621111,Physician Offices,GA,South,29,1131910.74,2401726.68,15,0,2e+06,5000,1.0148,0.95
POL000306,Insured DQRYYMEH,722511,Restaurants,NY,Northeast,28,2583665.1,7559377.03,19,4,1e+06,5000,0.5902,1.15
POL000307,Insured GGGFONRD,722511,Restaurants,TX,South,13,1403374.29,5058091.62,13,1,2e+06,1000,1.4913,1.15
POL000308,Insured UQMNGZBT,621111,Physician Offices,GA,South,13,746019.38,2574416.71,9,1,1e+06,5000,1.2928,0.95
POL000309,Insured UCLYMQFQ,541330,Engineering Services,IL,Midwest,53,2676338.98,10942970.44,33,0,5e+06,1000,1.1715,0.85
POL000310,Insured GBEJYVYU,621111,Physician Offices,TX,South,17,2113417.47,8806843.38,18,2,1e+06,10000,0.9274,0.95
POL000311,Insured JFGTAODO,611110,Schools,PA,Northeast,10,1095496.5,1902894.97,8,0,1e+06,25000,1.416,0.9
POL000312,Insured DRONDENL,621111,Physician Offices,NY,Northeast,19,1355103.04,2778002.12,14,1,2e+06,5000,1.3588,0.95
POL000313,Insured QJMWBNCB,722511,Restaurants,WA,West,52,3319811.15,5447792.68,37,2,2e+06,2500,0.8762,1.15
POL000314,Insured XLRCMTZX,236220,Construction,IL,Midwest,17,1675256.54,6697801.94,15,0,2e+06,10000,0.9184,1.35
POL000315,Insured VAKXRQLQ,236220,Construction,CA,West,40,2852420.04,12413051.62,17,2,2e+06,10000,0.8392,1.35
POL000316,Insured VGQKWPYD,812112,Beauty Salons,AZ,West,74,8456996.24,28167542.26,9,3,5e+06,25000,0.7827,1.1
POL000317,Insured OEZGOMGO,611110,Schools,AZ,West,27,3248433.22,14445924.26,18,1,5e+06,2500,0.7017,0.9
POL000318,Insured JDZZGMIK,452319,Retail,TX,South,32,1427589.27,6250685.08,10,4,1e+06,1000,1.565,1.05
POL000319,Insured UKVFPCKD,452319,Retail,AZ,West,69,5214027.47,18362065.02,5,1,1e+06,10000,1.1351,1.05
POL000320,Insured OHZMHKJM,722511,Restaurants,CA,West,41,3123331.02,5662319.23,8,1,2e+06,2500,0.8766,1.15
POL000321,Insured TXZBRHYK,722511,Restaurants,FL,South,32,2880371.53,5125725.02,33,0,2e+06,2500,0.6854,1.15
POL000322,Insured HAAKKQGL,722511,Restaurants,NY,Northeast,38,1695224.93,4647972.15,41,1,2e+06,1000,1.3843,1.15
POL000323,Insured RXELVYNE,611110,Schools,NY,Northeast,20,1771040.46,5741281.09,46,1,5e+06,5000,1.8924,0.9
POL000324,Insured ZXAJPBNO,812112,Beauty Salons,FL,South,15,1397612.54,2288912.5,5,2,2e+06,1000,0.8946,1.1
POL000325,Insured OVMOYXBX,236220,Construction,TX,South,25,2006898.93,6171390.77,30,2,2e+06,10000,0.6165,1.35
POL000326,Insured XQKLMRYO,236220,Construction,GA,South,24,2425383.61,10777494.21,10,0,1e+06,10000,0.7075,1.35
POL000327,Insured TQDGJQRT,611110,Schools,PA,Northeast,8,336186.32,835190.16,13,2,2e+06,2500,1.4835,0.9
POL000328,Insured IOQPBWKJ,236220,Construction,FL,South,9,1081651.26,3416900.48,12,0,2e+06,5000,1.2971,1.35
POL000329,Insured ZTVKVHGW,541330,Engineering Services,AZ,West,42,2968992.54,7872192.59,15,0,1e+06,5000,0.6581,0.85
POL000330,Insured HEVWSHCC,722511,Restaurants,CA,West,170,10707180.13,29211861.92,26,0,5e+06,1000,1.4936,1.15
POL000331,Insured HQHSZGFZ,611110,Schools,NC,South,101,11549525.59,27117202.42,11,0,1e+06,5000,0.9703,0.9
POL000332,Insured TLMANPVV,621111,Physician Offices,NC,South,40,2697143.4,10200037.14,4,1,1e+06,1000,0.6937,0.95
POL000333,Insured JODOXYGF,541330,Engineering Services,GA,South,7,577164.13,1168439.28,45,0,2e+06,1000,0.6378,0.85
POL000334,Insured YMMLERNA,611110,Schools,NC,South,67,7275054.61,14713472.7,9,1,5e+06,5000,2.1087,0.9
POL000335,Insured VRRMTOFR,812112,Beauty Salons,IL,Midwest,40,3499118.64,10552708.5,17,3,2e+06,1000,0.8614,1.1
POL000336,Insured NYKDNVTM,236220,Construction,PA,Northeast,63,6723401.65,23097223.69,9,0,5e+06,25000,0.6003,1.35
POL000337,Insured XHKWGBWW,541330,Engineering Services,GA,South,59,6554557.16,25549924.04,13,1,1e+06,25000,0.6216,0.85
POL000338,Insured BFIOELPU,452319,Retail,NY,Northeast,43,5082190.11,16541246.91,17,2,5e+06,5000,0.9794,1.05
POL000339,Insured LWFCBQTM,722511,Restaurants,CA,West,23,2701462.52,6405155.35,12,0,5e+06,10000,1.1008,1.15
POL000340,Insured DCXYDLKE,621111,Physician Offices,IL,Midwest,6,749960.87,2900902.51,14,1,1e+06,5000,1.1357,0.95
POL000341,Insured RLCDZEFL,722511,Restaurants,NY,Northeast,31,2950908.37,6683629.62,37,1,1e+06,1000,0.8637,1.15
POL000342,Insured POJKJEFQ,722511,Restaurants,NY,Northeast,10,615194.66,1569927.71,10,2,1e+06,25000,0.8691,1.15
POL000343,Insured JFFMOAVW,236220,Construction,WA,West,15,1043889.98,3571927.39,13,2,2e+06,2500,0.8391,1.35
POL000344,Insured IDXFWGBH,541330,Engineering Services,PA,Northeast,28,1637765.42,5500364.22,13,0,2e+06,5000,0.8815,0.85
POL000345,Insured AGFLLXTQ,541330,Engineering Services,AZ,West,28,2013367.79,5230714.28,10,2,1e+06,1000,1.187,0.85
POL000346,Insured YUGCHZLL,611110,Schools,TX,South,53,5179617.02,16797210.46,17,0,2e+06,5000,1.3414,0.9
POL000347,Insured YSBWFBYR,611110,Schools,CA,West,11,837779.16,1877425.88,4,4,1e+06,5000,1.2331,0.9
POL000348,Insured TURFRDCQ,236220,Construction,NC,South,8,531142.34,1259611.63,5,2,2e+06,5000,0.9072,1.35
POL000349,Insured LLFEQJIH,236220,Construction,AZ,West,8,600252.26,1444389.3,17,0,1e+06,1000,1.3355,1.35
POL000350,Insured JQCWIDTX,541330,Engineering Services,AZ,West,9,710607.46,2150288.79,11,1,2e+06,5000,1.4299,0.85
POL000351,Insured AAJVEWOK,812112,Beauty Salons,PA,Northeast,36,4176023.14,12402294.04,10,1,1e+06,10000,1.0847,1.1
POL000352,Insured WZTGCAIE,812112,Beauty Salons,NC,South,24,2674852.63,9803975.1,7,2,1e+06,5000,0.9186,1.1
POL000353,Insured IXMTOXGX,812112,Beauty Salons,GA,South,8,732706.14,1809652.2,34,2,2e+06,2500,1.3912,1.1
POL000354,Insured EUPNBEKP,611110,Schools,CA,West,33,3159392.44,10636639.17,8,2,2e+06,25000,0.8851,0.9
POL000355,Insured AFDTYBQO,611110,Schools,PA,Northeast,11,920628.76,1663198.44,22,0,2e+06,2500,0.8243,0.9
POL000356,Insured YBWRDYSH,541330,Engineering Services,NC,South,22,982193.02,3589270.52,7,1,5e+06,2500,1.7172,0.85
POL000357,Insured VHBKDALA,812112,Beauty Salons,IL,Midwest,53,5994567.66,14697442.4,18,2,5e+06,5000,0.97,1.1
POL000358,Insured ZCYIGUZV,621111,Physician Offices,TX,South,18,2215832.58,5141288.2,8,2,5e+06,1000,0.7949,0.95
POL000359,Insured TVOCFSRR,812112,Beauty Salons,WA,West,13,857009.42,1738588.72,9,1,1e+06,1000,1.0337,1.1
POL000360,Insured LGCJMFHI,452319,Retail,IL,Midwest,24,2440500.96,4010031.59,11,0,1e+06,2500,0.5544,1.05
POL000361,Insured FDZAMIMP,722511,Restaurants,PA,Northeast,26,1107195.26,4075232.5,13,1,2e+06,25000,1.1246,1.15
POL000362,Insured ZHCNBVOV,621111,Physician Offices,GA,South,97,5521328.31,17138560.77,13,0,1e+06,10000,0.7346,0.95
POL000363,Insured SZTMCCAO,722511,Restaurants,IL,Midwest,25,2963302.81,8790926.72,9,0,2e+06,5000,0.9536,1.15
POL000364,Insured ODAZFYDS,236220,Construction,PA,Northeast,8,377567.95,828789.99,27,0,2e+06,2500,0.6815,1.35
POL000365,Insured RDEUZEJY,812112,Beauty Salons,TX,South,20,1449439.66,4522466.79,7,3,2e+06,10000,1.0268,1.1
POL000366,Insured BMOGLARJ,541330,Engineering Services,IL,Midwest,21,1258652.05,2407448.45,4,1,1e+06,1000,1.2129,0.85
POL000367,Insured QQGDMUYQ,236220,Construction,AZ,West,49,4107948.49,9018542.28,11,2,1e+06,10000,0.8229,1.35
POL000368,Insured PIPFBCZJ,236220,Construction,GA,South,113,9978906.3,43163474.07,31,1,1e+06,1000,1.184,1.35
POL000369,Insured DHOLXRPZ,452319,Retail,CA,West,12,1281990.27,2969790.51,10,1,1e+06,10000,1.2766,1.05
POL000370,Insured FXJWCULA,722511,Restaurants,TX,South,60,3758976.34,15920563.84,13,0,2e+06,10000,0.8543,1.15
POL000371,Insured GFTLWWXM,722511,Restaurants,IL,Midwest,10,849111.38,2113840.52,6,1,2e+06,1000,0.9886,1.15
POL000372,Insured EOHQVPJK,621111,Physician Offices,AZ,West,23,1943123.2,7564012.93,4,0,2e+06,1000,1.2085,0.95
POL000373,Insured DTLHNNMX,722511,Restaurants,IL,Midwest,16,622277.36,2634828.46,21,2,2e+06,1000,1.2998,1.15
POL000374,Insured GSOCMEOI,812112,Beauty Salons,CA,West,37,3034313.8,10163248.35,11,1,2e+06,2500,0.7065,1.1
POL000375,Insured IBWXIAJE,236220,Construction,AZ,West,57,3736391.4,7827541.91,9,3,5e+06,2500,1.2371,1.35
POL000376,Insured OLYVQILG,722511,Restaurants,WA,West,23,2428201.62,7358755.47,19,0,5e+06,5000,1.1651,1.15
POL000377,Insured LTCWNICD,812112,Beauty Salons,NY,Northeast,23,1789357.42,7978898.08,6,0,2e+06,2500,1.0202,1.1
POL000378,Insured OWIIQHIP,236220,Construction,AZ,West,20,2352972.65,7713098.17,12,0,2e+06,5000,1.5356,1.35
POL000379,Insured TAPSYFLG,452319,Retail,NY,Northeast,26,1394943.06,3672794.41,12,1,2e+06,2500,1.0294,1.05
POL000380,Insured NWSRNYFF,722511,Restaurants,TX,South,24,2190211.17,8001379.45,7,2,5e+06,2500,0.5038,1.15
POL000381,Insured NGNWSMRX,611110,Schools,FL,South,21,1995831.12,4638764.31,11,0,2e+06,1000,0.7719,0.9
POL000382,Insured CADACDHG,621111,Physician Offices,NY,Northeast,37,3022661.96,8002522.56,15,0,2e+06,1000,1.2041,0.95
POL000383,Insured HQCLIVTC,812112,Beauty Salons,NY,Northeast,37,1631415.63,5668196.57,14,0,1e+06,5000,1.5624,1.1
POL000384,Insured TLLKYMIW,236220,Construction,NY,Northeast,110,4338600.84,15202579.64,26,0,1e+06,5000,0.8327,1.35
POL000385,Insured JRRNWLVY,452319,Retail,AZ,West,53,4197058.86,8836960.88,10,2,1e+06,5000,1.1755,1.05
POL000386,Insured RKANHHHY,236220,Construction,WA,West,52,3245507.54,6346660.9,23,0,5e+06,1000,0.9063,1.35
POL000387,Insured IEQFNXJS,722511,Restaurants,IL,Midwest,70,7292985.6,20977407.8,12,1,5e+06,5000,0.9549,1.15
POL000388,Insured BBGWPNCN,452319,Retail,AZ,West,26,3096451.63,9122759.86,10,1,1e+06,1000,0.9078,1.05
POL000389,Insured AEDBHOYA,236220,Construction,TX,South,8,350903.67,1062230.11,12,4,1e+06,5000,1.1902,1.35
POL000390,Insured EAJBQXKL,722511,Restaurants,NY,Northeast,32,2135058.16,5239646.95,51,1,1e+06,10000,1.2883,1.15
POL000391,Insured UYCYVZTL,621111,Physician Offices,TX,South,40,3853719.53,15467499.91,7,1,1e+06,5000,1.5575,0.95
POL000392,Insured JMXJUJXJ,611110,Schools,IL,Midwest,46,5213115.72,14394515.94,27,1,5e+06,2500,0.9022,0.9
POL000393,Insured ADQQVEMA,812112,Beauty Salons,NC,South,11,832103.11,1319191.48,15,1,2e+06,2500,1.1506,1.1
POL000394,Insured HMTNVSHF,611110,Schools,PA,Northeast,89,10175338.41,27842068.11,3,1,2e+06,10000,0.8732,0.9
POL000395,Insured NNHHGHNV,722511,Restaurants,CA,West,26,1652049.68,3717403.7,10,1,2e+06,25000,1.6008,1.15
POL000396,Insured CEFWVOHL,621111,Physician Offices,CA,West,21,1956449.45,7484600.74,26,0,1e+06,5000,1.0623,0.95
POL000397,Insured REROLCBX,722511,Restaurants,GA,South,11,1348009.25,3369476.92,11,1,5e+06,25000,0.8298,1.15
POL000398,Insured CZUGQNWO,812112,Beauty Salons,NC,South,23,1537049.07,3604034.02,9,0,5e+06,1000,1.0256,1.1
POL000399,Insured CUEYPXUD,452319,Retail,IL,Midwest,30,2556786.45,7569318.44,9,1,2e+06,2500,1.1485,1.05
POL000400,Insured BWKKVWBO,236220,Construction,CA,West,44,4800396.09,16540654.3,16,0,1e+06,5000,1.2204,1.35
POL000401,Insured FJJMOOWH,722511,Restaurants,FL,South,17,1559271.5,4394612.48,44,0,2e+06,1000,0.9732,1.15
POL000402,Insured BEAAOZZB,812112,Beauty Salons,CA,West,8,705958.85,2821841.27,11,1,1e+06,2500,0.9137,1.1
POL000403,Insured SOVGNTRE,236220,Construction,TX,South,46,5167723.58,20862927.45,12,2,1e+06,1000,0.8361,1.35
POL000404,Insured WUCGNIPY,722511,Restaurants,NC,South,36,4319340.46,18437123.85,11,1,5e+06,5000,1.4675,1.15
POL000405,Insured OOYZEOQK,452319,Retail,NY,Northeast,17,1887702.21,7303146.05,9,2,2e+06,5000,1.3715,1.05
POL000406,Insured ZKWYUCOL,812112,Beauty Salons,NC,South,33,2254606.52,7217645.54,14,0,1e+06,2500,0.8041,1.1
POL000407,Insured WZAJCNXK,621111,Physician Offices,GA,South,15,1300103.87,2895115.13,8,0,5e+06,1000,0.8881,0.95
POL000408,Insured SXJKBQRF,722511,Restaurants,NC,South,9,983830.99,2729133.18,18,2,2e+06,1000,1.4862,1.15
POL000409,Insured LDARJSYT,812112,Beauty Salons,GA,South,13,794341.07,2576829.35,20,2,2e+06,5000,1.09,1.1
POL000410,Insured UHBDSIGH,236220,Construction,WA,West,70,8227337.84,12951910.31,15,0,2e+06,2500,1.4355,1.35
POL000411,Insured ZRTEQIPX,812112,Beauty Salons,PA,Northeast,23,1355619.88,4320855.24,11,1,2e+06,5000,0.5368,1.1
POL000412,Insured ISKGDWOQ,611110,Schools,PA,Northeast,32,1576533.43,5070800.71,44,2,2e+06,2500,1.3597,0.9
POL000413,Insured DMGLAWRT,236220,Construction,GA,South,7,704302.82,2617369.19,8,1,5e+06,2500,0.9457,1.35
POL000414,Insured UUMITSMB,812112,Beauty Salons,GA,South,5,539132.69,2018308.15,15,1,1e+06,5000,0.8835,1.1
POL000415,Insured KLQWHYCS,611110,Schools,NC,South,19,2209078.54,5205159.45,13,0,1e+06,2500,1.1889,0.9
POL000416,Insured BATGJADP,621111,Physician Offices,WA,West,43,2207469.36,7158570.31,9,0,5e+06,1000,1.1416,0.95
POL000417,Insured MZHSQBNS,722511,Restaurants,IL,Midwest,14,726988.88,1507158.16,8,2,1e+06,2500,0.8774,1.15
POL000418,Insured LDSWHDTW,621111,Physician Offices,GA,South,26,2684152.61,5607844.13,26,0,1e+06,1000,1.4005,0.95
POL000419,Insured QOAJUFOS,541330,Engineering Services,IL,Midwest,24,2485859.02,8680892.48,20,0,2e+06,1000,0.591,0.85
POL000420,Insured TQITFMSD,722511,Restaurants,NC,South,18,1416003.06,5349212.49,6,0,1e+06,2500,1.1024,1.15
POL000421,Insured QKQROJDJ,541330,Engineering Services,PA,Northeast,7,671589.22,1221825.75,6,1,2e+06,5000,0.6737,0.85
POL000422,Insured YPUYVHTL,541330,Engineering Services,CA,West,53,3770747.45,11810966.95,17,1,1e+06,2500,0.7536,0.85
POL000423,Insured SCEMFEVS,452319,Retail,WA,West,32,3510063.77,10501871.37,24,0,5e+06,2500,0.8703,1.05
POL000424,Insured AOMJXOCC,621111,Physician Offices,TX,South,26,1294914.02,3085431.07,17,1,5e+06,2500,1.2296,0.95
POL000425,Insured RRTSSXPT,236220,Construction,CA,West,20,2412485.31,7895164.96,5,0,1e+06,10000,1.1128,1.35
POL000426,Insured JXOBZYSB,722511,Restaurants,NC,South,10,1115957.79,2918629.65,20,2,1e+06,1000,0.7482,1.15
POL000427,Insured QQTUSWII,722511,Restaurants,TX,South,63,6085963.58,26483916,29,2,1e+06,1000,0.9988,1.15
POL000428,Insured RDTOEAOK,452319,Retail,CA,West,19,1138862.68,4787455.92,24,0,1e+06,2500,0.8777,1.05
POL000429,Insured MXUFLBUM,541330,Engineering Services,NY,Northeast,24,1217337.73,2497111.69,16,0,1e+06,10000,1.4024,0.85
POL000430,Insured JWSQXLPT,236220,Construction,GA,South,9,427563.79,1162842.11,17,2,2e+06,5000,1.1402,1.35
POL000431,Insured MNDOIFII,236220,Construction,FL,South,34,2637319.49,9589321.09,15,5,2e+06,2500,0.9039,1.35
POL000432,Insured ZJIIPAHK,541330,Engineering Services,CA,West,42,3405056.17,10425084.43,6,0,1e+06,5000,0.4296,0.85
POL000433,Insured ITTJAPEZ,611110,Schools,NY,Northeast,58,7008456.24,15117351.57,38,1,1e+06,1000,1.2118,0.9
POL000434,Insured XKKVVWDD,722511,Restaurants,NC,South,25,2094550.51,4073365.72,16,1,5e+06,5000,0.9232,1.15
POL000435,Insured EDEPCCIZ,722511,Restaurants,IL,Midwest,54,6453879.58,14353362.23,10,1,1e+06,1000,1.2591,1.15
POL000436,Insured FMEIWZOG,611110,Schools,NC,South,104,12122433.65,45187889.86,8,1,2e+06,10000,0.9071,0.9
POL000437,Insured QIJFELRC,452319,Retail,FL,South,18,733552.28,1799714.55,11,1,5e+06,1000,0.6813,1.05
POL000438,Insured ORHJVFPL,621111,Physician Offices,AZ,West,28,3167833.56,5432750.25,25,0,2e+06,2500,0.9304,0.95
POL000439,Insured WVHPWOYT,621111,Physician Offices,WA,West,23,2066341.24,4238968.2,4,2,2e+06,5000,1.2286,0.95
POL000440,Insured PIJUGCRG,541330,Engineering Services,GA,South,19,1341069.41,2165286.9,7,0,1e+06,5000,1.057,0.85
POL000441,Insured HCRFIEVP,812112,Beauty Salons,CA,West,66,4191748.7,10864424.09,10,2,1e+06,1000,1.0582,1.1
POL000442,Insured ZXZTEGGX,452319,Retail,CA,West,32,1926352.51,4176790.84,15,2,2e+06,1000,1.05,1.05
POL000443,Insured SKUMBEPJ,611110,Schools,FL,South,37,3416292.26,13474111.29,17,1,5e+06,2500,1.3749,0.9
POL000444,Insured LFHSHQTQ,812112,Beauty Salons,NY,Northeast,16,1632197.61,3423072.42,10,1,2e+06,5000,0.9946,1.1
POL000445,Insured GRCTPNMB,722511,Restaurants,IL,Midwest,63,5114156.32,20774386.15,17,2,2e+06,10000,1.0784,1.15
POL000446,Insured CXBDDENH,621111,Physician Offices,IL,Midwest,119,9175014.29,25692831.96,6,0,5e+06,1000,1.107,0.95
POL000447,Insured EZIPINSI,611110,Schools,FL,South,106,9332765.24,17281097.19,27,2,2e+06,2500,1.1109,0.9
POL000448,Insured QXGWUBYC,541330,Engineering Services,GA,South,15,1041706.26,2646137.19,4,0,2e+06,1000,0.9602,0.85
POL000449,Insured CUMWEVNB,722511,Restaurants,PA,Northeast,38,2392274.29,4712928.94,7,3,1e+06,2500,1.4943,1.15
POL000450,Insured EJIQOAXA,621111,Physician Offices,IL,Midwest,8,787442.28,1656252.11,14,0,2e+06,10000,0.9248,0.95
POL000451,Insured RGTNDGQM,812112,Beauty Salons,WA,West,15,795775.89,1263556.67,16,1,5e+06,10000,1.3154,1.1
POL000452,Insured XJRRPSLM,621111,Physician Offices,NY,Northeast,52,5761729.69,17555887.74,6,1,1e+06,5000,1.0518,0.95
POL000453,Insured SWJCWPLU,541330,Engineering Services,NY,Northeast,43,3736491.57,6647490.47,8,2,1e+06,10000,0.7345,0.85
POL000454,Insured CWTVDYRO,621111,Physician Offices,GA,South,20,1017022.68,2428533.14,13,0,5e+06,10000,0.7921,0.95
POL000455,Insured YURZNTVY,611110,Schools,PA,Northeast,46,2167778.29,3435736.18,27,0,2e+06,1000,0.9387,0.9
POL000456,Insured EFUDUWXK,452319,Retail,CA,West,29,1286879.85,4932584.36,15,0,2e+06,1000,0.9014,1.05
POL000457,Insured LGTBZILD,611110,Schools,PA,Northeast,25,2900754.87,6799382.1,11,1,1e+06,2500,1.2425,0.9
POL000458,Insured IESZWYYE,541330,Engineering Services,CA,West,29,1421322.78,4519651.24,18,4,5e+06,10000,0.71,0.85
POL000459,Insured FKGKZNRQ,722511,Restaurants,NC,South,25,2019256.44,7691363.19,2,1,1e+06,5000,1.5009,1.15
POL000460,Insured HRZANTOJ,722511,Restaurants,AZ,West,19,1009331.42,2102208.39,16,0,1e+06,1000,1.5135,1.15
POL000461,Insured YMCXFJOO,611110,Schools,WA,West,33,1683480.27,5304147.36,10,1,1e+06,2500,0.8248,0.9
POL000462,Insured SOQBIMUW,452319,Retail,TX,South,85,5838182.92,21254383.42,19,0,1e+06,2500,1.6828,1.05
POL000463,Insured ORHATBYW,812112,Beauty Salons,NC,South,21,1245094.29,3560905.73,19,0,1e+06,5000,0.6382,1.1
POL000464,Insured IBHEGGRP,611110,Schools,PA,Northeast,9,805242.17,2308293.5,5,0,1e+06,1000,1.5044,0.9
POL000465,Insured NQSNRHRB,452319,Retail,CA,West,9,821773.7,3364313.44,5,0,5e+06,5000,0.8881,1.05
POL000466,Insured HOZBRLAG,722511,Restaurants,WA,West,14,994994.22,3217733.97,16,1,5e+06,5000,1.2342,1.15
POL000467,Insured UABFYPCC,236220,Construction,GA,South,15,862492.76,2724418.18,7,1,1e+06,5000,1.6838,1.35
POL000468,Insured CQZYIURF,621111,Physician Offices,NY,Northeast,38,3343834.23,10221964.84,11,0,1e+06,1000,0.5562,0.95
POL000469,Insured NBZDYZQB,611110,Schools,PA,Northeast,12,1092036.66,1676512.19,14,3,1e+06,5000,1.2439,0.9
POL000470,Insured KBWZNIYC,236220,Construction,FL,South,17,1864585.71,5748831.49,22,1,1e+06,2500,1.0126,1.35
POL000471,Insured LIWOBKBF,812112,Beauty Salons,CA,West,35,2064106.89,5261277.96,12,2,1e+06,10000,1.1105,1.1
POL000472,Insured YJMBNGSA,621111,Physician Offices,NY,Northeast,19,878082.06,2886418.36,27,0,1e+06,5000,1.3444,0.95
POL000473,Insured HUFUBLJM,236220,Construction,AZ,West,67,4506558.47,14586680.84,22,4,1e+06,5000,0.9966,1.35
POL000474,Insured EZIOAQOZ,611110,Schools,NY,Northeast,5,362355.54,1526019.98,22,0,5e+06,2500,1.1079,0.9
POL000475,Insured AEZFMNIC,452319,Retail,PA,Northeast,103,4137963.99,12008191.94,6,3,1e+06,10000,1.2646,1.05
POL000476,Insured MXYOGHSU,812112,Beauty Salons,TX,South,74,6320582.1,27872061.96,8,2,1e+06,1000,1.0264,1.1
POL000477,Insured NNGLJHKZ,611110,Schools,PA,Northeast,14,1743141.46,6901570.67,8,1,1e+06,5000,1.2188,0.9
POL000478,Insured BPMHWXHF,452319,Retail,TX,South,14,566046.47,1740022.1,7,3,5e+06,2500,1.0686,1.05
POL000479,Insured SESLCCUS,722511,Restaurants,PA,Northeast,35,4044354.9,7098426.95,15,0,1e+06,5000,0.7801,1.15
POL000480,Insured VJDQCGXU,452319,Retail,NY,Northeast,25,1773490.81,3937952.51,9,1,5e+06,5000,0.5896,1.05
POL000481,Insured BCLYYQJO,621111,Physician Offices,AZ,West,10,644549.67,2831573.99,14,0,1e+06,2500,1.2282,0.95
POL000482,Insured RFGHUYOS,812112,Beauty Salons,NY,Northeast,6,636444.43,1623377.95,13,0,2e+06,10000,1.4294,1.1
POL000483,Insured PFSKMLJM,812112,Beauty Salons,GA,South,37,2387990.07,8877129.75,6,1,5e+06,10000,0.8427,1.1
POL000484,Insured IDHGVWKC,722511,Restaurants,PA,Northeast,14,1735311.63,4894781.36,23,2,1e+06,5000,0.966,1.15
POL000485,Insured NKJOSZSD,722511,Restaurants,WA,West,9,457594.79,1833433.58,18,2,5e+06,25000,1.2569,1.15
POL000486,Insured ZRKZXHEC,541330,Engineering Services,WA,West,40,4596234.02,7873751.76,5,0,1e+06,25000,2.9977,0.85
POL000487,Insured RLCWNOOK,812112,Beauty Salons,IL,Midwest,14,630474.15,1438648.28,4,2,1e+06,10000,0.81,1.1
POL000488,Insured SMRYVVRR,452319,Retail,PA,Northeast,10,672379.39,1371911.19,7,1,1e+06,1000,0.6239,1.05
POL000489,Insured QMPZZBZI,722511,Restaurants,GA,South,16,1918586.88,5233368.56,46,0,1e+06,25000,1.2468,1.15
POL000490,Insured TFQUCXLF,812112,Beauty Salons,NC,South,98,7694733.58,26333176.14,5,0,2e+06,25000,1.0039,1.1
POL000491,Insured BHRMDQOF,812112,Beauty Salons,NC,South,101,12317926.53,52328486.34,14,0,1e+06,1000,0.5856,1.1
POL000492,Insured HSPMIPHR,621111,Physician Offices,FL,South,99,7560517.26,21740191.46,4,0,2e+06,2500,1.0361,0.95
POL000493,Insured ZSHJJLUD,452319,Retail,TX,South,3,154344.75,267569.94,20,1,5e+06,2500,1.0369,1.05
POL000494,Insured SJFMAGHN,611110,Schools,FL,South,14,1742672.31,6551608.26,14,2,5e+06,25000,1.7796,0.9
POL000495,Insured ZZIMYWEY,236220,Construction,IL,Midwest,12,632256.47,1319819.79,20,3,1e+06,2500,1.5664,1.35
POL000496,Insured VNDVASMC,812112,Beauty Salons,PA,Northeast,23,1495038.85,5723642.57,4,1,1e+06,5000,1.0984,1.1
POL000497,Insured NNNYTZFO,611110,Schools,NC,South,19,2346126.05,6411654.14,8,1,2e+06,5000,0.7099,0.9
POL000498,Insured KAPTPYCV,541330,Engineering Services,FL,South,96,8078544.91,34021798.63,13,0,1e+06,2500,0.8884,0.85
POL000499,Insured IKJADOHQ,611110,Schools,GA,South,19,1232732.68,3021573.73,5,0,2e+06,1000,1.2308,0.9
POL000500,Insured DQGDSGBY,611110,Schools,IL,Midwest,37,3603518.71,7823564.7,14,1,5e+06,5000,0.8631,0.9
POL000501,Insured BUHDTIGK,452319,Retail,NY,Northeast,9,854158.05,2884779.39,17,1,1e+06,2500,1.2179,1.05
POL000502,Insured AAXYBTVY,452319,Retail,WA,West,48,5529990.58,8359349.04,16,0,1e+06,2500,1.3346,1.05
POL000503,Insured FSLDBTHB,452319,Retail,IL,Midwest,29,3041057.51,7406229.88,50,2,2e+06,2500,1.1087,1.05
POL000504,Insured AAPYKAIC,611110,Schools,GA,South,9,653353.35,1218075.05,7,1,1e+06,5000,0.8819,0.9
POL000505,Insured NJNLBMNJ,452319,Retail,WA,West,17,1025414.36,2897255.59,5,2,2e+06,2500,1.4542,1.05
POL000506,Insured HBWXQMBV,621111,Physician Offices,IL,Midwest,9,728695.41,2039782.77,7,0,1e+06,2500,0.8803,0.95
POL000507,Insured UYRRRSSM,812112,Beauty Salons,GA,South,28,3479861.52,11023683.99,3,1,2e+06,1000,0.9116,1.1
POL000508,Insured XSGXXYMX,236220,Construction,GA,South,12,1182061.64,1961653.11,20,1,1e+06,10000,1.5945,1.35
POL000509,Insured IFGMGPAH,236220,Construction,NC,South,8,756224.02,2513783.5,11,1,1e+06,5000,0.7253,1.35
POL000510,Insured GSJJMJOD,722511,Restaurants,PA,Northeast,16,915190.3,1879944.81,23,3,2e+06,1000,0.7551,1.15
POL000511,Insured ZMKJYLPR,611110,Schools,NC,South,12,500963.43,1175932.28,14,2,2e+06,2500,0.8552,0.9
POL000512,Insured HIVCFXFF,611110,Schools,AZ,West,18,1666443.9,2967713.45,24,2,5e+06,5000,1.244,0.9
POL000513,Insured AQFYCQVA,722511,Restaurants,AZ,West,21,2151668.48,7780009.53,19,0,1e+06,2500,1.1972,1.15
POL000514,Insured NWNVEIAC,541330,Engineering Services,CA,West,14,794403.85,2080644.14,11,1,1e+06,5000,1.0728,0.85
POL000515,Insured WFPQEUZR,611110,Schools,IL,Midwest,26,3105730.55,10019499,3,2,2e+06,10000,0.6685,0.9
POL000516,Insured OJIAPQLL,452319,Retail,FL,South,33,1717546.81,6698413.19,12,0,1e+06,1000,1.1503,1.05
POL000517,Insured MIQXKJFL,621111,Physician Offices,NC,South,23,2625994.82,6492894.06,19,1,1e+06,5000,1.0263,0.95
POL000518,Insured TYHPITVR,722511,Restaurants,PA,Northeast,60,3081966.64,10246063.47,24,1,1e+06,2500,1.0294,1.15
POL000519,Insured FCVDNXAU,812112,Beauty Salons,PA,Northeast,47,4055353.62,7408662.19,10,1,1e+06,2500,1.1022,1.1
POL000520,Insured WUPWBHAK,236220,Construction,WA,West,111,11279939.81,30383940.69,9,2,5e+06,10000,1.0871,1.35
POL000521,Insured IUTCKWTM,236220,Construction,WA,West,24,1589268.97,6369132.4,2,1,1e+06,1000,0.855,1.35
POL000522,Insured QDIVZKUI,236220,Construction,PA,Northeast,19,1953368.6,5618382.19,24,2,1e+06,2500,0.9174,1.35
POL000523,Insured YPCPRVUK,236220,Construction,PA,Northeast,19,1287803.22,4809659.35,8,2,2e+06,2500,1.7308,1.35
POL000524,Insured ERFPVFVI,452319,Retail,IL,Midwest,137,11190657.12,28852283.41,12,0,1e+06,2500,1.1924,1.05
POL000525,Insured MZXGSYXL,722511,Restaurants,WA,West,76,4697219.42,19689624.08,31,0,1e+06,2500,1.384,1.15
POL000526,Insured FAVMVFIJ,621111,Physician Offices,NY,Northeast,35,4204626.07,17833950.28,14,1,2e+06,2500,1.0019,0.95
POL000527,Insured ACAEJVNH,722511,Restaurants,NC,South,8,963131.7,2846705.24,22,2,2e+06,2500,1.062,1.15
POL000528,Insured REZTXPGR,812112,Beauty Salons,AZ,West,103,8739789.48,23960985.46,12,0,1e+06,10000,0.675,1.1
POL000529,Insured QFAHSSRN,621111,Physician Offices,AZ,West,8,692817.06,1302929.89,12,4,1e+06,5000,1.0696,0.95
POL000530,Insured UTKJZJEQ,812112,Beauty Salons,AZ,West,30,1617656.7,2619144.65,13,1,2e+06,10000,1.274,1.1
POL000531,Insured KCUSAIMK,812112,Beauty Salons,PA,Northeast,99,10022671.27,29807277.1,24,0,2e+06,10000,0.8486,1.1
POL000532,Insured DJRQZLSE,722511,Restaurants,GA,South,50,6132044.49,16850407.18,4,1,1e+06,10000,1.0591,1.15
POL000533,Insured PGWCNGSI,452319,Retail,WA,West,19,1762313.66,7238699.5,5,0,1e+06,1000,1.7254,1.05
POL000534,Insured HWSLYKYW,611110,Schools,CA,West,13,1285321.04,4758785.99,17,0,1e+06,1000,0.9297,0.9
POL000535,Insured JOKKZWPJ,722511,Restaurants,AZ,West,9,523853.04,1036646.11,9,0,1e+06,2500,0.7131,1.15
POL000536,Insured IRUDZBRH,236220,Construction,TX,South,8,774215.67,1775916.47,23,3,2e+06,1000,0.9077,1.35
POL000537,Insured JTYUXQEZ,611110,Schools,FL,South,9,885834.15,2526134.91,4,2,1e+06,2500,0.9683,0.9
POL000538,Insured YRMAOAAL,541330,Engineering Services,IL,Midwest,40,3229104.68,11434089.72,7,1,2e+06,10000,0.9864,0.85
POL000539,Insured ZZWGMLHH,722511,Restaurants,NY,Northeast,37,3238574.26,12722213.76,7,1,2e+06,1000,1.0898,1.15
POL000540,Insured STVIHGWH,722511,Restaurants,CA,West,5,244073.18,886263.58,10,1,2e+06,2500,0.9541,1.15
POL000541,Insured ECMWNAFU,541330,Engineering Services,IL,Midwest,13,761568.07,2571004.8,23,1,5e+06,5000,0.6008,0.85
POL000542,Insured WILANPUL,236220,Construction,CA,West,6,684463.32,1779126.7,5,0,1e+06,2500,1.6656,1.35
POL000543,Insured CRISWOEY,236220,Construction,NC,South,8,662638.84,2331386.04,10,0,1e+06,2500,1.5459,1.35
POL000544,Insured WPAGMTEW,722511,Restaurants,WA,West,26,2494810.48,7555593.37,14,0,2e+06,1000,0.5518,1.15
POL000545,Insured JPMODRKV,621111,Physician Offices,GA,South,20,823971.76,2977494.93,23,2,1e+06,10000,0.7869,0.95
POL000546,Insured RUMBLKTJ,236220,Construction,NC,South,15,1459710.86,2343212.15,13,0,1e+06,2500,0.8941,1.35
POL000547,Insured UJSNSPAL,812112,Beauty Salons,PA,Northeast,15,1387419.51,4336207.42,10,0,5e+06,1000,1.1158,1.1
POL000548,Insured MNYMNKFO,621111,Physician Offices,PA,Northeast,3,153913.53,583414.32,18,0,5e+06,1000,1.2526,0.95
POL000549,Insured DVMPTEPA,621111,Physician Offices,PA,Northeast,28,2150807.7,6513132.38,12,0,1e+06,5000,0.9498,0.95
POL000550,Insured XFNZGZEB,611110,Schools,IL,Midwest,12,1319789.36,4950571.95,6,1,1e+06,1000,0.7389,0.9
POL000551,Insured NTNXYHTX,236220,Construction,NC,South,24,1452717.61,2789657.26,8,1,5e+06,5000,0.9274,1.35
POL000552,Insured RWFRINHL,541330,Engineering Services,WA,West,53,3881094.67,12981755.6,8,0,2e+06,5000,0.7292,0.85
POL000553,Insured BZLVGKTC,236220,Construction,WA,West,28,1481015.55,5162824.76,12,1,2e+06,5000,0.8814,1.35
POL000554,Insured UXAEMIVT,812112,Beauty Salons,NC,South,21,934181.22,4075616.8,11,2,5e+06,1000,0.779,1.1
POL000555,Insured XKULDDQR,236220,Construction,CA,West,31,2591602.3,11141847.25,10,2,2e+06,5000,0.7366,1.35
POL000556,Insured UQAGDRGH,236220,Construction,PA,Northeast,179,15614911.83,68356083.04,1,0,2e+06,1000,1.2921,1.35
POL000557,Insured JMHQXSAA,722511,Restaurants,FL,South,33,3800699.16,13502509.8,31,3,2e+06,2500,1.2226,1.15
POL000558,Insured LTIMAAIB,812112,Beauty Salons,FL,South,38,2254825.62,5287045.3,8,1,1e+06,2500,0.5805,1.1
POL000559,Insured RISMTRGE,722511,Restaurants,CA,West,19,789346.86,1872741.8,5,0,1e+06,25000,0.9959,1.15
POL000560,Insured JONXUHXZ,812112,Beauty Salons,NY,Northeast,7,700831.97,2820861.88,72,2,5e+06,1000,0.4682,1.1
POL000561,Insured QWLDLTMX,621111,Physician Offices,FL,South,12,625976.38,2613073.85,8,1,2e+06,1000,0.7917,0.95
POL000562,Insured UIWOPPXF,541330,Engineering Services,TX,South,18,1167208.28,4578309.56,11,2,2e+06,5000,0.8847,0.85
POL000563,Insured IQCSCWUY,541330,Engineering Services,NC,South,11,426034.49,1102888.47,18,0,1e+06,1000,0.841,0.85
POL000564,Insured JEIEAJBX,722511,Restaurants,FL,South,8,735098.86,3194044.99,2,2,5e+06,1000,0.8698,1.15
POL000565,Insured SMPSRJCC,611110,Schools,IL,Midwest,19,844791.66,2022193.37,14,0,2e+06,5000,1.1343,0.9
POL000566,Insured AYIYHDSU,812112,Beauty Salons,IL,Midwest,21,2536142.95,10435074.66,17,2,2e+06,2500,1.1438,1.1
POL000567,Insured OFQTLMMH,621111,Physician Offices,TX,South,162,10351497.76,44263600.45,7,0,1e+06,5000,1.3612,0.95
POL000568,Insured TLMTCFLA,541330,Engineering Services,IL,Midwest,28,2696390.02,9641582.87,40,0,1e+06,2500,0.5604,0.85
POL000569,Insured NFFGCNXX,541330,Engineering Services,FL,South,48,2599077.05,11427829.49,16,1,1e+06,25000,0.7368,0.85
POL000570,Insured UVGRFXSX,722511,Restaurants,FL,South,150,17559394.82,34683323.57,39,0,1e+06,5000,0.6879,1.15
POL000571,Insured HWBBMJWD,812112,Beauty Salons,GA,South,47,3114791.7,4865630.62,11,0,5e+06,1000,1.0668,1.1
POL000572,Insured TPVUOOBN,236220,Construction,NC,South,23,958367.84,3919793.76,7,2,5e+06,1000,1.1629,1.35
POL000573,Insured ZJHELDFO,722511,Restaurants,PA,Northeast,9,1030801.74,2835422.6,6,0,2e+06,2500,1.402,1.15
POL000574,Insured IVXAYEYR,236220,Construction,NY,Northeast,3,270132.22,887789.26,14,2,1e+06,2500,0.7683,1.35
POL000575,Insured KRIJWDBR,452319,Retail,CA,West,16,1103441.05,3975927.25,14,0,2e+06,2500,1.0432,1.05
POL000576,Insured CTVWHRYC,236220,Construction,IL,Midwest,7,395490.57,1513704.88,10,2,2e+06,2500,0.9085,1.35
POL000577,Insured YWVFVBLB,611110,Schools,CA,West,26,2875716.74,7906557.04,16,1,5e+06,1000,1.6234,0.9
POL000578,Insured GPBMJUHM,452319,Retail,WA,West,61,5001331,12421151.11,23,1,1e+06,5000,0.999,1.05
POL000579,Insured MFJFLCIW,236220,Construction,WA,West,13,695626.88,2650675.85,10,1,2e+06,1000,0.692,1.35
POL000580,Insured PXKYWKXG,722511,Restaurants,GA,South,9,431077.38,1598848.77,14,2,2e+06,2500,1.2838,1.15
POL000581,Insured DTJDTWIJ,452319,Retail,WA,West,50,3956113.93,13256224.6,6,1,2e+06,5000,1.0006,1.05
POL000582,Insured XBDMLLUN,722511,Restaurants,FL,South,69,8301747.56,27473276.4,24,1,2e+06,5000,0.8451,1.15
POL000583,Insured AEMCVYDW,611110,Schools,NC,South,22,2629374.71,5550267.46,8,0,2e+06,2500,1.6122,0.9
POL000584,Insured BCFQDXLG,452319,Retail,NY,Northeast,31,1645491.08,4901661.01,6,2,1e+06,10000,0.8496,1.05
POL000585,Insured TGGHBKMM,812112,Beauty Salons,PA,Northeast,16,818360.82,2901372.46,18,0,1e+06,25000,0.954,1.1
POL000586,Insured EQJGKXVY,236220,Construction,PA,Northeast,35,3982714.86,16054797.95,14,0,1e+06,1000,1.2227,1.35
POL000587,Insured LCZTBNKD,611110,Schools,IL,Midwest,22,1868805.14,4410295.92,26,0,1e+06,5000,0.931,0.9
POL000588,Insured CDARRPVY,611110,Schools,NC,South,28,2682950.29,7305383.89,5,1,2e+06,25000,1.1016,0.9
POL000589,Insured ZJGIZEGJ,621111,Physician Offices,NY,Northeast,10,501754.27,1033879.77,18,0,2e+06,5000,1.0588,0.95
POL000590,Insured DXXHGMLM,541330,Engineering Services,WA,West,22,1107596.08,4239656.05,51,1,2e+06,2500,1.1074,0.85
POL000591,Insured UTUNQTHI,722511,Restaurants,WA,West,24,1361929.96,5348922.89,13,1,1e+06,1000,1.3151,1.15
POL000592,Insured WEKVXOGH,611110,Schools,GA,South,40,4567050.08,18368423.74,19,0,2e+06,1000,2.1335,0.9
POL000593,Insured SEOHJCRU,812112,Beauty Salons,PA,Northeast,15,720499.07,2380064.04,9,0,1e+06,2500,1.5187,1.1
POL000594,Insured XAXKONSN,452319,Retail,TX,South,5,398691.54,791351.42,5,2,2e+06,5000,0.6632,1.05
POL000595,Insured HWXNNNQZ,452319,Retail,CA,West,72,7368912.28,30612679.11,17,0,1e+06,1000,0.9889,1.05
POL000596,Insured JLWBGXQB,611110,Schools,IL,Midwest,72,4698368.53,9658075.96,8,1,2e+06,10000,0.9454,0.9
POL000597,Insured VACZQNCL,621111,Physician Offices,GA,South,70,7172290.52,14012503.38,5,2,1e+06,2500,0.8088,0.95
POL000598,Insured SNLIZHVB,812112,Beauty Salons,IL,Midwest,20,873194.05,3887386,6,0,2e+06,1000,1.3818,1.1
POL000599,Insured YSJBFQUH,722511,Restaurants,GA,South,26,3068092.73,13576450.98,6,0,1e+06,2500,0.8914,1.15
POL000600,Insured PGYFYJKH,452319,Retail,FL,South,21,1843004.43,7827192.26,19,0,1e+06,5000,0.6257,1.05
POL000601,Insured VFVEQCFI,621111,Physician Offices,GA,South,22,1994534.87,5889021.7,10,0,2e+06,1000,1.1854,0.95
POL000602,Insured MPZGVZEU,812112,Beauty Salons,PA,Northeast,27,3058909.12,13107011.92,9,1,1e+06,5000,1.0018,1.1
POL000603,Insured LJYYVVWJ,611110,Schools,TX,South,26,2452322.2,4879617.11,30,0,1e+06,5000,0.9371,0.9
POL000604,Insured VESEVFXQ,621111,Physician Offices,TX,South,35,2737049.92,6125292.76,9,1,1e+06,10000,0.8396,0.95
POL000605,Insured FEGZQJMN,611110,Schools,NC,South,40,4693658.07,17265556.96,14,0,1e+06,1000,0.938,0.9
POL000606,Insured ZJOCMCVK,236220,Construction,CA,West,24,1859564.59,5300972.32,4,0,1e+06,2500,1.2373,1.35
POL000607,Insured AFNCAFOZ,621111,Physician Offices,TX,South,44,3110145.66,10260027.35,27,2,1e+06,2500,1.3218,0.95
POL000608,Insured QBYSGTEJ,621111,Physician Offices,PA,Northeast,12,683909.4,2849352.57,5,1,1e+06,2500,0.7709,0.95
POL000609,Insured OZIJQZNZ,611110,Schools,TX,South,15,1409800.57,4087039.63,26,2,1e+06,1000,1.2749,0.9
POL000610,Insured CZYJDXET,812112,Beauty Salons,GA,South,44,3237522.34,6482607.08,12,1,1e+06,25000,1.7105,1.1
POL000611,Insured CDJXMREV,541330,Engineering Services,NC,South,24,1041890.56,3811970.46,25,0,2e+06,5000,0.7753,0.85
POL000612,Insured XTZALPSE,236220,Construction,AZ,West,16,1029097.4,3167523.86,24,0,2e+06,2500,1.5357,1.35
POL000613,Insured PWSXLJGF,722511,Restaurants,CA,West,11,1015228.97,2693105.51,10,0,1e+06,2500,0.5394,1.15
POL000614,Insured RZSZXFSX,236220,Construction,IL,Midwest,20,1603290.79,6128956.78,112,0,1e+06,10000,0.9148,1.35
POL000615,Insured OFOZWZZG,621111,Physician Offices,TX,South,6,509789.91,1912490.4,46,2,2e+06,25000,0.5677,0.95
POL000616,Insured OKROEOSF,236220,Construction,PA,Northeast,42,1920578.4,6716466.38,4,1,2e+06,5000,1.1475,1.35
POL000617,Insured NHWZRJNG,452319,Retail,FL,South,43,1688697.1,6655692.87,28,0,1e+06,10000,1.2456,1.05
POL000618,Insured EDEJPQKJ,722511,Restaurants,PA,Northeast,24,922219.84,2871368.43,22,0,1e+06,10000,0.7982,1.15
POL000619,Insured APEIWUVB,722511,Restaurants,PA,Northeast,7,543085.53,1986230.83,23,0,5e+06,5000,0.5521,1.15
POL000620,Insured WMBBDVFM,611110,Schools,IL,Midwest,11,566105.94,1851412.5,17,0,5e+06,2500,1.0489,0.9
POL000621,Insured YTFRQEYF,621111,Physician Offices,WA,West,15,1327430.96,4776794.42,14,1,1e+06,1000,1.2326,0.95
POL000622,Insured SWYGGBGD,812112,Beauty Salons,PA,Northeast,50,2713178.11,4408449.01,26,0,2e+06,2500,1.2778,1.1
POL000623,Insured OQNKXVGM,452319,Retail,FL,South,32,1747503.38,7690507.01,9,0,1e+06,2500,0.7364,1.05
POL000624,Insured GOHRMZQV,452319,Retail,TX,South,80,7708387.82,13477029.31,10,2,5e+06,5000,1.2279,1.05
POL000625,Insured FGEQCXWG,611110,Schools,NC,South,44,3433148.09,8165085.9,40,0,5e+06,1000,1.3632,0.9
POL000626,Insured KYZOPYZS,541330,Engineering Services,TX,South,13,887753.26,1697285,11,2,2e+06,2500,0.948,0.85
POL000627,Insured NCCWDWNG,722511,Restaurants,PA,Northeast,13,1083655.2,3051150,7,0,5e+06,10000,1.0259,1.15
POL000628,Insured TISNNYFO,452319,Retail,NY,Northeast,29,1868788.82,7687306.16,16,0,1e+06,2500,1.6748,1.05
POL000629,Insured SCXGRXRC,452319,Retail,CA,West,22,1084454.66,4682682.65,16,0,2e+06,1000,0.6786,1.05
POL000630,Insured VRJPBSGY,621111,Physician Offices,WA,West,20,2490969.73,6185178.23,7,3,1e+06,2500,1.1497,0.95
POL000631,Insured CMQPJXPR,722511,Restaurants,PA,Northeast,11,929470.26,1879657.77,14,2,5e+06,25000,0.7652,1.15
POL000632,Insured IIAVNYRQ,621111,Physician Offices,FL,South,28,1545053.06,5077143.03,28,1,1e+06,2500,1.469,0.95
POL000633,Insured ZPEQDCIL,236220,Construction,WA,West,22,936386.61,2473472.44,3,3,2e+06,10000,1.0548,1.35
POL000634,Insured JICTPFAJ,611110,Schools,CA,West,10,1022542.33,3477657.36,16,0,1e+06,5000,0.7909,0.9
POL000635,Insured NVALBJLX,812112,Beauty Salons,IL,Midwest,35,3329921.12,8209329.47,17,1,2e+06,2500,1.0473,1.1
POL000636,Insured DCSUHFAG,452319,Retail,WA,West,37,2761510.13,7633131.86,6,0,2e+06,5000,0.597,1.05
POL000637,Insured XYTWZDFH,812112,Beauty Salons,AZ,West,26,2773377.62,6335144.93,25,3,1e+06,25000,0.6415,1.1
POL000638,Insured NFBEDGOR,541330,Engineering Services,GA,South,26,2347529.5,9350117.84,20,1,2e+06,1000,0.7382,0.85
POL000639,Insured HETUWSWH,611110,Schools,FL,South,7,483302.4,774775.77,18,0,2e+06,25000,0.8141,0.9
POL000640,Insured WEDZAOEE,236220,Construction,AZ,West,147,15524920.15,56348664.98,9,1,2e+06,2500,0.6721,1.35
POL000641,Insured NKUDMWZI,722511,Restaurants,FL,South,30,2362820.1,7888500.94,15,2,1e+06,2500,1.0228,1.15
POL000642,Insured RUNNEJMF,541330,Engineering Services,PA,Northeast,29,3406175.21,12396149.44,11,0,2e+06,2500,1.5465,0.85
POL000643,Insured FMJQATST,621111,Physician Offices,TX,South,27,1627174.34,4574657.35,45,0,2e+06,2500,1.0223,0.95
POL000644,Insured XFRVNINP,611110,Schools,NY,Northeast,25,1225772.88,4559280.64,12,1,1e+06,5000,0.8789,0.9
POL000645,Insured AEIYUJBY,452319,Retail,NC,South,71,4682609.4,15076016.05,7,1,1e+06,1000,1.5737,1.05
POL000646,Insured SSXAKNIN,541330,Engineering Services,TX,South,37,4189132.63,16715776.13,18,0,1e+06,5000,0.9969,0.85
POL000647,Insured FXMKUNWK,812112,Beauty Salons,TX,South,7,515899.4,1297567.61,8,0,1e+06,10000,0.8266,1.1
POL000648,Insured GSEFAXCK,812112,Beauty Salons,NC,South,32,1807969.07,7109584.69,13,1,2e+06,5000,1.2021,1.1
POL000649,Insured LZJJHPYP,611110,Schools,GA,South,12,922023.86,3832445.78,13,1,1e+06,1000,0.8148,0.9
POL000650,Insured NDLBDWMX,236220,Construction,CA,West,34,3756267.12,14407020.88,5,0,1e+06,2500,0.6053,1.35
POL000651,Insured FHKBMJFC,722511,Restaurants,AZ,West,12,466577.03,1006076.02,12,0,5e+06,2500,1.0036,1.15
POL000652,Insured RUYPBTQP,452319,Retail,NC,South,59,2847633.39,9663037.69,19,1,5e+06,2500,2.5913,1.05
POL000653,Insured UXHCGVQL,236220,Construction,WA,West,18,741041.82,2342352.08,24,1,5e+06,2500,0.728,1.35
POL000654,Insured KJHMCLKX,452319,Retail,WA,West,8,335302.25,630342.6,9,0,2e+06,1000,1.6911,1.05
POL000655,Insured AWPENKWQ,722511,Restaurants,TX,South,14,932483.83,3623545.21,9,0,1e+06,5000,1.0424,1.15
POL000656,Insured CPMJXZME,812112,Beauty Salons,AZ,West,26,1526254.87,6537999.71,30,0,2e+06,2500,0.5212,1.1
POL000657,Insured KCVGRDFC,611110,Schools,NY,Northeast,11,1002623.91,2095596.44,6,2,1e+06,10000,1.2406,0.9
POL000658,Insured QSYYYDIP,812112,Beauty Salons,WA,West,81,9005505.79,22196260.2,16,0,1e+06,1000,1.2452,1.1
POL000659,Insured AKAJLFJE,611110,Schools,CA,West,23,1624047.54,5437494.02,13,2,2e+06,1000,1.1272,0.9
POL000660,Insured YYIBJDQZ,541330,Engineering Services,FL,South,26,1059485.96,2438494.24,12,0,5e+06,1000,0.8557,0.85
POL000661,Insured NZWTVBAO,541330,Engineering Services,TX,South,43,5130254.92,9797628.93,25,1,1e+06,1000,0.6946,0.85
POL000662,Insured FGGNZOAY,621111,Physician Offices,AZ,West,43,3319931.87,5705364,49,0,1e+06,2500,0.7441,0.95
POL000663,Insured NCAZKJTF,621111,Physician Offices,PA,Northeast,30,3261100.08,12057224.97,11,0,5e+06,5000,1.0385,0.95
POL000664,Insured HHAYJUKZ,452319,Retail,IL,Midwest,25,2551250.14,10386168.4,10,1,1e+06,5000,1.0002,1.05
POL000665,Insured IPPMQPZP,722511,Restaurants,PA,Northeast,16,1638454.42,5690531.3,8,1,1e+06,5000,1.5037,1.15
POL000666,Insured JBUWPVAE,236220,Construction,PA,Northeast,30,2356377.05,6712572.01,33,1,2e+06,2500,0.8661,1.35
POL000667,Insured RGVXMBLX,611110,Schools,FL,South,12,975247.41,2863573.9,17,2,2e+06,10000,0.49,0.9
POL000668,Insured ACGTVCTF,621111,Physician Offices,GA,South,12,1210011.72,2353756.24,5,0,1e+06,5000,1.1195,0.95
POL000669,Insured CVPKEUOB,236220,Construction,WA,West,16,1697227.93,4278398.57,12,2,1e+06,1000,1.1641,1.35
POL000670,Insured ILQYJMBR,621111,Physician Offices,PA,Northeast,10,906882.07,3464049.85,9,1,2e+06,10000,0.97,0.95
POL000671,Insured ROBNCVXF,611110,Schools,NC,South,45,3229032.16,7842503.22,20,1,1e+06,10000,1.0012,0.9
POL000672,Insured PWWEVEST,812112,Beauty Salons,AZ,West,49,3941530.77,13718666.74,9,0,1e+06,2500,0.7696,1.1
POL000673,Insured KUOHOHJE,621111,Physician Offices,GA,South,8,515366.08,2223642.44,10,0,1e+06,10000,0.8841,0.95
POL000674,Insured GPDSIDPS,452319,Retail,CA,West,27,1805239.19,4630028.09,25,2,1e+06,1000,1.1507,1.05
POL000675,Insured DTDRDZYI,236220,Construction,PA,Northeast,18,1470942.71,5256953.77,29,1,5e+06,5000,1.5007,1.35
POL000676,Insured PEFAQXNC,621111,Physician Offices,CA,West,28,2525529.57,3951371.08,7,0,2e+06,2500,1.2435,0.95
POL000677,Insured RIUYRGXW,611110,Schools,TX,South,15,1155180.62,3495698.86,4,1,1e+06,1000,0.6261,0.9
POL000678,Insured KCXSILFD,621111,Physician Offices,FL,South,13,836631.45,2818457.32,4,0,1e+06,2500,0.7418,0.95
POL000679,Insured XVRNVRSJ,452319,Retail,NY,Northeast,41,2526563.64,9145534.33,2,1,5e+06,2500,0.9,1.05
POL000680,Insured BWMRRDYT,452319,Retail,TX,South,39,4548044.24,20372283.52,6,3,1e+06,1000,1.0055,1.05
POL000681,Insured UHUKXWQV,722511,Restaurants,GA,South,6,596977.06,1222429.26,11,3,1e+06,10000,1.2039,1.15
POL000682,Insured IWKPHQPR,722511,Restaurants,TX,South,23,1946120.41,6290121.93,32,0,1e+06,5000,0.7828,1.15
POL000683,Insured ZGDDRWTM,812112,Beauty Salons,TX,South,14,602551.58,1488320.85,23,1,2e+06,2500,1.1989,1.1
POL000684,Insured FDUBYJCG,541330,Engineering Services,PA,Northeast,34,3155439.02,4802412.76,9,1,1e+06,2500,1.3324,0.85
POL000685,Insured CFTKPGKS,611110,Schools,AZ,West,4,320149.81,1094809.54,6,0,1e+06,1000,1.3756,0.9
POL000686,Insured AIGQOJLS,611110,Schools,WA,West,14,1397541.15,3173506.43,7,1,1e+06,1000,1.0451,0.9
POL000687,Insured GEITCWWQ,812112,Beauty Salons,GA,South,51,5876721.7,17465772.77,42,1,1e+06,1000,1.1145,1.1
POL000688,Insured VCXWPWYO,541330,Engineering Services,CA,West,21,1700352.82,4412492.78,8,1,1e+06,25000,0.628,0.85
POL000689,Insured GUSVKSKC,236220,Construction,AZ,West,15,796521.4,1528294.81,44,3,2e+06,25000,1.2445,1.35
POL000690,Insured JZRXUVAR,812112,Beauty Salons,FL,South,7,871152.15,1921092.13,19,1,1e+06,1000,0.909,1.1
POL000691,Insured JJNYNMMG,621111,Physician Offices,PA,Northeast,16,934510.07,2489871.89,15,2,2e+06,5000,0.8173,0.95
POL000692,Insured DXVYJZKY,621111,Physician Offices,FL,South,40,4466899.44,10456877.17,6,0,1e+06,5000,1.0127,0.95
POL000693,Insured BPGOUHDL,452319,Retail,NC,South,13,777523.06,2135098.49,10,0,1e+06,10000,1.2908,1.05
POL000694,Insured AYRGTPLC,236220,Construction,CA,West,51,3908991.57,14269126.32,40,1,1e+06,2500,1.0351,1.35
POL000695,Insured YSCLNAVG,452319,Retail,FL,South,12,1369410.89,3610965.71,5,1,2e+06,1000,1.041,1.05
POL000696,Insured SGHRASLV,611110,Schools,GA,South,29,2562669.58,10380641.29,6,2,1e+06,2500,1.0422,0.9
POL000697,Insured IISQVOAM,452319,Retail,PA,Northeast,36,1862889.24,8351432.22,9,1,5e+06,1000,1.3607,1.05
POL000698,Insured NKMWANYT,452319,Retail,FL,South,38,2770265.26,7661660.69,9,1,1e+06,1000,1.2088,1.05
POL000699,Insured DODGVJLV,541330,Engineering Services,WA,West,34,2142403.29,7229774.86,10,0,2e+06,2500,0.7786,0.85
POL000700,Insured MPVJANQL,621111,Physician Offices,TX,South,18,1345738.2,5686168.31,7,2,2e+06,1000,0.8951,0.95
POL000701,Insured ZNAVAAUE,541330,Engineering Services,CA,West,19,1676829.02,5419929.83,6,0,1e+06,5000,1.4556,0.85
POL000702,Insured KPFBZAGD,812112,Beauty Salons,CA,West,12,538174.49,865499.95,5,1,1e+06,2500,0.8035,1.1
POL000703,Insured CXAFNGYV,722511,Restaurants,NC,South,109,6073992.39,11283868.13,20,0,5e+06,1000,1.968,1.15
POL000704,Insured LYBFQDXA,722511,Restaurants,PA,Northeast,45,2165166.27,5314773.26,17,1,2e+06,2500,1.0211,1.15
POL000705,Insured ORRJZKPW,722511,Restaurants,FL,South,16,1866941.44,7068404.58,10,2,1e+06,2500,0.9557,1.15
POL000706,Insured EDLZFZEH,812112,Beauty Salons,NC,South,12,1308371.98,3742614.97,14,1,2e+06,10000,0.6808,1.1
POL000707,Insured QDJPUPLX,236220,Construction,IL,Midwest,95,8730747.62,37115567.32,11,2,2e+06,10000,1.6457,1.35
POL000708,Insured DOIBWGJA,722511,Restaurants,TX,South,14,1060389.36,2946757.73,10,0,1e+06,2500,0.6947,1.15
POL000709,Insured FRSLVBOC,452319,Retail,TX,South,58,5984258.47,16860384.01,12,2,1e+06,5000,0.9991,1.05
POL000710,Insured RVLOZAAN,722511,Restaurants,GA,South,12,1481893.81,3340401.72,3,1,2e+06,1000,0.6716,1.15
POL000711,Insured RYDQUVEP,236220,Construction,CA,West,17,1555347.78,5458330.21,4,0,5e+06,5000,0.6839,1.35
POL000712,Insured RTCTEWEK,452319,Retail,TX,South,11,1355592.57,3268932.31,16,0,1e+06,10000,0.5909,1.05
POL000713,Insured OQOVJSEW,611110,Schools,NY,Northeast,37,2856097.29,8618836.2,12,0,1e+06,5000,0.5961,0.9
POL000714,Insured KZIOVNVK,611110,Schools,NC,South,37,1536153.9,2557222.07,15,0,2e+06,5000,1.2682,0.9
POL000715,Insured LFIYKRXE,236220,Construction,GA,South,195,8246422.45,17093387.38,8,3,1e+06,2500,1.0942,1.35
POL000716,Insured VYVXZZRD,611110,Schools,PA,Northeast,8,383379.24,1299596.61,7,1,1e+06,10000,0.9146,0.9
POL000717,Insured URJXWMQX,541330,Engineering Services,GA,South,122,10856833.23,37419570.6,23,1,1e+06,10000,1.4165,0.85
POL000718,Insured UNICZNXB,611110,Schools,NY,Northeast,32,3386194.28,6190757.54,5,1,1e+06,10000,0.7781,0.9
POL000719,Insured ADDAGBIT,452319,Retail,NC,South,21,2156022.78,7616414.75,4,1,1e+06,5000,1.1149,1.05
POL000720,Insured WPRHOTLU,236220,Construction,FL,South,18,920842.36,3646289.24,10,1,2e+06,10000,0.8782,1.35
POL000721,Insured EZSDPFMF,812112,Beauty Salons,IL,Midwest,20,997849.08,2559071.5,19,1,2e+06,1000,0.495,1.1
POL000722,Insured DEVRVPVG,812112,Beauty Salons,NY,Northeast,51,5771679.86,20380523.24,6,0,1e+06,25000,0.8975,1.1
POL000723,Insured IWXRAEKW,541330,Engineering Services,CA,West,38,3252731.11,9933438.26,12,2,1e+06,2500,1.7234,0.85
POL000724,Insured UIHHZMGA,611110,Schools,TX,South,9,549636.31,1909605.64,23,1,1e+06,2500,0.8621,0.9
POL000725,Insured UYIQISHV,722511,Restaurants,GA,South,19,1666153.43,6113399.94,8,2,1e+06,2500,1.1213,1.15
POL000726,Insured BQCHMHPS,611110,Schools,PA,Northeast,20,1068761.69,2480501.28,5,0,1e+06,10000,1.2722,0.9
POL000727,Insured YENKKATJ,812112,Beauty Salons,AZ,West,22,1330001.71,3453718.69,8,2,5e+06,5000,0.8051,1.1
POL000728,Insured KNRRVYXL,812112,Beauty Salons,PA,Northeast,100,4188524.56,18838489.07,19,1,2e+06,25000,1.1718,1.1
POL000729,Insured FSASKSFK,621111,Physician Offices,FL,South,14,1243005.09,2106755.83,4,0,1e+06,5000,1.2275,0.95
POL000730,Insured ZIWXRYHS,722511,Restaurants,WA,West,10,1046522.86,1910309.77,33,0,2e+06,2500,1.3475,1.15
POL000731,Insured CLEUHAWX,236220,Construction,NY,Northeast,16,631184.13,1666904.17,8,2,1e+06,10000,0.9607,1.35
POL000732,Insured RGMSZHRA,236220,Construction,TX,South,49,3720821.27,13581935.71,18,2,2e+06,10000,1.003,1.35
POL000733,Insured ERYAFSDM,722511,Restaurants,NC,South,26,2251739.7,5002076.03,14,1,5e+06,10000,1.0932,1.15
POL000734,Insured ENNPHARQ,541330,Engineering Services,WA,West,14,1219559.46,3794928.24,16,0,2e+06,2500,1.2063,0.85
POL000735,Insured PYAGATKW,452319,Retail,GA,South,17,931073.3,3012785.11,24,3,1e+06,1000,0.8078,1.05
POL000736,Insured VQEWKEQS,541330,Engineering Services,CA,West,88,10548568.78,28903435.68,4,4,5e+06,2500,0.7389,0.85
POL000737,Insured UPOJGQVV,541330,Engineering Services,NY,Northeast,69,7027316.13,23264742.99,6,0,1e+06,5000,0.8305,0.85
POL000738,Insured XTEMZBNV,236220,Construction,WA,West,32,1361768.24,4590627.59,18,0,2e+06,1000,1.1863,1.35
POL000739,Insured VYJOZKXN,611110,Schools,TX,South,47,2542202.24,7073534.39,26,0,1e+06,1000,1.2163,0.9
POL000740,Insured SNTFTJDI,452319,Retail,NY,Northeast,34,1457139.04,3470515.97,47,1,1e+06,5000,1.1933,1.05
POL000741,Insured OOINEPWM,452319,Retail,NC,South,34,4050225.45,15333156.56,7,1,1e+06,1000,0.8756,1.05
POL000742,Insured XIQYLOWO,236220,Construction,CA,West,24,2796120.04,6170684.7,4,1,2e+06,5000,2.3617,1.35
POL000743,Insured NEPQFWWI,621111,Physician Offices,NC,South,23,2288942.89,5869563.43,7,0,5e+06,5000,1.016,0.95
POL000744,Insured YUFQWWEW,611110,Schools,PA,Northeast,42,3085047.1,10057426.73,16,2,1e+06,5000,0.8826,0.9
POL000745,Insured MNYDMUWM,541330,Engineering Services,PA,Northeast,28,2569795.98,7910628.51,30,0,1e+06,1000,0.9386,0.85
POL000746,Insured VTHGYAEX,722511,Restaurants,TX,South,6,315162.96,998823.27,21,3,2e+06,2500,1.0826,1.15
POL000747,Insured SLFUWZBW,722511,Restaurants,NC,South,61,6088374.5,14390541.24,17,1,2e+06,1000,1.0238,1.15
POL000748,Insured FCSQREEW,611110,Schools,FL,South,9,608659.81,1890194.2,8,0,5e+06,1000,1.2839,0.9
POL000749,Insured DLNKOKGI,541330,Engineering Services,CA,West,13,672895.65,1673845.24,4,0,1e+06,10000,0.9414,0.85
POL000750,Insured ESRWLZCO,452319,Retail,WA,West,46,4025868,9004610.08,12,3,2e+06,5000,0.6803,1.05
POL000751,Insured NURMXWAG,611110,Schools,PA,Northeast,52,4678082.22,14908625.14,5,1,1e+06,10000,1.2421,0.9
POL000752,Insured FQJVKZRX,452319,Retail,CA,West,33,2513711.98,3900653.79,31,1,1e+06,1000,1.0567,1.05
POL000753,Insured STABFLGW,812112,Beauty Salons,CA,West,52,4046432.78,12675574.34,9,2,1e+06,5000,1.2382,1.1
POL000754,Insured CKHJAUQL,621111,Physician Offices,GA,South,21,2135674.99,5552547.56,19,1,1e+06,5000,0.5994,0.95
POL000755,Insured OBMXMTTB,541330,Engineering Services,PA,Northeast,34,2202027.1,5155727.82,14,1,1e+06,1000,0.9545,0.85
POL000756,Insured AXIQXLFA,621111,Physician Offices,IL,Midwest,11,511226.52,1194795.58,7,1,1e+06,2500,0.654,0.95
POL000757,Insured BLCDMGAH,452319,Retail,NC,South,17,723977.91,1231213.75,13,1,5e+06,5000,0.6921,1.05
POL000758,Insured MIYZAZJH,611110,Schools,NC,South,21,1033141.27,4532668,24,1,2e+06,2500,1.3235,0.9
POL000759,Insured CXNUUWBY,812112,Beauty Salons,WA,West,16,1866284.99,6279267.8,13,1,2e+06,1000,0.9891,1.1
POL000760,Insured OUUVQLQW,722511,Restaurants,CA,West,11,984671.32,4220781.26,5,3,2e+06,5000,1.3526,1.15
POL000761,Insured XDVIFLEA,812112,Beauty Salons,GA,South,20,1151469.33,3151259.03,10,1,1e+06,1000,0.9842,1.1
POL000762,Insured ATDQZJTK,812112,Beauty Salons,GA,South,5,518460.87,2277540.35,32,1,1e+06,5000,0.4484,1.1
POL000763,Insured NOJBPHBQ,541330,Engineering Services,WA,West,11,622371.39,1447537.64,13,0,1e+06,2500,0.7456,0.85
POL000764,Insured MOBARRXI,621111,Physician Offices,PA,Northeast,10,1222276.93,2082412.08,18,0,1e+06,10000,1.3138,0.95
POL000765,Insured QTPYTVMR,452319,Retail,WA,West,20,1871509.66,7025016.29,14,1,1e+06,1000,0.7712,1.05
POL000766,Insured TSDBSAVY,621111,Physician Offices,GA,South,15,1105859.88,4172132.93,15,0,2e+06,5000,1.603,0.95
POL000767,Insured TKLOFAWE,722511,Restaurants,WA,West,21,914630.04,3453245.86,13,1,1e+06,5000,1.1226,1.15
POL000768,Insured MFTVOANN,541330,Engineering Services,WA,West,36,2049867.81,3549341.26,16,0,1e+06,10000,1.2038,0.85
POL000769,Insured HGTDIPDF,452319,Retail,TX,South,15,710469.88,3026268.86,28,0,1e+06,1000,0.8217,1.05
POL000770,Insured EIXLSOJD,621111,Physician Offices,FL,South,19,1868547.48,6653543.29,7,1,1e+06,10000,1.0285,0.95
POL000771,Insured IRWSLVQD,541330,Engineering Services,TX,South,60,5671801.62,9666778.27,8,1,1e+06,10000,1.3569,0.85
POL000772,Insured PTFLGVCT,621111,Physician Offices,IL,Midwest,34,2834303.21,12166422.91,10,0,5e+06,10000,0.8308,0.95
POL000773,Insured SNNEBWNA,452319,Retail,FL,South,36,3144706.14,9698281.55,39,1,1e+06,10000,0.9808,1.05
POL000774,Insured WMMROERI,722511,Restaurants,WA,West,111,12002686.32,25392273.63,15,1,1e+06,1000,0.6151,1.15
POL000775,Insured URJBROUU,236220,Construction,FL,South,14,665758.83,2065593.15,9,2,5e+06,1000,1.3715,1.35
POL000776,Insured UKFLQUOL,722511,Restaurants,PA,Northeast,11,729006.72,1127271.92,4,2,2e+06,10000,1.3235,1.15
POL000777,Insured SJEYIEPM,611110,Schools,CA,West,11,679430.46,1055081.15,52,0,5e+06,2500,1.0537,0.9
POL000778,Insured SXGEWKZU,541330,Engineering Services,FL,South,16,1440697.44,4093608.78,21,1,1e+06,25000,0.851,0.85
POL000779,Insured SZKDYOLG,621111,Physician Offices,NY,Northeast,89,4156551.77,15923064.19,6,2,2e+06,5000,1.3926,0.95
POL000780,Insured NWXKVUJN,452319,Retail,TX,South,46,4040919.93,10481638.72,11,0,2e+06,1000,1.6171,1.05
POL000781,Insured RISPATEZ,541330,Engineering Services,GA,South,14,605305.67,985240.55,14,1,5e+06,1000,0.7582,0.85
POL000782,Insured GKMLCNOD,621111,Physician Offices,GA,South,27,1457155.87,3639350.2,16,2,1e+06,2500,1.4994,0.95
POL000783,Insured EJJHBXKW,236220,Construction,GA,South,17,864818.57,2053045.39,8,2,1e+06,10000,1.3491,1.35
POL000784,Insured XLABSRPM,621111,Physician Offices,FL,South,45,5071807.66,21417375.22,37,0,1e+06,5000,1.3011,0.95
POL000785,Insured QVOAGTXI,611110,Schools,WA,West,7,841310.75,2818373.85,7,0,1e+06,2500,1.2338,0.9
POL000786,Insured GFBZTGMA,452319,Retail,NC,South,19,1344916.83,4391659.49,8,0,1e+06,2500,0.6769,1.05
POL000787,Insured SNSJGVCM,452319,Retail,NY,Northeast,5,294629.1,673100.04,40,0,2e+06,25000,0.8359,1.05
POL000788,Insured YGWJMHTV,621111,Physician Offices,FL,South,7,748735.86,3222239.06,14,0,1e+06,1000,0.4703,0.95
POL000789,Insured KTTMAGMP,452319,Retail,CA,West,7,405264.74,633322.32,10,0,1e+06,10000,0.8336,1.05
POL000790,Insured RVUTLNRC,812112,Beauty Salons,PA,Northeast,22,2702664.73,4468268.43,13,1,1e+06,2500,1.1872,1.1
POL000791,Insured QZDIAQZF,621111,Physician Offices,PA,Northeast,18,829284.39,1955230.38,7,0,2e+06,1000,0.7314,0.95
POL000792,Insured CWOKHIBB,812112,Beauty Salons,TX,South,9,379467.27,573885.06,8,0,2e+06,1000,0.7795,1.1
POL000793,Insured DRWOBDUP,812112,Beauty Salons,NY,Northeast,55,5202282.44,10297113.17,12,0,2e+06,10000,1.1469,1.1
POL000794,Insured MDJRQGOO,611110,Schools,NY,Northeast,4,346593,1367983.07,11,1,1e+06,25000,1.3921,0.9
POL000795,Insured TQYWVBSZ,611110,Schools,IL,Midwest,14,1384923.15,3890863.06,12,1,2e+06,2500,0.6755,0.9
POL000796,Insured AFHAWOSA,452319,Retail,NC,South,38,1697130.99,3434852.73,8,1,2e+06,10000,1.0151,1.05
POL000797,Insured MBLBTWRC,236220,Construction,TX,South,145,15111839.81,41273102.1,22,2,1e+06,5000,1.0234,1.35
POL000798,Insured VCBATBXK,611110,Schools,NY,Northeast,21,2602434.26,4421452.32,9,0,5e+06,2500,0.8996,0.9
POL000799,Insured IRZMZUVV,611110,Schools,FL,South,6,368378.94,1381693.7,11,0,1e+06,1000,0.995,0.9
POL000800,Insured WLHIIXMQ,541330,Engineering Services,TX,South,8,641459.68,2042482.53,13,1,2e+06,1000,0.835,0.85
POL000801,Insured ZDHDSPQQ,452319,Retail,TX,South,30,1387177.45,5847664.86,19,0,2e+06,1000,1.1925,1.05
POL000802,Insured KZTQNTTJ,722511,Restaurants,PA,Northeast,39,4098990.25,15648439.61,10,2,1e+06,2500,0.9533,1.15
POL000803,Insured WSOAVEEQ,236220,Construction,CA,West,11,1128073.44,4482458.3,26,0,2e+06,5000,1.5321,1.35
POL000804,Insured PNWMSUUI,812112,Beauty Salons,AZ,West,9,1037272,2426068.39,12,1,2e+06,10000,0.9355,1.1
POL000805,Insured IKFOPBJN,611110,Schools,AZ,West,21,946062.65,4008333.96,16,2,1e+06,2500,0.9915,0.9
POL000806,Insured SNCZLCCZ,541330,Engineering Services,TX,South,18,1869703.84,7745333.99,3,1,1e+06,2500,0.9071,0.85
POL000807,Insured FNWPCMXU,611110,Schools,AZ,West,35,2748772.59,11081850.89,7,0,1e+06,1000,1.1541,0.9
POL000808,Insured GHGOWOFC,812112,Beauty Salons,TX,South,18,2099495.54,9311136.17,9,0,1e+06,2500,0.5818,1.1
POL000809,Insured PSPKCBQS,611110,Schools,GA,South,16,860550.42,2237912.21,37,1,2e+06,5000,1.0393,0.9
POL000810,Insured KQXJLUNV,621111,Physician Offices,FL,South,14,916822.03,3873809.75,23,0,2e+06,10000,0.6444,0.95
POL000811,Insured HAFSNXOU,722511,Restaurants,CA,West,31,2960228.18,10181969.96,11,0,2e+06,2500,0.5776,1.15
POL000812,Insured NPNFGIJP,611110,Schools,IL,Midwest,31,2691996.36,6924875.52,14,0,1e+06,2500,1.1343,0.9
POL000813,Insured GTGHVMDN,812112,Beauty Salons,IL,Midwest,11,1157256.82,5056402.61,36,0,5e+06,5000,0.9352,1.1
POL000814,Insured JXJWCBPG,452319,Retail,GA,South,7,339272.79,1519076.71,7,1,1e+06,25000,1.235,1.05
POL000815,Insured UYODSCFF,621111,Physician Offices,TX,South,40,1732625.71,5987851.4,9,4,1e+06,10000,1.5022,0.95
POL000816,Insured RRWWYIZO,812112,Beauty Salons,CA,West,8,821897.78,1925806.9,18,1,1e+06,5000,0.7485,1.1
POL000817,Insured UPSIVKZC,611110,Schools,NC,South,29,2527104.61,11108007.75,17,0,1e+06,2500,1.7235,0.9
POL000818,Insured WDQTAXXW,722511,Restaurants,IL,Midwest,45,4512018.87,18667842.16,7,1,5e+06,10000,1.1752,1.15
POL000819,Insured JYCZFKOA,812112,Beauty Salons,NY,Northeast,10,727367.32,1659989.81,21,2,2e+06,2500,1.0014,1.1
POL000820,Insured UKBTWAFL,611110,Schools,FL,South,25,2325261.33,7698356.96,8,0,2e+06,2500,0.6616,0.9
POL000821,Insured CXVJHTNN,611110,Schools,IL,Midwest,17,1214112.57,4079826.86,9,1,1e+06,2500,0.5278,0.9
POL000822,Insured WHQDUGKE,236220,Construction,NC,South,34,3365111.69,8329345.4,28,0,2e+06,5000,1.4833,1.35
POL000823,Insured ZRAOHFXU,812112,Beauty Salons,AZ,West,4,440510.36,1838480.84,7,1,1e+06,5000,1.4448,1.1
POL000824,Insured VUWNFTYL,452319,Retail,IL,Midwest,5,510292.18,2179295.33,13,1,1e+06,2500,1.7878,1.05
POL000825,Insured NVCUTNAN,722511,Restaurants,FL,South,83,10277947.94,16688016.51,4,0,1e+06,1000,1.078,1.15
POL000826,Insured RXAEYNRN,541330,Engineering Services,CA,West,21,1308618.84,3801717.77,14,2,2e+06,25000,1.3809,0.85
POL000827,Insured EKZTSECA,541330,Engineering Services,AZ,West,23,1327033.22,2180779.19,13,1,2e+06,2500,0.7914,0.85
POL000828,Insured AIDHUZWA,611110,Schools,NC,South,13,1511638.85,3080730.33,17,0,1e+06,2500,0.8777,0.9
POL000829,Insured FBQVOFIZ,541330,Engineering Services,AZ,West,8,532022.24,1416696.01,15,1,1e+06,2500,0.6732,0.85
POL000830,Insured GHUCRROV,541330,Engineering Services,AZ,West,18,1235706.68,2878526.28,3,2,1e+06,1000,1.4121,0.85
POL000831,Insured EKQLPSGR,812112,Beauty Salons,FL,South,10,798878.04,2821983.27,27,0,1e+06,5000,1.0656,1.1
POL000832,Insured WCBKANIH,541330,Engineering Services,NC,South,51,4828167.73,12434773.56,10,0,2e+06,2500,1.1065,0.85
POL000833,Insured RRLKEXPP,236220,Construction,CA,West,21,2470952.75,10208124.21,4,3,1e+06,2500,1.0502,1.35
POL000834,Insured KNMPTIIC,452319,Retail,FL,South,6,649052.19,992130.45,26,1,1e+06,1000,0.8496,1.05
POL000835,Insured CZMJHEOT,621111,Physician Offices,GA,South,71,6671540.77,16568688.21,19,2,1e+06,5000,0.8387,0.95
POL000836,Insured ORNMNXYY,722511,Restaurants,GA,South,77,3029544.52,5272164.09,35,2,1e+06,1000,1.001,1.15
POL000837,Insured FEFGCQKJ,452319,Retail,GA,South,95,11452183.06,23327365.69,5,1,1e+06,1000,1.0517,1.05
POL000838,Insured HGLLMXMV,541330,Engineering Services,GA,South,33,1643812.38,5180544.79,13,0,1e+06,25000,0.945,0.85
POL000839,Insured XLGEVWFT,722511,Restaurants,NY,Northeast,21,1779286.73,4557963.59,9,1,1e+06,5000,1.525,1.15
POL000840,Insured GZBVWQOA,236220,Construction,IL,Midwest,67,5625493.76,19381014.11,49,0,1e+06,1000,0.8804,1.35
POL000841,Insured TUTHXFBP,812112,Beauty Salons,FL,South,38,2525814.74,9390101.53,3,0,1e+06,2500,0.726,1.1
POL000842,Insured JYRRYKOM,541330,Engineering Services,PA,Northeast,35,2867793.3,12488400.33,26,1,5e+06,2500,1.3194,0.85
POL000843,Insured UAAQYLVA,611110,Schools,IL,Midwest,42,3880863.67,13642748.4,21,0,2e+06,5000,0.9205,0.9
POL000844,Insured PSYOVXRS,722511,Restaurants,WA,West,30,1601879.46,5089160.87,35,0,2e+06,2500,1.1654,1.15
POL000845,Insured JPLNPPUP,611110,Schools,NY,Northeast,12,708011.31,1590580.15,29,1,5e+06,2500,1.1626,0.9
POL000846,Insured BKVEPAGC,812112,Beauty Salons,GA,South,17,2078443.21,7525935.69,34,0,5e+06,10000,1.3507,1.1
POL000847,Insured AXQLZNMY,611110,Schools,NC,South,21,2418556.4,4653465.29,8,1,1e+06,1000,1.2881,0.9
POL000848,Insured ZDUXIUOE,541330,Engineering Services,NC,South,19,2007363.03,8292740.2,5,1,1e+06,2500,0.9942,0.85
POL000849,Insured UJQOOVXP,236220,Construction,WA,West,19,2307120.76,10021452.13,20,2,1e+06,5000,1.3293,1.35
POL000850,Insured WINUUPZV,236220,Construction,PA,Northeast,31,1231437.97,2776598.45,28,0,2e+06,1000,0.9382,1.35
POL000851,Insured QRTVOLLQ,452319,Retail,AZ,West,11,529855.55,2084222.09,17,1,1e+06,5000,0.9477,1.05
POL000852,Insured VKFULARE,621111,Physician Offices,IL,Midwest,18,1354872.37,3571387.84,5,3,1e+06,10000,1.088,0.95
POL000853,Insured QNBXAXIS,452319,Retail,PA,Northeast,39,3979200.38,7367981.18,7,2,1e+06,2500,1.1562,1.05
POL000854,Insured LZHAUTLQ,621111,Physician Offices,IL,Midwest,79,5731549.05,14645448.38,11,0,2e+06,2500,0.7164,0.95
POL000855,Insured CSGSPMIK,236220,Construction,PA,Northeast,23,1539064,5251652.18,12,1,5e+06,2500,0.8284,1.35
POL000856,Insured YYTZOFSJ,236220,Construction,PA,Northeast,95,4706571.65,12295651.47,33,3,1e+06,1000,0.8931,1.35
POL000857,Insured OXVJWBSS,621111,Physician Offices,FL,South,36,3154150.36,13473974.03,9,0,1e+06,10000,1.6119,0.95
POL000858,Insured NGULXBXX,236220,Construction,FL,South,53,2962607.38,12405827.81,14,1,1e+06,5000,1.3624,1.35
POL000859,Insured AGHZKAOQ,611110,Schools,TX,South,30,2852918.16,4887096.03,19,0,1e+06,2500,0.9079,0.9
POL000860,Insured OUKDUOAG,452319,Retail,NY,Northeast,72,7208439.81,17254497.6,23,1,1e+06,5000,1.0094,1.05
POL000861,Insured PYXMRZMS,611110,Schools,TX,South,138,17144015.8,43921388.85,39,0,2e+06,1000,1.0876,0.9
POL000862,Insured RXLZJGCI,722511,Restaurants,IL,Midwest,67,5861230.52,23363185.41,25,0,2e+06,1000,1.6475,1.15
POL000863,Insured VVAGRIIQ,452319,Retail,FL,South,23,2084608.34,5260180.43,7,0,1e+06,5000,1.7009,1.05
POL000864,Insured DFTYSNPL,611110,Schools,PA,Northeast,18,1442443.08,5541343.8,16,0,2e+06,5000,1.6654,0.9
POL000865,Insured UCWOGDSO,621111,Physician Offices,TX,South,38,2375356.76,5392744.46,29,1,2e+06,5000,0.6244,0.95
POL000866,Insured ZVJQJJRE,621111,Physician Offices,AZ,West,13,1262163.92,3266510.55,32,2,1e+06,1000,1.0826,0.95
POL000867,Insured NJMQNRLK,722511,Restaurants,CA,West,8,686306.43,1747546.48,14,2,2e+06,5000,0.7598,1.15
POL000868,Insured LAMRVWDD,812112,Beauty Salons,WA,West,11,1139588.28,1968590.07,4,1,2e+06,2500,0.7865,1.1
POL000869,Insured BHOCEXDG,541330,Engineering Services,IL,Midwest,164,19017670.29,75572655.36,9,2,1e+06,10000,1.553,0.85
POL000870,Insured EVPSPZKC,541330,Engineering Services,PA,Northeast,23,1123872.42,4020742.71,9,1,2e+06,10000,1.1058,0.85
POL000871,Insured IRZEIVEV,621111,Physician Offices,IL,Midwest,33,3791209.53,15723606.04,7,3,2e+06,1000,0.666,0.95
POL000872,Insured JNRXAKSV,812112,Beauty Salons,GA,South,59,3492197.7,12074078.44,10,1,2e+06,2500,1.4126,1.1
POL000873,Insured YGRFAWRT,541330,Engineering Services,AZ,West,84,10316012.04,40633685.53,10,0,2e+06,1000,0.5964,0.85
POL000874,Insured GQCUSWVU,812112,Beauty Salons,PA,Northeast,30,2442895.59,10760231.54,12,0,5e+06,2500,1.2242,1.1
POL000875,Insured XLGYGUKX,812112,Beauty Salons,WA,West,34,2682994.99,4297042,7,0,1e+06,2500,0.827,1.1
POL000876,Insured GGEPHRDP,722511,Restaurants,GA,South,20,1007681.89,1824352.69,10,0,1e+06,5000,1.2825,1.15
POL000877,Insured AXZVWYJU,621111,Physician Offices,CA,West,5,576766.99,2415847.57,13,2,5e+06,2500,1.3843,0.95
POL000878,Insured EWGYVQLO,722511,Restaurants,CA,West,58,6754297.53,18910759.29,13,1,2e+06,1000,0.7191,1.15
POL000879,Insured IQPNQEHY,621111,Physician Offices,IL,Midwest,34,2488764.74,6172049.54,7,0,1e+06,1000,0.8614,0.95
POL000880,Insured WACZBLEU,722511,Restaurants,TX,South,2,110313.65,179844.2,6,2,1e+06,5000,1.0027,1.15
POL000881,Insured FDVVHUUP,722511,Restaurants,AZ,West,11,517064.74,2139231.04,21,2,1e+06,5000,0.9125,1.15
POL000882,Insured YHDZGBRZ,236220,Construction,NC,South,9,505509.77,1646027.09,8,2,5e+06,1000,0.989,1.35
POL000883,Insured MQREFFVC,452319,Retail,TX,South,43,3993564.32,8956938.62,15,0,2e+06,1000,0.9153,1.05
POL000884,Insured BHHEEPJX,541330,Engineering Services,AZ,West,76,4803025.96,9872433.89,7,1,2e+06,2500,0.9743,0.85
POL000885,Insured EMCLVTTJ,621111,Physician Offices,TX,South,192,10586756.12,46191529.7,4,1,1e+06,2500,0.753,0.95
POL000886,Insured HEFMHSRL,452319,Retail,NY,Northeast,18,1619931.42,5380642.03,12,0,1e+06,2500,0.9219,1.05
POL000887,Insured IBGFWFBC,722511,Restaurants,PA,Northeast,40,3020336.23,8655395.93,8,1,2e+06,10000,0.6777,1.15
POL000888,Insured OVOWHZLW,621111,Physician Offices,NY,Northeast,47,4751613.78,13739811.23,6,1,2e+06,5000,1.194,0.95
POL000889,Insured VHWSAGEE,236220,Construction,IL,Midwest,5,251265.01,858147.47,2,1,1e+06,1000,1.1074,1.35
POL000890,Insured NZCSEQOK,611110,Schools,GA,South,20,821686.34,1669124.37,30,1,2e+06,10000,0.879,0.9
POL000891,Insured OOAIQTUA,236220,Construction,TX,South,57,6718494.21,16580710.53,5,2,1e+06,25000,0.7598,1.35
POL000892,Insured YZQQHHRB,236220,Construction,GA,South,26,3238801.35,10326036.6,10,1,2e+06,5000,1.6773,1.35
POL000893,Insured THVYXIKK,812112,Beauty Salons,FL,South,16,820599.27,2730512.07,7,2,1e+06,2500,0.8669,1.1
POL000894,Insured PCTRDYNG,236220,Construction,GA,South,28,3404103.93,8853454.99,9,3,2e+06,2500,0.9416,1.35
POL000895,Insured TZIHWLFD,541330,Engineering Services,NC,South,47,5685177.39,25022191.76,24,0,1e+06,2500,1.3599,0.85
POL000896,Insured QWJRJDWM,541330,Engineering Services,IL,Midwest,38,1790368.67,5640711.55,21,0,2e+06,25000,0.9421,0.85
POL000897,Insured NSDPJEGD,621111,Physician Offices,IL,Midwest,19,2280717.35,5006718.17,20,2,2e+06,5000,0.7185,0.95
POL000898,Insured QXULHJHD,621111,Physician Offices,NY,Northeast,8,945526.52,3492373.24,2,1,1e+06,2500,1.0006,0.95
POL000899,Insured NILBTRAR,812112,Beauty Salons,NC,South,19,1901629.4,8024502.86,12,0,1e+06,2500,0.9544,1.1
POL000900,Insured OONYNFYK,611110,Schools,TX,South,64,3954538.59,14696905.77,21,1,2e+06,5000,1.3074,0.9
POL000901,Insured POOWHPMD,722511,Restaurants,IL,Midwest,41,3332496.97,8982334.83,9,0,1e+06,1000,1.0859,1.15
POL000902,Insured AYGCEVQW,236220,Construction,WA,West,57,3949971.57,14120012.07,9,1,2e+06,5000,0.8338,1.35
POL000903,Insured LXAUXIZQ,541330,Engineering Services,TX,South,67,6073148.8,19632127.59,7,0,1e+06,2500,1.0197,0.85
POL000904,Insured WBCTRCYF,541330,Engineering Services,PA,Northeast,8,688179.33,3069917.4,12,1,1e+06,1000,0.8812,0.85
POL000905,Insured RTPCZOEA,452319,Retail,NY,Northeast,23,1570957.21,6042024.43,18,1,1e+06,10000,0.552,1.05
POL000906,Insured QLGPHGCZ,722511,Restaurants,TX,South,25,1628246.81,6124513.27,30,0,2e+06,5000,0.6072,1.15
POL000907,Insured VQHTBULO,722511,Restaurants,NY,Northeast,50,3914267.08,8234767.77,9,2,5e+06,1000,1.2126,1.15
POL000908,Insured WEYHPJZK,236220,Construction,TX,South,87,7560568.98,27464163.83,7,1,1e+06,5000,0.8735,1.35
POL000909,Insured KAKEEOGH,812112,Beauty Salons,NY,Northeast,58,6241173.44,27731759.71,8,0,5e+06,10000,0.7557,1.1
POL000910,Insured WZXOMQTW,722511,Restaurants,CA,West,31,1987270.59,7005614.59,19,2,1e+06,2500,0.7287,1.15
POL000911,Insured CTZJRRKU,621111,Physician Offices,AZ,West,28,2552903.08,9722405.79,29,1,1e+06,2500,0.6515,0.95
POL000912,Insured LMTPBUSK,541330,Engineering Services,FL,South,80,8176895.19,15343880.75,2,0,5e+06,2500,0.8518,0.85
POL000913,Insured DCDDVFCI,812112,Beauty Salons,CA,West,126,14283145.12,34386260.66,10,1,2e+06,5000,1.1187,1.1
POL000914,Insured XBPGVLBN,812112,Beauty Salons,GA,South,10,1025719.46,2895642.71,17,0,1e+06,10000,0.7851,1.1
POL000915,Insured HORCYWQJ,621111,Physician Offices,WA,West,43,2923989.9,12129595.55,12,2,2e+06,1000,1.115,0.95
POL000916,Insured JQKKNBAC,236220,Construction,GA,South,48,3589221.3,5935741.92,4,2,1e+06,1000,1.3467,1.35
POL000917,Insured TNPWBGLS,541330,Engineering Services,PA,Northeast,53,5272739.71,17878550.46,7,4,5e+06,10000,1.2064,0.85
POL000918,Insured GXIZLXOF,452319,Retail,NY,Northeast,6,662024.98,2159297.37,14,1,2e+06,5000,0.8746,1.05
POL000919,Insured EHBECOLO,541330,Engineering Services,GA,South,65,2595387.31,5808651.85,14,1,5e+06,10000,1.1622,0.85
POL000920,Insured SDWSSJFF,812112,Beauty Salons,NC,South,27,3257717.01,8565764.07,5,0,1e+06,2500,1.0291,1.1
POL000921,Insured PSMPZRCC,611110,Schools,AZ,West,17,918273.44,1721031.38,13,0,1e+06,2500,1.2535,0.9
POL000922,Insured UBXRSUEG,452319,Retail,FL,South,13,1055372,1977296.38,7,1,2e+06,5000,0.9347,1.05
POL000923,Insured OJYSJICS,611110,Schools,NY,Northeast,9,353843.76,1065290.86,9,0,1e+06,2500,0.6852,0.9
POL000924,Insured LQJWQVGI,611110,Schools,FL,South,24,968409.33,2614948.9,5,1,5e+06,1000,0.5435,0.9
POL000925,Insured EGRPABLD,621111,Physician Offices,CA,West,36,2657161.08,5608495.73,29,4,1e+06,5000,0.8382,0.95
POL000926,Insured HJXZKFFG,621111,Physician Offices,NY,Northeast,27,1145237.36,4482446.17,5,0,2e+06,2500,0.827,0.95
POL000927,Insured CNOGKXMD,722511,Restaurants,TX,South,12,655181.83,2647262.36,30,2,5e+06,10000,0.8404,1.15
POL000928,Insured QWYPBDYZ,722511,Restaurants,TX,South,6,444426.03,1137844.68,12,2,5e+06,5000,0.9579,1.15
POL000929,Insured PEJCZAVE,812112,Beauty Salons,GA,South,6,520363.73,2136885.38,8,0,5e+06,2500,1.2645,1.1
POL000930,Insured NKLZTBGI,621111,Physician Offices,NY,Northeast,34,1988975.52,7782897.78,27,1,2e+06,1000,1.0304,0.95
POL000931,Insured UGAZRUGP,621111,Physician Offices,GA,South,16,1269074.98,2889094.85,28,0,1e+06,2500,1.2392,0.95
POL000932,Insured HMIKJKQQ,236220,Construction,TX,South,39,2650393.56,5894412.41,42,1,5e+06,1000,1.3285,1.35
POL000933,Insured PLAIOFUZ,236220,Construction,NY,Northeast,14,1405059.27,4541186.11,10,0,1e+06,25000,0.7335,1.35
POL000934,Insured LCSLIWWH,621111,Physician Offices,GA,South,86,7101976.88,15615189.89,12,1,2e+06,1000,1.664,0.95
POL000935,Insured CEMUSPFO,452319,Retail,CA,West,19,1137058.95,1921753.76,25,1,5e+06,5000,1.4523,1.05
POL000936,Insured DCOOSKHU,812112,Beauty Salons,FL,South,25,1257446.43,2207057.5,11,4,1e+06,1000,1.9052,1.1
POL000937,Insured THUJTHGE,452319,Retail,GA,South,23,2441288.31,9963970.58,8,0,2e+06,5000,1.029,1.05
POL000938,Insured HDDPIPEL,541330,Engineering Services,TX,South,19,1952203.71,8024426.51,3,1,1e+06,5000,1.0896,0.85
POL000939,Insured HICENIVZ,812112,Beauty Salons,PA,Northeast,25,1154804.18,2038004.09,5,3,2e+06,1000,1.2883,1.1
POL000940,Insured AGRWHYPN,236220,Construction,PA,Northeast,16,1071478.88,1671314.06,19,1,2e+06,10000,1.0134,1.35
POL000941,Insured EYFUFUER,236220,Construction,IL,Midwest,45,3086170.32,8445109.4,6,1,5e+06,10000,0.7697,1.35
POL000942,Insured VQDXGNKH,541330,Engineering Services,CA,West,36,3619434.77,9733882.45,11,0,1e+06,10000,0.7041,0.85
POL000943,Insured YNWZTKKY,611110,Schools,WA,West,43,1985317.23,3093386.84,23,3,1e+06,5000,0.8996,0.9
POL000944,Insured ZBZTTSTP,621111,Physician Offices,GA,South,9,605547.83,1993864.87,3,1,1e+06,5000,1.3025,0.95
POL000945,Insured OADDKEGQ,452319,Retail,PA,Northeast,49,2494535.57,5626397.79,13,3,2e+06,2500,0.7959,1.05
POL000946,Insured LHPMLJBD,722511,Restaurants,AZ,West,7,506729.07,1952636.17,5,2,2e+06,5000,0.9149,1.15
POL000947,Insured WCRMGJNG,812112,Beauty Salons,WA,West,16,1157062.32,5054399.12,15,2,5e+06,1000,0.7909,1.1
POL000948,Insured SYUAKEAQ,812112,Beauty Salons,IL,Midwest,85,3275543.3,13023228.65,6,0,2e+06,2500,1.8461,1.1
POL000949,Insured WSFSPQMU,812112,Beauty Salons,GA,South,30,3086226.55,5461471,8,1,1e+06,5000,2.4186,1.1
POL000950,Insured ARJXVRWZ,722511,Restaurants,FL,South,6,568939.1,2341597.31,7,2,5e+06,2500,0.8701,1.15
POL000951,Insured VDRYOXSQ,611110,Schools,PA,Northeast,290,19294123,50037513.81,13,1,1e+06,1000,1.2703,0.9
POL000952,Insured OFWAVGJN,236220,Construction,AZ,West,32,1634139.72,4318527.69,11,0,1e+06,2500,0.7185,1.35
POL000953,Insured DISUOUHP,621111,Physician Offices,AZ,West,27,2783677.07,8714337.01,14,0,2e+06,2500,1.211,0.95
POL000954,Insured VFNCFJPP,452319,Retail,PA,Northeast,19,1952732.87,4995533.8,8,1,1e+06,2500,1.7322,1.05
POL000955,Insured ZDSSDHCV,812112,Beauty Salons,FL,South,55,5371658.34,23556389.92,23,2,1e+06,5000,0.5613,1.1
POL000956,Insured QXHCVVLO,722511,Restaurants,CA,West,14,1475351.66,2287697.91,8,0,1e+06,2500,0.7006,1.15
POL000957,Insured SMTJQBGE,236220,Construction,TX,South,24,2620421.93,8774435.39,13,0,1e+06,1000,1.2553,1.35
POL000958,Insured VIGGEMLC,452319,Retail,FL,South,17,1443480.56,3302917.54,11,0,1e+06,2500,1.3317,1.05
POL000959,Insured JKYUWRKX,611110,Schools,IL,Midwest,40,2483487.76,6759923.85,25,1,1e+06,2500,1.3348,0.9
POL000960,Insured AEJLCDAS,236220,Construction,CA,West,20,1196042.89,4799788.64,14,1,1e+06,5000,0.9158,1.35
POL000961,Insured LSDGPTDG,812112,Beauty Salons,IL,Midwest,7,352247.79,548555.19,25,0,5e+06,10000,0.6302,1.1
POL000962,Insured CZNWRKRD,611110,Schools,AZ,West,19,1042245.07,1758238.2,45,2,5e+06,1000,0.8539,0.9
POL000963,Insured WNGBVSPV,621111,Physician Offices,GA,South,30,3324288.31,7129814.55,16,0,1e+06,2500,0.8136,0.95
POL000964,Insured XFTKMISJ,621111,Physician Offices,AZ,West,11,1132027.1,3173214.86,15,0,5e+06,1000,0.9567,0.95
POL000965,Insured RVWNLGIB,541330,Engineering Services,IL,Midwest,28,3339004.24,5243790.57,12,1,1e+06,1000,1.451,0.85
POL000966,Insured TQSXTAAC,812112,Beauty Salons,GA,South,52,3236806.67,10220744.56,25,1,1e+06,5000,1.2922,1.1
POL000967,Insured DQUVVSQY,611110,Schools,WA,West,27,1412776.41,4729122.49,10,1,2e+06,5000,1.0478,0.9
POL000968,Insured TFIPEZNQ,541330,Engineering Services,IL,Midwest,96,7030086.55,28108440.43,12,1,1e+06,25000,0.7488,0.85
POL000969,Insured AWCBEBEF,236220,Construction,PA,Northeast,60,5623396.13,22439727.08,5,1,2e+06,5000,3.0225,1.35
POL000970,Insured YQOHYKZR,452319,Retail,CA,West,81,8753843.73,23093035.75,25,1,1e+06,5000,1.1017,1.05
POL000971,Insured RLPASLWT,812112,Beauty Salons,NY,Northeast,12,501264.43,1259296.23,9,1,2e+06,2500,0.7658,1.1
POL000972,Insured ITDODRGR,621111,Physician Offices,AZ,West,14,1341879.35,5298425.91,7,2,1e+06,10000,0.7162,0.95
POL000973,Insured YNJCFVYD,611110,Schools,PA,Northeast,32,2401695.21,7481155.16,12,0,1e+06,2500,1.0047,0.9
POL000974,Insured HLHFADFH,452319,Retail,AZ,West,10,797726.02,2066753,20,2,1e+06,5000,2.1181,1.05
POL000975,Insured HGKRRHJK,541330,Engineering Services,AZ,West,12,945992.81,3738250.31,19,1,2e+06,5000,1.0209,0.85
POL000976,Insured BBMXQVQX,722511,Restaurants,CA,West,54,3352980.46,9877894.08,8,2,1e+06,2500,0.9016,1.15
POL000977,Insured UWWNYQIE,722511,Restaurants,AZ,West,20,1182813.42,4834354.02,21,1,2e+06,10000,1.7795,1.15
POL000978,Insured KKADUWMQ,722511,Restaurants,FL,South,35,1521873.77,3728752.78,6,1,1e+06,2500,1.2623,1.15
POL000979,Insured VYSLWMDP,541330,Engineering Services,CA,West,22,1748068.49,3624153.33,9,1,5e+06,25000,0.5959,0.85
POL000980,Insured QBDGWEWA,812112,Beauty Salons,NY,Northeast,9,949717.54,3692267.02,9,1,1e+06,10000,1.285,1.1
POL000981,Insured TKHTSVPN,722511,Restaurants,AZ,West,46,2614485.57,11199671.96,6,1,2e+06,25000,1,1.15
POL000982,Insured KFAUOXSF,541330,Engineering Services,AZ,West,13,818496.36,3090184.85,13,1,2e+06,1000,0.8598,0.85
POL000983,Insured QZVYMJRI,722511,Restaurants,IL,Midwest,74,3586655.37,14486458.39,9,0,1e+06,2500,1.3187,1.15
POL000984,Insured YWLLXVPO,236220,Construction,NC,South,34,2814959.69,9126006.46,15,3,2e+06,25000,1.1772,1.35
POL000985,Insured NHICRRSP,722511,Restaurants,NY,Northeast,89,4213779.87,16324440.45,8,2,1e+06,10000,1.1393,1.15
POL000986,Insured ORYXGBCS,541330,Engineering Services,AZ,West,42,2350774.76,6486234.99,37,1,5e+06,2500,0.609,0.85
POL000987,Insured EMSRIZEK,541330,Engineering Services,TX,South,11,600297.42,1150486.43,8,0,5e+06,1000,0.9113,0.85
POL000988,Insured RCWJZUIE,541330,Engineering Services,GA,South,30,1873264.98,3636795.13,11,0,5e+06,1000,0.7677,0.85
POL000989,Insured VHJKBLJS,611110,Schools,NC,South,75,7659305.82,27674849.37,8,0,1e+06,2500,1.3394,0.9
POL000990,Insured TVHJWJSF,236220,Construction,FL,South,41,3777661.01,11418758.75,9,2,1e+06,1000,0.8865,1.35
POL000991,Insured AQNRZHHX,611110,Schools,TX,South,17,1108974.29,1955195.55,5,1,5e+06,5000,0.8209,0.9
POL000992,Insured LURLDTTX,812112,Beauty Salons,CA,West,5,388983.35,1322280.54,12,0,1e+06,5000,1.1729,1.1
POL000993,Insured CPIURQDW,722511,Restaurants,IL,Midwest,8,329290.02,1261681.66,14,3,1e+06,2500,0.5671,1.15
POL000994,Insured QGVKERHS,722511,Restaurants,IL,Midwest,66,4977904.44,12584944.44,22,0,2e+06,2500,1.082,1.15
POL000995,Insured OUAMDXGT,621111,Physician Offices,NY,Northeast,36,2085743.53,6950130.73,29,3,5e+06,10000,1.126,0.95
POL000996,Insured BXUCRGXW,812112,Beauty Salons,WA,West,13,1508632.11,5009111.42,5,0,5e+06,10000,1.1964,1.1
POL000997,Insured KOPDBTYR,452319,Retail,NC,South,7,831365.05,1842329.25,8,2,2e+06,1000,0.8235,1.05
POL000998,Insured ETPFNYOX,611110,Schools,GA,South,39,4443163.34,15916623.27,8,0,2e+06,1000,1.0555,0.9
POL000999,Insured JQZJLOOX,722511,Restaurants,TX,South,6,572882.83,1484203.81,13,2,1e+06,2500,1.0819,1.15
POL001000,Insured SMAWYNFR,812112,Beauty Salons,PA,Northeast,58,3519452.48,12624335.2,7,2,2e+06,5000,0.8849,1.1
POL001001,Insured QRZIDEJL,812112,Beauty Salons,NC,South,18,1119660,4568745.34,7,1,1e+06,2500,0.6482,1.1
POL001002,Insured QUTUGUDL,236220,Construction,CA,West,14,1491982.96,5218105.88,6,1,1e+06,5000,1.0309,1.35
POL001003,Insured IJXMWAEQ,236220,Construction,IL,Midwest,21,1713029.61,5997119.36,6,0,1e+06,10000,0.8308,1.35
POL001004,Insured FSJVVJZD,452319,Retail,AZ,West,12,1079670.64,4454980.68,11,1,2e+06,2500,1.0464,1.05
POL001005,Insured DTQHMVYV,236220,Construction,AZ,West,2,199300.5,302773.68,20,1,5e+06,10000,2.0318,1.35
POL001006,Insured FMUDZRRD,541330,Engineering Services,WA,West,35,3039080.56,9409263.76,12,0,2e+06,2500,1.1356,0.85
POL001007,Insured NZKGSDFK,236220,Construction,AZ,West,6,507959.74,1636858.25,8,2,2e+06,5000,0.7697,1.35
POL001008,Insured HBUMIQNX,452319,Retail,WA,West,26,3009880.69,12019329.78,6,1,1e+06,1000,0.7252,1.05
POL001009,Insured FOSRPUNU,621111,Physician Offices,AZ,West,97,10262041.13,30817765.78,18,2,2e+06,1000,0.838,0.95
POL001010,Insured KAGUPWQJ,236220,Construction,FL,South,146,6774559.47,29933413.3,20,1,1e+06,5000,1.3855,1.35
POL001011,Insured FRNOUTRM,236220,Construction,PA,Northeast,42,4538854.99,19405971.03,12,0,1e+06,5000,0.9507,1.35
POL001012,Insured PQIEKVKZ,236220,Construction,NC,South,53,6542589.14,27436952.94,14,1,2e+06,2500,0.7561,1.35
POL001013,Insured GAQRWZNG,236220,Construction,FL,South,6,301518.64,598250.39,7,0,2e+06,5000,0.8648,1.35
POL001014,Insured HRCGKZKG,621111,Physician Offices,WA,West,38,4303548.6,17473317.11,7,1,1e+06,1000,1.0883,0.95
POL001015,Insured DSNWHLUC,812112,Beauty Salons,WA,West,18,1347460.41,5448488.11,22,2,2e+06,2500,0.7868,1.1
POL001016,Insured YIUUNGND,541330,Engineering Services,TX,South,17,1011258.1,3985549.07,11,0,1e+06,1000,1.8086,0.85
POL001017,Insured BZEUUAAG,236220,Construction,FL,South,28,2978246.03,9145315.32,7,2,2e+06,1000,0.6713,1.35
POL001018,Insured LAHVZCJW,722511,Restaurants,WA,West,49,4204116.26,9661772.36,7,1,1e+06,1000,0.7594,1.15
POL001019,Insured LPQYZPCJ,236220,Construction,CA,West,15,665631.41,2560912.8,8,2,1e+06,2500,0.8373,1.35
POL001020,Insured ONFTSXLP,236220,Construction,PA,Northeast,17,1665309.81,3905079.19,7,2,1e+06,5000,0.5761,1.35
POL001021,Insured DHEUXSBW,452319,Retail,TX,South,11,969310.44,1455256.79,7,1,5e+06,1000,0.7749,1.05
POL001022,Insured JGWAAXVR,236220,Construction,CA,West,53,3079954.53,9875361.51,12,2,2e+06,5000,1.0766,1.35
POL001023,Insured QBQTGDCO,621111,Physician Offices,FL,South,37,3660866.74,10173811.13,16,0,5e+06,2500,0.88,0.95
POL001024,Insured JLEVDBVT,236220,Construction,TX,South,53,3893745.35,17406919.99,6,0,1e+06,1000,0.7536,1.35
POL001025,Insured THZIKNVI,611110,Schools,IL,Midwest,133,5622702.95,10830839.9,22,1,2e+06,5000,0.579,0.9
POL001026,Insured PLJGXNHQ,812112,Beauty Salons,TX,South,47,1953400.85,6910455.25,6,2,1e+06,2500,0.69,1.1
POL001027,Insured NMHPEBKD,722511,Restaurants,NY,Northeast,104,7916576.61,25829509.12,43,2,1e+06,10000,1.2201,1.15
POL001028,Insured FRWGSZFD,452319,Retail,AZ,West,9,606853,1662165.58,7,0,2e+06,1000,0.9563,1.05
POL001029,Insured VOPZGOQW,611110,Schools,CA,West,36,2363328.51,7193122.43,17,1,1e+06,5000,0.7196,0.9
POL001030,Insured MNIEHPIS,236220,Construction,NC,South,114,13525982.24,31488449.59,7,1,1e+06,2500,1.2966,1.35
POL001031,Insured RDASXTTO,236220,Construction,NC,South,33,3277250.71,9815882.75,5,1,1e+06,5000,1.1202,1.35
POL001032,Insured NIAQBPIJ,621111,Physician Offices,CA,West,13,1093459.4,2827791,15,1,2e+06,2500,1.9994,0.95
POL001033,Insured NXLCCBAF,722511,Restaurants,TX,South,58,3448257.77,7450920.08,11,1,2e+06,2500,1.8626,1.15
POL001034,Insured OLXJKQMI,722511,Restaurants,GA,South,34,1377291.84,4809134.64,10,0,2e+06,2500,0.7829,1.15
POL001035,Insured YUCYAWKH,722511,Restaurants,PA,Northeast,32,1941576.15,5809866.47,16,1,1e+06,1000,0.9722,1.15
POL001036,Insured XCMKVDUF,621111,Physician Offices,AZ,West,21,2443470.72,5036759.71,4,2,2e+06,2500,0.6849,0.95
POL001037,Insured RHIBUKKG,722511,Restaurants,IL,Midwest,16,977730.96,2372975.2,6,0,2e+06,25000,0.8215,1.15
POL001038,Insured GYOMXRWO,611110,Schools,PA,Northeast,28,1620362.48,5469992.9,13,1,1e+06,5000,0.7063,0.9
POL001039,Insured RCLNWZNW,621111,Physician Offices,NY,Northeast,23,1801839,3283069.89,64,1,1e+06,10000,1.5981,0.95
POL001040,Insured PVOWXHEZ,611110,Schools,WA,West,17,1092482.54,3937157.02,10,3,1e+06,5000,1.4847,0.9
POL001041,Insured VKFZOWKR,621111,Physician Offices,NC,South,14,634271.18,1721695.14,8,0,5e+06,1000,1.3576,0.95
POL001042,Insured ZFBSSXWH,452319,Retail,WA,West,61,7601672.22,32431974.59,4,1,2e+06,5000,1.1404,1.05
POL001043,Insured UFFTHNNH,621111,Physician Offices,NY,Northeast,6,287458.76,820197.5,13,2,1e+06,5000,1.2599,0.95
POL001044,Insured RVPQVKIR,621111,Physician Offices,AZ,West,12,1048819.39,2516471.58,5,0,1e+06,2500,0.8837,0.95
POL001045,Insured GOCZQZEQ,812112,Beauty Salons,CA,West,25,2725462.67,12088529.02,38,1,1e+06,2500,0.9313,1.1
POL001046,Insured KFANMPMB,722511,Restaurants,FL,South,18,945235.87,1587220.87,12,1,5e+06,10000,0.7114,1.15
POL001047,Insured MKNUOQYR,812112,Beauty Salons,IL,Midwest,25,2903229.51,5316557.14,28,0,2e+06,5000,0.8879,1.1
POL001048,Insured KCZNYXOM,812112,Beauty Salons,IL,Midwest,18,1133264.6,4929002.51,6,0,1e+06,1000,2.1464,1.1
POL001049,Insured BHRVATSW,722511,Restaurants,WA,West,37,4318158.18,7019109.62,20,0,5e+06,5000,1.2769,1.15
POL001050,Insured UGTIAYVE,812112,Beauty Salons,CA,West,50,3891657.23,14970764.51,15,0,2e+06,2500,1.026,1.1
POL001051,Insured BPHWCQEH,611110,Schools,WA,West,25,1382494.16,5093248.14,26,0,2e+06,5000,0.9615,0.9
POL001052,Insured VRYVYOTL,812112,Beauty Salons,TX,South,23,2450826.98,10558569.16,16,0,1e+06,10000,1.3686,1.1
POL001053,Insured UATWIFJO,722511,Restaurants,AZ,West,15,816141.12,3084190.51,14,1,2e+06,5000,0.6017,1.15
POL001054,Insured NLYTBFAN,611110,Schools,FL,South,13,848950.11,3638345.79,21,0,2e+06,10000,0.5549,0.9
POL001055,Insured MNFVAXDT,722511,Restaurants,NC,South,12,1162785.17,2253467.16,10,0,1e+06,1000,0.8054,1.15
POL001056,Insured PBLEHIXY,812112,Beauty Salons,CA,West,28,3131725.29,6407743.47,16,1,1e+06,1000,0.8045,1.1
POL001057,Insured OSTKMGXP,722511,Restaurants,TX,South,100,11107385.33,18969507.09,18,3,2e+06,2500,0.5456,1.15
POL001058,Insured ZUROCUZC,541330,Engineering Services,NY,Northeast,65,6891381.49,14043902.74,38,0,2e+06,2500,1.0365,0.85
POL001059,Insured PQLNMTJF,812112,Beauty Salons,NC,South,9,632883.1,1640700.83,21,1,2e+06,2500,0.7911,1.1
POL001060,Insured PUHNITVE,621111,Physician Offices,PA,Northeast,40,2068736.35,5932534.8,8,1,2e+06,1000,0.6553,0.95
POL001061,Insured NTHHWVCR,611110,Schools,PA,Northeast,17,1005007.39,2107818.82,10,0,2e+06,10000,0.987,0.9
POL001062,Insured KSJZSKXU,452319,Retail,GA,South,11,454848.33,1720521.38,8,1,1e+06,1000,1.7182,1.05
POL001063,Insured SOKUTFYW,812112,Beauty Salons,AZ,West,16,1940248.32,3395877.16,26,0,1e+06,10000,0.8224,1.1
POL001064,Insured ESOUBLPM,621111,Physician Offices,WA,West,93,7984378.75,12103991.86,44,1,1e+06,2500,1.3486,0.95
POL001065,Insured LQJTJHLU,452319,Retail,NC,South,10,1168358.01,1780699.81,21,1,2e+06,2500,0.8332,1.05
POL001066,Insured BDMUYIWQ,812112,Beauty Salons,TX,South,127,6648358.75,18457049.66,7,0,1e+06,25000,0.8967,1.1
POL001067,Insured XDYRZISS,621111,Physician Offices,FL,South,146,10515727.49,16321200.51,6,1,2e+06,10000,0.7862,0.95
POL001068,Insured IFEFAJUD,452319,Retail,GA,South,39,4189735.8,6975174.01,4,0,5e+06,5000,1.1071,1.05
POL001069,Insured JLMUMCCQ,541330,Engineering Services,TX,South,61,4855545.24,11566296.95,8,1,2e+06,2500,0.9032,0.85
POL001070,Insured SCPUOLED,452319,Retail,FL,South,11,1093158.31,4824854.15,8,1,2e+06,5000,2.2652,1.05
POL001071,Insured CSQYUQJM,611110,Schools,TX,South,5,542636.59,2113164.01,25,1,1e+06,5000,0.9029,0.9
POL001072,Insured GWUEMOTT,236220,Construction,PA,Northeast,15,1302964.39,5397231.64,12,1,1e+06,1000,0.8206,1.35
POL001073,Insured RNFKUFEF,541330,Engineering Services,NY,Northeast,23,895320.57,3355326.01,12,1,1e+06,10000,1.3497,0.85
POL001074,Insured TZCCKADO,812112,Beauty Salons,FL,South,6,676448.71,2058993.28,8,1,2e+06,2500,1.3213,1.1
POL001075,Insured XYMBKPQS,621111,Physician Offices,AZ,West,87,9279412.39,19146655.79,11,0,1e+06,10000,0.7849,0.95
POL001076,Insured EMWGUIPB,812112,Beauty Salons,AZ,West,33,1618787.64,6324619.17,47,1,2e+06,5000,1.3976,1.1
POL001077,Insured MJTBIUJD,812112,Beauty Salons,WA,West,31,2367762.28,4709889.41,13,0,2e+06,2500,0.7643,1.1
POL001078,Insured DGCZWVGX,722511,Restaurants,TX,South,3,349637.9,620564.85,4,0,2e+06,5000,0.5902,1.15
POL001079,Insured NBEPTDSN,812112,Beauty Salons,NC,South,57,5001746.44,11531576.15,41,2,2e+06,1000,1.1678,1.1
POL001080,Insured IZBHSOQE,452319,Retail,WA,West,11,1360240.48,2357068.92,14,0,5e+06,2500,1.0398,1.05
POL001081,Insured OKCIBYWA,236220,Construction,PA,Northeast,35,1595268.5,5237448.53,9,0,2e+06,2500,0.8462,1.35
POL001082,Insured IJXRMTOB,452319,Retail,NC,South,110,5682458.98,11841468.11,6,0,2e+06,2500,0.4477,1.05
POL001083,Insured UNRSLFSE,812112,Beauty Salons,AZ,West,17,1040047.01,3529996.96,17,0,1e+06,5000,0.6891,1.1
POL001084,Insured VSCJWJWS,812112,Beauty Salons,TX,South,20,821140.27,2049970.07,17,0,1e+06,5000,1.5073,1.1
POL001085,Insured WSXOOTLX,812112,Beauty Salons,NC,South,31,2713748.93,8519216.3,7,1,2e+06,1000,0.7254,1.1
POL001086,Insured DVCCYBTR,236220,Construction,FL,South,44,3586642.8,13954831.1,27,0,1e+06,2500,1.2184,1.35
POL001087,Insured NYOWTRMB,621111,Physician Offices,IL,Midwest,40,4350692.29,15876073.71,5,2,1e+06,5000,0.8902,0.95
POL001088,Insured VXVNNCOW,611110,Schools,CA,West,9,519995.2,1235303.73,11,2,1e+06,1000,0.9485,0.9
POL001089,Insured BXFPEFAD,541330,Engineering Services,TX,South,93,4201231.47,17464567,19,0,2e+06,1000,0.9805,0.85
POL001090,Insured BIWIMJHY,812112,Beauty Salons,CA,West,30,3720899.9,11304043.05,9,0,2e+06,5000,1.1395,1.1
POL001091,Insured PJDMFVIN,236220,Construction,FL,South,34,2111892.88,5074499.22,13,1,1e+06,5000,1.0021,1.35
POL001092,Insured XYTPVLAF,452319,Retail,PA,Northeast,11,642730.48,1953509.12,24,0,1e+06,2500,0.6003,1.05
POL001093,Insured BJCXLFEZ,722511,Restaurants,TX,South,137,14448644.58,25511095.04,8,0,1e+06,25000,0.337,1.15
POL001094,Insured NNDAPGVQ,452319,Retail,PA,Northeast,102,12163737.56,31559361.51,22,1,1e+06,5000,1.416,1.05
POL001095,Insured NNOPZKYH,621111,Physician Offices,WA,West,29,1850798.13,6210703.19,25,1,2e+06,5000,1.4758,0.95
POL001096,Insured HLZISXGJ,611110,Schools,PA,Northeast,13,642370.73,2573233.06,10,0,1e+06,5000,1.0643,0.9
POL001097,Insured QLUHYTXR,541330,Engineering Services,WA,West,41,4482508.43,15586701.28,7,1,1e+06,1000,0.8129,0.85
POL001098,Insured ITYZCWJV,621111,Physician Offices,FL,South,25,2260856.71,5939504.68,9,1,2e+06,5000,1.1126,0.95
POL001099,Insured UMJISAXX,611110,Schools,WA,West,23,2740303.52,4945912.18,10,0,1e+06,5000,1.1731,0.9
POL001100,Insured AYUPXJOX,621111,Physician Offices,AZ,West,14,1274949.19,2511780.05,19,0,2e+06,1000,1.3487,0.95
POL001101,Insured JPHHBVYN,541330,Engineering Services,CA,West,6,660736.99,1815891.35,6,0,2e+06,1000,1.2685,0.85
POL001102,Insured YKLDAHXE,722511,Restaurants,WA,West,13,1290392.49,5484603.85,24,2,1e+06,2500,1.2184,1.15
POL001103,Insured TJGNTITY,611110,Schools,GA,South,61,3619704.6,13128541.49,20,0,2e+06,2500,1.0584,0.9
POL001104,Insured NOCHKOXC,541330,Engineering Services,AZ,West,61,4611522.5,18030509.94,8,1,1e+06,1000,1.4206,0.85
POL001105,Insured ZEBGJIAT,812112,Beauty Salons,NC,South,11,1355206.58,2278015.13,6,0,2e+06,1000,1.3008,1.1
POL001106,Insured RVFCNPDM,722511,Restaurants,NC,South,38,1938227.52,8388738.91,17,1,5e+06,5000,0.6712,1.15
POL001107,Insured FRGJLIVC,236220,Construction,NC,South,47,1957598.58,7372253.71,19,1,2e+06,10000,0.799,1.35
POL001108,Insured XPLMXXZT,722511,Restaurants,NC,South,16,1753879.12,4109280.82,24,3,1e+06,10000,0.7787,1.15
POL001109,Insured HWNCESGA,812112,Beauty Salons,PA,Northeast,21,1315008.84,5897230.16,16,2,1e+06,1000,1.1337,1.1
POL001110,Insured REZXMOTR,722511,Restaurants,CA,West,43,2693842.69,5544108.14,28,1,5e+06,2500,0.5994,1.15
POL001111,Insured DKBCTSTV,541330,Engineering Services,IL,Midwest,65,5712246.89,14283991.47,23,1,2e+06,1000,0.7928,0.85
POL001112,Insured RQFQXNCP,611110,Schools,PA,Northeast,7,737994.3,1199980.38,5,0,1e+06,2500,1.4703,0.9
POL001113,Insured YREGDTSO,812112,Beauty Salons,WA,West,8,716865.74,2095132.86,24,1,2e+06,25000,0.83,1.1
POL001114,Insured ZDVBVMYH,452319,Retail,NC,South,21,867425.83,3831971.88,10,0,1e+06,5000,0.4434,1.05
POL001115,Insured IEQFZTID,236220,Construction,IL,Midwest,10,487594.67,1313594.65,8,1,1e+06,1000,1.3184,1.35
POL001116,Insured HIMPLYMQ,611110,Schools,FL,South,16,1849220.08,3636278.11,12,1,1e+06,5000,1.239,0.9
POL001117,Insured VLUSAXIT,541330,Engineering Services,FL,South,47,3324716.9,14801098.48,71,2,2e+06,1000,0.7042,0.85
POL001118,Insured KIHVEFUX,541330,Engineering Services,CA,West,52,5275730.71,22382462.91,3,0,2e+06,2500,0.7489,0.85
POL001119,Insured HYPGVRAC,541330,Engineering Services,FL,South,23,1779435.93,4934112.49,12,0,5e+06,1000,1.2822,0.85
POL001120,Insured TEHSYGZT,621111,Physician Offices,NY,Northeast,9,1100400.4,3731294.75,23,2,1e+06,1000,1.0983,0.95
POL001121,Insured YXXOWDTF,541330,Engineering Services,IL,Midwest,103,9766438.38,22353179.32,11,2,1e+06,10000,1.4436,0.85
POL001122,Insured QFDXIBXX,722511,Restaurants,WA,West,27,1587448.65,3681553.78,7,0,2e+06,2500,0.8519,1.15
POL001123,Insured NYFIBCIH,236220,Construction,NC,South,3,121684.07,214895.3,11,4,2e+06,25000,0.7645,1.35
POL001124,Insured FEPYIZWF,611110,Schools,TX,South,30,1807560.43,7286885,19,0,1e+06,5000,1.1162,0.9
POL001125,Insured BKTNVVAJ,541330,Engineering Services,IL,Midwest,27,1827260.75,4425849.78,22,1,1e+06,5000,1.2439,0.85
POL001126,Insured CTVKZLDR,236220,Construction,CA,West,6,541108.48,1348691.03,9,0,1e+06,1000,1.036,1.35
POL001127,Insured OATBJTWQ,621111,Physician Offices,AZ,West,30,3332906.62,9551919.93,11,0,1e+06,5000,1.1391,0.95
POL001128,Insured LZGBDVCI,541330,Engineering Services,NY,Northeast,22,1779604.98,2833610.01,4,0,1e+06,5000,1.1825,0.85
POL001129,Insured JEYJXRKU,541330,Engineering Services,IL,Midwest,19,2045856.12,5619866.57,5,0,5e+06,5000,1.4518,0.85
POL001130,Insured URLWBORS,722511,Restaurants,TX,South,15,1769556,5206954.89,8,2,2e+06,2500,1.4109,1.15
POL001131,Insured MZOORZPD,722511,Restaurants,IL,Midwest,72,7343030.54,30092646.98,3,1,5e+06,1000,0.7935,1.15
POL001132,Insured CJTKEKPQ,452319,Retail,AZ,West,5,517292.49,1968986.74,6,0,2e+06,1000,1.521,1.05
POL001133,Insured UHJQPQHR,541330,Engineering Services,PA,Northeast,60,5355511.95,17183513.12,38,2,5e+06,1000,1.0007,0.85
POL001134,Insured PRASRWCG,452319,Retail,IL,Midwest,18,1591273.67,4496619.53,25,0,1e+06,5000,1.3735,1.05
POL001135,Insured LABQUWVS,236220,Construction,IL,Midwest,18,2011845.46,8859867.09,4,1,1e+06,5000,1.6139,1.35
POL001136,Insured RKTBOVXV,541330,Engineering Services,WA,West,8,735513.25,2241990.74,19,1,1e+06,2500,1.3683,0.85
POL001137,Insured EOALQYND,236220,Construction,TX,South,34,1842921.7,6756116.03,18,1,1e+06,10000,0.886,1.35
POL001138,Insured OXQVVWDH,236220,Construction,WA,West,14,1050308.25,3375036.69,6,1,1e+06,10000,1.6408,1.35
POL001139,Insured NHNZAJEM,541330,Engineering Services,NC,South,24,942045.12,1512501.09,13,0,2e+06,1000,1.2414,0.85
POL001140,Insured ORBWCAJN,236220,Construction,GA,South,27,1469115.38,3704475.48,12,0,2e+06,5000,0.6604,1.35
POL001141,Insured QGIMABGM,611110,Schools,WA,West,6,327501.96,504706.35,16,0,5e+06,5000,0.5553,0.9
POL001142,Insured CQFOWUPP,722511,Restaurants,TX,South,19,1668629.75,7487517.24,10,0,2e+06,5000,0.7199,1.15
POL001143,Insured GZWSBMOL,452319,Retail,NC,South,21,2276217.65,6306790.63,11,0,1e+06,1000,0.7863,1.05
POL001144,Insured UFHDBORB,452319,Retail,TX,South,38,3662252.58,15897876.65,11,5,1e+06,10000,0.8492,1.05
POL001145,Insured RFBPTEUO,452319,Retail,NC,South,60,5911227.41,25165032.67,5,1,2e+06,2500,1.0223,1.05
POL001146,Insured XAOSINPQ,236220,Construction,CA,West,32,2072992.29,8868687.13,4,2,5e+06,1000,1.1559,1.35
POL001147,Insured EPKGWFQM,236220,Construction,TX,South,54,6574035.42,19802290.84,6,1,1e+06,2500,0.9213,1.35
POL001148,Insured CFBSNKPQ,541330,Engineering Services,TX,South,58,3240702.81,6660372.14,8,1,5e+06,1000,1.1799,0.85
POL001149,Insured JCUURUHP,722511,Restaurants,NY,Northeast,105,9957901.11,30515349.36,13,2,5e+06,2500,0.8766,1.15
POL001150,Insured LGNNWYWZ,452319,Retail,NC,South,145,13486066.93,43631045.85,10,0,1e+06,1000,0.4669,1.05
POL001151,Insured LCLKIJNL,812112,Beauty Salons,NY,Northeast,54,5321257.48,17097786.65,4,3,2e+06,5000,0.4336,1.1
POL001152,Insured VTODJPTL,722511,Restaurants,NC,South,14,1333404.21,5324452.87,43,1,1e+06,5000,0.7951,1.15
POL001153,Insured KYEOXNQM,452319,Retail,NY,Northeast,21,2502231.59,6126877.94,9,0,1e+06,2500,0.8049,1.05
POL001154,Insured UYRRYLMK,452319,Retail,PA,Northeast,10,413327.55,1839535.05,13,2,2e+06,1000,1.4066,1.05
POL001155,Insured PCFDSHQY,812112,Beauty Salons,NY,Northeast,41,2851540.42,8091909.89,11,0,2e+06,1000,1.6496,1.1
POL001156,Insured IIWCVYBA,812112,Beauty Salons,NC,South,43,2318791.48,8120167.81,8,0,1e+06,5000,0.4352,1.1
POL001157,Insured DKEKFLFE,722511,Restaurants,FL,South,19,1038823.26,2922377.71,9,0,1e+06,1000,0.4798,1.15
POL001158,Insured MMZBZLRJ,621111,Physician Offices,PA,Northeast,30,2443582.2,10204877.55,12,2,1e+06,10000,1.0534,0.95
POL001159,Insured HPSYZXHU,812112,Beauty Salons,TX,South,11,430263.83,1134670.32,9,1,1e+06,1000,0.7058,1.1
POL001160,Insured MEVCHTCL,722511,Restaurants,AZ,West,89,7420842.05,30719169.97,19,1,1e+06,2500,1.0948,1.15
POL001161,Insured SULIAFUW,452319,Retail,PA,Northeast,94,5007778.56,22360915.48,11,2,1e+06,1000,0.882,1.05
POL001162,Insured AGKSNGRH,621111,Physician Offices,TX,South,25,2051819.25,7879061.38,28,2,1e+06,25000,0.8035,0.95
POL001163,Insured DBBCGOQF,621111,Physician Offices,NC,South,13,1182607.51,4004748.8,28,0,2e+06,2500,0.9831,0.95
POL001164,Insured KZWVJISC,722511,Restaurants,NC,South,83,7756132.24,24666020.16,40,6,5e+06,2500,1.402,1.15
POL001165,Insured JUPMWDGX,611110,Schools,CA,West,15,1152862.24,4909285.6,43,2,2e+06,2500,1.5052,0.9
POL001166,Insured FKCTJRQP,812112,Beauty Salons,AZ,West,34,3171610.98,11379755.23,12,0,1e+06,2500,1.1192,1.1
POL001167,Insured YTMIGVJV,452319,Retail,PA,Northeast,28,1487594.17,4587386.32,12,1,1e+06,25000,0.6026,1.05
POL001168,Insured AZCCJVOU,611110,Schools,PA,Northeast,12,1280292.22,4965255.09,16,1,1e+06,1000,0.6513,0.9
POL001169,Insured MWLUQVSN,812112,Beauty Salons,FL,South,56,6400224.96,17863309.85,12,1,2e+06,2500,1.3025,1.1
POL001170,Insured GHZTOOWP,541330,Engineering Services,NY,Northeast,10,934748.5,2547955.3,16,1,2e+06,1000,0.9936,0.85
POL001171,Insured MJVHXCCO,452319,Retail,FL,South,55,2860204.86,10773897.74,7,0,1e+06,1000,1.2922,1.05
POL001172,Insured WDYPUYXG,452319,Retail,IL,Midwest,34,3121447.87,5347134.6,20,1,1e+06,1000,1.1239,1.05
POL001173,Insured LMSXNNQF,452319,Retail,WA,West,12,1351553.67,5317881.89,16,0,1e+06,2500,1.4413,1.05
POL001174,Insured ORIFZHYV,611110,Schools,TX,South,13,1555034.9,4013822.47,9,0,1e+06,2500,1.3059,0.9
POL001175,Insured JJQRSOCV,621111,Physician Offices,GA,South,55,5748993.06,10064785.51,26,0,2e+06,10000,1.9704,0.95
POL001176,Insured UBIOPSCE,452319,Retail,WA,West,38,3965698.55,11202095.77,16,1,1e+06,1000,1.0475,1.05
POL001177,Insured UGYVUWNV,722511,Restaurants,WA,West,17,1683698.79,5723626.35,16,1,1e+06,2500,0.804,1.15
POL001178,Insured UHFACDXB,722511,Restaurants,AZ,West,23,2396967.45,4786294.37,16,0,2e+06,2500,1.2229,1.15
POL001179,Insured GLQKWVUG,452319,Retail,CA,West,15,1844773.2,7189523.05,16,0,5e+06,10000,0.9333,1.05
POL001180,Insured VQYNWWQV,722511,Restaurants,GA,South,42,4713061.47,8215921.9,35,0,1e+06,1000,0.9694,1.15
POL001181,Insured ZEFVPTOB,621111,Physician Offices,GA,South,21,2336697,5489213.85,13,0,2e+06,2500,0.747,0.95
POL001182,Insured YOZAZRLV,621111,Physician Offices,GA,South,18,1817117.88,3518268.5,5,0,1e+06,2500,0.7215,0.95
POL001183,Insured XLCQSFZV,452319,Retail,AZ,West,13,1016144.87,3179703.87,7,2,1e+06,5000,0.5179,1.05
POL001184,Insured EGERQUAR,236220,Construction,NC,South,80,5727405.07,15853527.02,4,2,2e+06,5000,0.9919,1.35
POL001185,Insured YPBSSXTJ,722511,Restaurants,CA,West,46,1824827.31,6805974.25,29,0,2e+06,1000,0.6955,1.15
POL001186,Insured EECVBABC,812112,Beauty Salons,PA,Northeast,57,5860532.62,9431356.83,11,3,2e+06,2500,0.9941,1.1
POL001187,Insured RYRJBQTL,541330,Engineering Services,TX,South,103,4395249.61,10201354.62,47,1,1e+06,2500,1.3112,0.85
POL001188,Insured FYGMONID,236220,Construction,WA,West,10,596774.74,2035928.01,13,0,1e+06,5000,0.8981,1.35
POL001189,Insured ADDUUSVL,236220,Construction,CA,West,152,17564626.23,62040103.68,29,3,2e+06,5000,1.2851,1.35
POL001190,Insured ZCXBONES,611110,Schools,CA,West,6,724999.85,2115796.52,5,1,1e+06,2500,0.3545,0.9
POL001191,Insured DIJFILDG,722511,Restaurants,NC,South,75,8785993.07,15307352.8,12,1,1e+06,5000,1.4379,1.15
POL001192,Insured HPPRHOAI,541330,Engineering Services,WA,West,30,2695881.33,11456351.57,4,2,2e+06,2500,1.1571,0.85
POL001193,Insured XFNSAMJM,452319,Retail,GA,South,7,833998.31,1561679.21,3,1,5e+06,1000,1.0998,1.05
POL001194,Insured MTEEKBYW,236220,Construction,AZ,West,41,2709180.98,4879441.86,13,0,2e+06,1000,0.9159,1.35
POL001195,Insured SZENAXLT,452319,Retail,PA,Northeast,79,6851883.2,25221151.61,31,1,1e+06,2500,0.9329,1.05
POL001196,Insured BHTGIYAE,541330,Engineering Services,NY,Northeast,34,3587521.89,10384028.23,59,4,1e+06,1000,0.8499,0.85
POL001197,Insured NKILYMQG,541330,Engineering Services,IL,Midwest,12,1219192.18,3539910.58,13,1,5e+06,10000,0.6917,0.85
POL001198,Insured QYTCSPXE,236220,Construction,NY,Northeast,25,1629650.86,5529798.75,18,1,1e+06,5000,1.1069,1.35
POL001199,Insured JAQQFJXD,541330,Engineering Services,TX,South,22,1047447.48,2743051.68,6,0,2e+06,1000,1.1212,0.85
POL001200,Insured YWMTUHAJ,236220,Construction,AZ,West,15,1805014.97,6866129.97,7,0,5e+06,1000,1.345,1.35
POL001201,Insured EUXQZZAJ,236220,Construction,IL,Midwest,130,8262198.37,36455848.57,11,0,2e+06,5000,0.5469,1.35
POL001202,Insured LPOKAJCY,621111,Physician Offices,TX,South,22,1995863.81,8057507.31,7,0,1e+06,1000,1.2749,0.95
POL001203,Insured NTOLBKDV,621111,Physician Offices,CA,West,11,714904.08,1480143.5,29,1,2e+06,1000,0.8117,0.95
POL001204,Insured ASMRVGYU,236220,Construction,WA,West,40,2467703.49,9524661.56,6,2,1e+06,2500,0.9778,1.35
POL001205,Insured NFBUZIRN,611110,Schools,NC,South,16,1806483.59,4332851.62,23,1,2e+06,5000,1.082,0.9
POL001206,Insured ITVPWLVT,236220,Construction,GA,South,29,2650631.64,5111171.48,12,3,1e+06,5000,1.2997,1.35
POL001207,Insured SOYIHIYD,611110,Schools,IL,Midwest,22,1761666.57,7175815.18,13,2,1e+06,1000,1.3737,0.9
POL001208,Insured WTNVFSMB,541330,Engineering Services,FL,South,37,3747910.64,14193063.94,4,5,2e+06,5000,0.8216,0.85
POL001209,Insured CYAYREAA,812112,Beauty Salons,GA,South,24,2998043.94,11323307.02,13,1,1e+06,1000,1.0727,1.1
POL001210,Insured VHRQFIIT,722511,Restaurants,WA,West,25,1998776.07,4284244.97,24,0,1e+06,5000,0.5783,1.15
POL001211,Insured NANPLJIH,621111,Physician Offices,PA,Northeast,19,864549.54,1698850.52,17,1,1e+06,1000,0.9768,0.95
POL001212,Insured QNFDVAUE,236220,Construction,FL,South,32,1775850.23,7248501.63,14,0,1e+06,2500,1.6358,1.35
POL001213,Insured SDDILCBU,236220,Construction,AZ,West,87,6121460.73,19093299.31,11,1,5e+06,2500,1.2096,1.35
POL001214,Insured TIOUQRUD,611110,Schools,NY,Northeast,47,3211140.71,12474126.14,5,2,1e+06,5000,0.9758,0.9
POL001215,Insured JPQJVUDI,541330,Engineering Services,TX,South,46,4526129.66,13055203.76,17,0,5e+06,2500,1.3244,0.85
POL001216,Insured BWYOWDHO,236220,Construction,CA,West,72,3069461,9880013.67,30,3,1e+06,5000,0.7813,1.35
POL001217,Insured HNBGQJXH,621111,Physician Offices,FL,South,17,879144.06,3571074.29,10,0,5e+06,25000,1.012,0.95
POL001218,Insured GSEZZNMK,722511,Restaurants,AZ,West,17,1383440.68,3447503.21,21,1,2e+06,25000,0.7429,1.15
POL001219,Insured NOYEIOWE,452319,Retail,WA,West,13,561627.31,991061.95,13,2,5e+06,10000,1.0329,1.05
POL001220,Insured JBVCESFL,621111,Physician Offices,AZ,West,88,3504540.52,6968316.56,5,0,1e+06,1000,0.5112,0.95
POL001221,Insured CHLCZFIW,611110,Schools,NY,Northeast,6,473699.1,1396179.81,6,2,1e+06,10000,0.8005,0.9
POL001222,Insured OBRAILHN,812112,Beauty Salons,PA,Northeast,75,8677420.78,28609489.89,17,2,2e+06,2500,1.757,1.1
POL001223,Insured RNOQSLRW,722511,Restaurants,WA,West,175,17098734.1,76278118.39,9,1,2e+06,25000,0.9778,1.15
POL001224,Insured XBJYOVJA,541330,Engineering Services,CA,West,69,2946668.51,13166960.3,20,1,1e+06,5000,0.7591,0.85
POL001225,Insured MKDEDUNA,236220,Construction,NC,South,3,330068.18,590038.68,17,0,1e+06,25000,1.1633,1.35
POL001226,Insured YMEKLWDU,812112,Beauty Salons,NC,South,40,2222509.19,8452364.57,5,1,5e+06,10000,0.5381,1.1
POL001227,Insured YPNDUDOD,621111,Physician Offices,IL,Midwest,8,359850.82,1201126.7,10,2,1e+06,2500,1.0573,0.95
POL001228,Insured ZKXXWHLV,812112,Beauty Salons,PA,Northeast,38,2160976.46,6729316.7,6,1,1e+06,1000,0.7019,1.1
POL001229,Insured MAIHPQKV,541330,Engineering Services,NY,Northeast,67,6846205.61,20442495.85,17,0,2e+06,5000,0.888,0.85
POL001230,Insured WPGPACKF,541330,Engineering Services,IL,Midwest,67,3746024,6134439.6,9,1,1e+06,10000,1.2197,0.85
POL001231,Insured WNLKLVPB,236220,Construction,AZ,West,12,1436340.95,4135815.59,14,1,1e+06,5000,1.235,1.35
POL001232,Insured UDFDXYIZ,236220,Construction,TX,South,53,6616027.13,19765160.98,5,1,5e+06,10000,0.794,1.35
POL001233,Insured HGFYMDKV,236220,Construction,IL,Midwest,3,343024.75,1124363.19,10,3,5e+06,5000,1.582,1.35
POL001234,Insured JSPAOFJW,452319,Retail,FL,South,43,3199897.43,6580003.68,17,0,2e+06,10000,1.1277,1.05
POL001235,Insured JYNGTRNJ,541330,Engineering Services,FL,South,11,1221884.77,4788871.42,24,0,2e+06,2500,1.4279,0.85
POL001236,Insured IYOANIRX,611110,Schools,IL,Midwest,26,2880442.44,8099723.2,7,2,2e+06,2500,1.3708,0.9
POL001237,Insured CZLUMJAX,722511,Restaurants,WA,West,21,1345900.85,3491266.59,12,3,1e+06,10000,0.8463,1.15
POL001238,Insured GGVADEYU,621111,Physician Offices,TX,South,17,1420681.93,4254228.1,13,0,2e+06,5000,1.3048,0.95
POL001239,Insured KCREVQGO,236220,Construction,CA,West,31,2396521.42,10460696.01,6,0,1e+06,2500,1.2693,1.35
POL001240,Insured PHUAZTDA,611110,Schools,CA,West,70,3265254.42,12162347.96,15,0,1e+06,10000,1.2573,0.9
POL001241,Insured DDTZJCXT,621111,Physician Offices,NC,South,9,886105.54,3413616.04,12,0,2e+06,10000,0.9849,0.95
POL001242,Insured SXSHTBGF,621111,Physician Offices,FL,South,11,1121395.55,1731921.75,14,1,2e+06,25000,0.9916,0.95
POL001243,Insured EAHMGDQJ,722511,Restaurants,NY,Northeast,13,1523238.86,3793788.74,13,0,1e+06,2500,1.1376,1.15
POL001244,Insured MFDXYYQQ,621111,Physician Offices,TX,South,31,1885006.09,7949529.44,10,0,1e+06,5000,0.7871,0.95
POL001245,Insured PZNIRIHJ,611110,Schools,TX,South,8,908336.48,3693938.45,28,1,5e+06,2500,1.5233,0.9
POL001246,Insured DDSYRWEL,236220,Construction,WA,West,19,991798.71,3164983.79,34,2,1e+06,5000,0.738,1.35
POL001247,Insured PKSUUYIQ,812112,Beauty Salons,CA,West,28,1874261.64,6957246.9,12,2,5e+06,2500,1.1312,1.1
POL001248,Insured GJZLATTT,452319,Retail,WA,West,39,1708762.55,5130010.72,30,2,1e+06,10000,1.4538,1.05
POL001249,Insured FDILVNPU,611110,Schools,CA,West,31,1323244,4716230.4,9,2,2e+06,1000,1.1687,0.9
POL001250,Insured AJNTSNVC,812112,Beauty Salons,IL,Midwest,84,7695733.57,25760435.12,21,0,1e+06,5000,1.2601,1.1
POL001251,Insured XEJIBXGC,452319,Retail,FL,South,15,1124216.31,4513865.41,20,1,5e+06,5000,0.9406,1.05
POL001252,Insured VZVTHQUL,722511,Restaurants,IL,Midwest,9,675121.96,1012804.56,8,0,1e+06,2500,1.167,1.15
POL001253,Insured WTPZXIKP,541330,Engineering Services,CA,West,10,1037383.73,1914317.95,20,0,1e+06,2500,1.1464,0.85
POL001254,Insured CAWZUWFQ,722511,Restaurants,WA,West,11,589703.8,1623750.59,33,1,1e+06,10000,0.9752,1.15
POL001255,Insured MZNIQIPV,722511,Restaurants,NY,Northeast,24,2071988.94,8250349.32,25,2,5e+06,25000,0.9128,1.15
POL001256,Insured BROJJHFF,611110,Schools,FL,South,42,3129032.57,7703973.19,2,1,1e+06,1000,1.4397,0.9
POL001257,Insured ZAQLBJGO,236220,Construction,IL,Midwest,26,2965085.88,6915215.86,9,1,1e+06,2500,0.8039,1.35
POL001258,Insured AHWVZCCB,236220,Construction,AZ,West,9,1073464.2,2679607.66,8,2,2e+06,5000,0.6316,1.35
POL001259,Insured HKKJJKUQ,452319,Retail,NY,Northeast,119,11422823.77,39342412.03,32,0,1e+06,5000,1.3007,1.05
POL001260,Insured GNIWFTJW,452319,Retail,WA,West,29,3037678.65,11908447.37,8,2,1e+06,25000,1.0412,1.05
POL001261,Insured YILBZWKH,621111,Physician Offices,TX,South,15,1616623.82,3017977.58,5,1,1e+06,5000,1.2301,0.95
POL001262,Insured FPBFIZRH,236220,Construction,CA,West,37,4256990.23,13422213.98,28,0,2e+06,5000,1.0771,1.35
POL001263,Insured AIEDSCTF,452319,Retail,NY,Northeast,13,584783.1,1368244.66,17,2,1e+06,10000,0.6948,1.05
POL001264,Insured GIYQCYXW,452319,Retail,PA,Northeast,21,2447896.96,4001955.95,8,2,1e+06,2500,1.0337,1.05
POL001265,Insured GMOKXVUL,722511,Restaurants,WA,West,24,2272753.88,4481528.88,4,1,2e+06,2500,0.8095,1.15
POL001266,Insured ENROFZKK,611110,Schools,CA,West,32,1344572.01,2693566.55,12,1,2e+06,2500,1.1291,0.9
POL001267,Insured YXRMJRJC,236220,Construction,AZ,West,29,1642139,6601707.26,9,1,2e+06,5000,1.6785,1.35
POL001268,Insured KESOSPLO,541330,Engineering Services,GA,South,17,1247089.47,5110894.93,29,0,5e+06,1000,0.8225,0.85
POL001269,Insured DEKLWRFC,722511,Restaurants,AZ,West,167,8083819.52,34101079.28,11,0,2e+06,1000,0.8608,1.15
POL001270,Insured CQRNOSKH,621111,Physician Offices,GA,South,25,1351054.64,3618465.97,10,1,1e+06,10000,1.2611,0.95
POL001271,Insured CGIOGAPN,621111,Physician Offices,WA,West,6,745701.29,1649307.92,19,3,1e+06,2500,0.8672,0.95
POL001272,Insured LEIAEFHG,722511,Restaurants,AZ,West,99,11092511.09,26342298.12,10,0,1e+06,1000,0.9222,1.15
POL001273,Insured FIIEMVBB,611110,Schools,PA,Northeast,63,7060620.64,17749894.95,18,1,2e+06,2500,1.2067,0.9
POL001274,Insured RNXNJBLS,812112,Beauty Salons,CA,West,36,1872403.15,5313313.12,11,1,1e+06,25000,0.9743,1.1
POL001275,Insured ROCMVJZV,812112,Beauty Salons,CA,West,42,1642471.77,2860346.32,5,2,2e+06,2500,1.3282,1.1
POL001276,Insured QQNRGPDE,541330,Engineering Services,NY,Northeast,16,1534772.49,3570148.17,5,0,2e+06,10000,0.8987,0.85
POL001277,Insured SUGIMPNL,621111,Physician Offices,NC,South,22,2403381.34,3788613.31,12,0,1e+06,10000,1.1657,0.95
POL001278,Insured GJUKSNGP,722511,Restaurants,CA,West,20,1334919.85,3383275.48,12,0,1e+06,5000,0.9721,1.15
POL001279,Insured ZFATCZSG,236220,Construction,WA,West,11,905451.08,2819566.31,18,1,5e+06,5000,0.9423,1.35
POL001280,Insured RIXJNYOD,621111,Physician Offices,PA,Northeast,28,3055204.31,11620900.51,24,0,5e+06,5000,0.9093,0.95
POL001281,Insured ETKNFHAF,452319,Retail,GA,South,18,2014882.63,7443877.52,18,1,2e+06,1000,1.4481,1.05
POL001282,Insured GZYCXYHD,722511,Restaurants,GA,South,13,835696.98,2798219.14,12,0,1e+06,5000,1.3159,1.15
POL001283,Insured AZDFNALP,452319,Retail,TX,South,11,1046968.77,3465046.36,8,2,2e+06,5000,1.2842,1.05
POL001284,Insured IPXEJONW,621111,Physician Offices,WA,West,59,3598090.11,10221179.93,16,2,1e+06,1000,1.2451,0.95
POL001285,Insured AZEYYFCU,722511,Restaurants,AZ,West,17,1018583.27,3478242.3,21,2,1e+06,2500,1.1189,1.15
POL001286,Insured YAEGMPMZ,541330,Engineering Services,AZ,West,40,4522159.68,12654844.04,6,0,5e+06,1000,1.4687,0.85
POL001287,Insured NFUWESTQ,452319,Retail,IL,Midwest,17,742570.71,1382833.09,6,2,2e+06,5000,0.8813,1.05
POL001288,Insured GSUIQJEH,611110,Schools,WA,West,30,2496478.79,5135793.24,6,3,2e+06,1000,1.0322,0.9
POL001289,Insured YEEIXYLM,611110,Schools,FL,South,50,5336265.02,23517127.16,7,0,2e+06,1000,0.6201,0.9
POL001290,Insured SVRWIVIJ,541330,Engineering Services,NY,Northeast,127,7525959.63,18339894.34,4,0,5e+06,5000,1.0824,0.85
POL001291,Insured ZWZOIEVJ,541330,Engineering Services,NY,Northeast,17,702899.81,1475694.25,18,1,2e+06,1000,0.6998,0.85
POL001292,Insured SSESTIUP,722511,Restaurants,NY,Northeast,15,1612564.78,6755486.04,15,0,1e+06,2500,0.6013,1.15
POL001293,Insured YIAFZAMH,621111,Physician Offices,PA,Northeast,6,538682,1495299.08,19,0,2e+06,2500,1.3037,0.95
POL001294,Insured OHKAGSER,812112,Beauty Salons,TX,South,18,1180413.37,3725238.64,4,1,5e+06,2500,0.7199,1.1
POL001295,Insured USMLROTC,611110,Schools,NC,South,10,913817.82,1844237.61,12,0,1e+06,5000,1.7907,0.9
POL001296,Insured WDXFXYHP,611110,Schools,NC,South,10,1002185.7,1765572.5,12,1,2e+06,1000,1.4098,0.9
POL001297,Insured QQJITKVR,621111,Physician Offices,CA,West,41,4669590.67,13580303.91,14,0,2e+06,1000,0.7907,0.95
POL001298,Insured CQVQPRWR,611110,Schools,FL,South,105,7471859.15,30080827.06,12,0,1e+06,2500,0.8293,0.9
POL001299,Insured VMIXODZK,541330,Engineering Services,FL,South,26,2446376.77,4249815.05,25,1,2e+06,5000,1.0182,0.85
POL001300,Insured PCSRSZSB,611110,Schools,FL,South,63,6317816.6,26290936.71,11,2,2e+06,2500,0.8256,0.9
POL001301,Insured FYEUKEPT,611110,Schools,FL,South,20,1910960.35,7504833.34,25,2,1e+06,5000,1.7484,0.9
POL001302,Insured UPDAEIIZ,621111,Physician Offices,NC,South,39,3198834.67,10399842.87,6,1,2e+06,5000,0.8306,0.95
POL001303,Insured SWBKWBJB,452319,Retail,AZ,West,22,1949922.66,4218369.82,20,1,2e+06,1000,1.2193,1.05
POL001304,Insured AXTXCNMS,452319,Retail,FL,South,16,1797385.88,5332907.05,14,0,2e+06,1000,1.0731,1.05
POL001305,Insured XFEWQVQR,812112,Beauty Salons,FL,South,132,10735545.3,46732071.57,15,0,2e+06,5000,0.681,1.1
POL001306,Insured BYCCAMDB,722511,Restaurants,AZ,West,4,288809.18,729531.08,5,3,5e+06,10000,0.978,1.15
POL001307,Insured RDMLQZCS,541330,Engineering Services,NY,Northeast,18,1792436.39,7448423.3,17,0,2e+06,5000,1.1273,0.85
POL001308,Insured YHMFDYOT,722511,Restaurants,NY,Northeast,22,2042768.37,6508962.39,5,3,2e+06,2500,0.627,1.15
POL001309,Insured OFZJFZMI,541330,Engineering Services,FL,South,30,1640175.38,6489856.39,16,0,2e+06,1000,0.738,0.85
POL001310,Insured UABUMOYI,611110,Schools,NC,South,16,878591.78,2141421.66,13,1,2e+06,2500,0.9203,0.9
POL001311,Insured CCWSJQXH,611110,Schools,IL,Midwest,14,1627157.74,7034426.4,20,1,2e+06,1000,0.8515,0.9
POL001312,Insured QTSCDMUT,722511,Restaurants,GA,South,4,469050.88,1671640.82,42,0,5e+06,10000,1.0068,1.15
POL001313,Insured BENAJYDT,812112,Beauty Salons,AZ,West,48,4955259.95,15520388.91,29,2,1e+06,1000,0.7715,1.1
POL001314,Insured GZEWUJVV,541330,Engineering Services,WA,West,15,786479.07,2927717.78,9,0,2e+06,1000,1.0181,0.85
POL001315,Insured SVBYDSHJ,236220,Construction,WA,West,14,1293029.81,2024254.93,9,2,1e+06,1000,1.3982,1.35
POL001316,Insured NPRJISDL,611110,Schools,FL,South,9,1071567.1,3124708.42,12,0,2e+06,2500,0.9405,0.9
POL001317,Insured RCFFPYJP,452319,Retail,NC,South,28,3084947.14,4775636.47,9,3,2e+06,1000,1.2047,1.05
POL001318,Insured EJRZPNPS,541330,Engineering Services,PA,Northeast,14,726033.5,2142486.51,16,0,1e+06,5000,1.0033,0.85
POL001319,Insured ENEUHBVY,722511,Restaurants,FL,South,33,1649606.1,3192281.39,6,1,1e+06,10000,0.7618,1.15
POL001320,Insured ULRMDMLY,812112,Beauty Salons,NY,Northeast,25,1824345.16,3155855.63,9,2,2e+06,5000,0.9571,1.1
POL001321,Insured MVGSJPBH,611110,Schools,TX,South,11,752837.04,1228275.95,16,1,1e+06,1000,1.9455,0.9
POL001322,Insured XQFOYZVG,812112,Beauty Salons,GA,South,72,3792159.74,14812637.32,11,1,2e+06,5000,0.8521,1.1
POL001323,Insured OQYHQDYS,611110,Schools,IL,Midwest,24,2920827.7,6657530.8,6,1,1e+06,5000,1.3288,0.9
POL001324,Insured TECROGOE,812112,Beauty Salons,WA,West,15,1734409.73,3534208.96,8,0,5e+06,1000,1.4434,1.1
POL001325,Insured GEJXDYIG,812112,Beauty Salons,WA,West,24,1831184.9,7709057.93,25,0,1e+06,1000,0.7871,1.1
POL001326,Insured AMELYFKX,541330,Engineering Services,FL,South,13,1194963.38,4233460.06,19,1,2e+06,5000,1.3091,0.85
POL001327,Insured DBAWXUZE,452319,Retail,NY,Northeast,22,2022505.45,7631583.99,8,3,1e+06,1000,1.6075,1.05
POL001328,Insured IACHYODH,541330,Engineering Services,AZ,West,38,1538815.54,4084674.31,34,0,1e+06,1000,0.7237,0.85
POL001329,Insured XXZINVPV,541330,Engineering Services,WA,West,5,376208.06,988109,10,1,1e+06,2500,0.7909,0.85
POL001330,Insured YCFNXIAV,722511,Restaurants,PA,Northeast,23,2582033.46,6790213.52,11,0,2e+06,5000,0.7734,1.15
POL001331,Insured CGFEMSQM,611110,Schools,PA,Northeast,18,987242.92,2487710.14,4,1,1e+06,10000,0.8698,0.9
POL001332,Insured TYKSGSQU,541330,Engineering Services,PA,Northeast,4,174743.5,702552.96,12,1,5e+06,2500,1.3672,0.85
POL001333,Insured TXHGSZCC,722511,Restaurants,CA,West,13,1299827.06,4895554.51,25,0,5e+06,1000,1.499,1.15
POL001334,Insured KVCKVAIZ,541330,Engineering Services,NC,South,6,284041,990043.55,10,2,1e+06,2500,0.77,0.85
POL001335,Insured DSBDQWJV,722511,Restaurants,PA,Northeast,10,1191526.69,5153086.58,48,1,1e+06,5000,0.985,1.15
POL001336,Insured YYRTNNGO,611110,Schools,NC,South,125,15401370.39,41825809.04,15,0,1e+06,5000,1.5322,0.9
POL001337,Insured IEEABZRM,722511,Restaurants,NC,South,52,5060713.76,7749435.63,12,2,2e+06,5000,0.6521,1.15
POL001338,Insured INSPSEEL,722511,Restaurants,PA,Northeast,15,1166950.01,4552576.74,8,0,2e+06,2500,1.0872,1.15
POL001339,Insured WTPPZQJK,611110,Schools,NY,Northeast,21,1739735.91,2935647.07,13,1,5e+06,2500,1.4073,0.9
POL001340,Insured CNHYOBQK,812112,Beauty Salons,FL,South,21,1370131.79,2732101.54,20,1,1e+06,5000,1.1192,1.1
POL001341,Insured VKVUCPYR,611110,Schools,TX,South,189,13795253.95,44174963.63,28,0,2e+06,1000,1.2949,0.9
POL001342,Insured AMFPLKBZ,452319,Retail,PA,Northeast,30,3074008.02,9097244.02,8,3,1e+06,1000,0.7277,1.05
POL001343,Insured AILYYJGV,452319,Retail,FL,South,52,5443628.81,21839394.37,16,1,1e+06,1000,0.5747,1.05
POL001344,Insured IDVJYDQK,611110,Schools,GA,South,24,916325.44,1988121.95,5,1,1e+06,2500,0.8821,0.9
POL001345,Insured DUTHCSUR,812112,Beauty Salons,WA,West,6,578171.21,2598840.62,22,3,2e+06,5000,0.7909,1.1
POL001346,Insured TPWSJILS,812112,Beauty Salons,TX,South,64,6561808.51,26915556.21,15,1,1e+06,5000,1.011,1.1
POL001347,Insured YXZTGAQC,541330,Engineering Services,NC,South,35,3730813.09,7041032.94,8,0,5e+06,1000,0.6994,0.85
POL001348,Insured DTNTAAGV,812112,Beauty Salons,IL,Midwest,25,1584226.38,2557763.17,29,1,2e+06,2500,1.0348,1.1
POL001349,Insured XXOVQGHZ,452319,Retail,IL,Midwest,25,1620024.45,3259161.41,16,1,1e+06,5000,0.6554,1.05
POL001350,Insured BPKETHJW,611110,Schools,WA,West,29,2448578.19,4870692.57,12,0,5e+06,5000,1.3193,0.9
POL001351,Insured OZKXGHFY,236220,Construction,AZ,West,18,1645674.4,2532279.81,11,2,5e+06,5000,0.8929,1.35
POL001352,Insured BKZWNEKQ,452319,Retail,CA,West,8,809590.3,3065764.02,12,2,1e+06,1000,1.4347,1.05
POL001353,Insured IYVUZZQU,621111,Physician Offices,CA,West,54,4933255.8,14481885.78,15,2,1e+06,5000,1.1905,0.95
POL001354,Insured DFRNXNVG,722511,Restaurants,GA,South,88,8847450.7,30971457.57,18,0,2e+06,2500,1.3939,1.15
POL001355,Insured XVMZNBVT,541330,Engineering Services,NC,South,16,1449546.93,3102434.07,13,0,5e+06,2500,0.6459,0.85
POL001356,Insured NJZKDXJK,611110,Schools,NY,Northeast,23,1031271.8,4461376.53,25,2,5e+06,25000,0.8231,0.9
POL001357,Insured EMUNVUPA,611110,Schools,AZ,West,29,2547930.21,10192469.78,16,0,2e+06,5000,1.3677,0.9
POL001358,Insured OWPJFPQU,812112,Beauty Salons,IL,Midwest,20,2350349.03,8649871.87,11,1,5e+06,5000,1.2477,1.1
POL001359,Insured LREURNRW,452319,Retail,PA,Northeast,14,1660973.11,6016507.52,32,1,2e+06,10000,1.2099,1.05
POL001360,Insured QDTCAKGF,452319,Retail,IL,Midwest,583,45099260.98,148314301.47,7,1,2e+06,2500,1.0117,1.05
POL001361,Insured HARVFNUP,621111,Physician Offices,WA,West,66,2925746.65,6635608.89,12,0,2e+06,2500,1.124,0.95
POL001362,Insured EUGDNNXB,611110,Schools,PA,Northeast,57,6423265.71,18637178.04,14,1,1e+06,2500,1.0424,0.9
POL001363,Insured AZUWCMJZ,621111,Physician Offices,NY,Northeast,40,1861158.4,7153515.68,5,0,2e+06,25000,1.9143,0.95
POL001364,Insured SHTTMYQU,722511,Restaurants,FL,South,33,3940667.26,11270249.99,44,1,2e+06,10000,1.2903,1.15
POL001365,Insured JXZKCNLH,621111,Physician Offices,NC,South,19,2080859.58,8618589.16,7,1,1e+06,1000,0.7664,0.95
POL001366,Insured WYFZTPOV,621111,Physician Offices,AZ,West,21,1680367.06,6227944.88,3,0,1e+06,2500,1.4271,0.95
POL001367,Insured UPFUKIAY,611110,Schools,TX,South,88,10864501.24,23024191.32,31,0,2e+06,1000,1.2285,0.9
POL001368,Insured ZLNBTZKM,452319,Retail,AZ,West,28,2332415.76,9285609.85,8,1,1e+06,1000,0.8692,1.05
POL001369,Insured EJMJVWPS,621111,Physician Offices,NY,Northeast,23,2550344.81,10171142.26,63,0,2e+06,1000,0.8626,0.95
POL001370,Insured HBEWWYNI,812112,Beauty Salons,PA,Northeast,12,1143920.83,2981054.28,18,2,2e+06,10000,0.6336,1.1
POL001371,Insured UIODLWZR,236220,Construction,NC,South,28,1329607.29,5337884.94,8,1,2e+06,1000,1.2144,1.35
POL001372,Insured LYYNYIKY,611110,Schools,FL,South,16,1674656.78,6765984.47,13,2,2e+06,1000,0.9381,0.9
POL001373,Insured AYLMFDPH,621111,Physician Offices,NY,Northeast,11,543770.63,1614370.03,27,0,1e+06,2500,1.3814,0.95
POL001374,Insured YACGUFSH,541330,Engineering Services,GA,South,34,3387662,13611115.54,25,0,1e+06,2500,1.8283,0.85
POL001375,Insured SEXTZEEE,452319,Retail,CA,West,10,402049.93,1292330.77,17,0,1e+06,1000,1.2403,1.05
POL001376,Insured KPNLRIGF,611110,Schools,FL,South,18,1890097.09,7671636.8,26,1,2e+06,5000,1.1386,0.9
POL001377,Insured HEKXDYCQ,611110,Schools,AZ,West,80,9898273.01,19918030.41,9,0,5e+06,1000,1.3506,0.9
POL001378,Insured LXOJMDLX,812112,Beauty Salons,NC,South,33,2251345.86,6308888.86,7,1,2e+06,5000,0.9065,1.1
POL001379,Insured QSUEAMTF,722511,Restaurants,NC,South,78,3845127.19,17216855.97,13,1,1e+06,2500,1.3582,1.15
POL001380,Insured PWGZLYBI,722511,Restaurants,WA,West,29,2320328.27,5025040.36,5,0,1e+06,5000,0.9293,1.15
POL001381,Insured BPVWWIXC,541330,Engineering Services,PA,Northeast,15,585887.25,1116698.32,13,2,1e+06,1000,0.8966,0.85
POL001382,Insured PUGQPMAY,621111,Physician Offices,GA,South,13,1431856.1,5131743.51,27,1,2e+06,2500,0.7749,0.95
POL001383,Insured KRRBIFHR,812112,Beauty Salons,NC,South,33,3929891.53,15129254.25,8,1,5e+06,2500,0.8959,1.1
POL001384,Insured NRLDLDBQ,541330,Engineering Services,WA,West,8,828024.31,3624616.76,11,0,1e+06,1000,1.0329,0.85
POL001385,Insured RZVSUWXC,452319,Retail,NC,South,19,1313862.35,2964601.39,6,2,2e+06,5000,0.9493,1.05
POL001386,Insured MEPUNZJR,722511,Restaurants,GA,South,20,913949.87,3477370.8,25,2,2e+06,10000,0.8971,1.15
POL001387,Insured TWETCWUW,236220,Construction,AZ,West,20,1938940.89,4748976.1,4,1,1e+06,10000,1.6111,1.35
POL001388,Insured VBVCFIBT,621111,Physician Offices,CA,West,60,6883685.51,26315990.24,7,2,2e+06,2500,1.0571,0.95
POL001389,Insured QEGDYCMK,812112,Beauty Salons,NC,South,16,1242008.03,4275820.44,12,1,5e+06,5000,1.0569,1.1
POL001390,Insured WAHAEXZG,236220,Construction,NC,South,12,1191877.97,3569505.37,20,1,2e+06,2500,1.1796,1.35
POL001391,Insured BSYMUWBQ,611110,Schools,WA,West,11,479365.44,956873.43,13,1,2e+06,2500,0.8213,0.9
POL001392,Insured FLQZLAMN,621111,Physician Offices,FL,South,37,2649633.83,7139203.19,9,0,1e+06,5000,0.9107,0.95
POL001393,Insured TWFUWIAS,621111,Physician Offices,CA,West,5,476626.11,1941674.01,13,0,1e+06,10000,1.0303,0.95
POL001394,Insured OCCIYSYU,236220,Construction,PA,Northeast,8,736651.68,2047657.22,37,0,5e+06,2500,1.1959,1.35
POL001395,Insured KTLEIKLF,236220,Construction,TX,South,32,2640813.73,9610039.51,15,1,2e+06,10000,0.9176,1.35
POL001396,Insured CQOHBIJD,236220,Construction,PA,Northeast,11,894557.13,3094180.75,8,0,5e+06,1000,1.0705,1.35
POL001397,Insured TWJMACBA,722511,Restaurants,NY,Northeast,26,3179766.45,13407749.08,13,0,5e+06,10000,1.1378,1.15
POL001398,Insured ZFYEVQLF,621111,Physician Offices,FL,South,22,1638925.99,7077038.29,12,1,2e+06,5000,1.1461,0.95
POL001399,Insured VNISDTJX,452319,Retail,WA,West,47,5195806.32,22393263.29,15,1,1e+06,10000,0.8463,1.05
POL001400,Insured YSPPUNIK,722511,Restaurants,NY,Northeast,39,2462244.26,10991505.47,9,1,1e+06,5000,0.7391,1.15
POL001401,Insured MRWMGVFC,541330,Engineering Services,CA,West,17,1455131.25,6364426.84,15,0,1e+06,2500,1.0287,0.85
POL001402,Insured VOIAGMRI,541330,Engineering Services,TX,South,16,1189739.14,3639213.8,24,1,1e+06,5000,1.542,0.85
POL001403,Insured SHMFVZNR,621111,Physician Offices,NY,Northeast,16,1418169.66,4375129.54,8,0,1e+06,10000,1.3541,0.95
POL001404,Insured DSEUKTDM,541330,Engineering Services,TX,South,34,2428619.19,9009684.71,3,1,2e+06,1000,0.8398,0.85
POL001405,Insured PSWGAXFM,541330,Engineering Services,PA,Northeast,24,1337903.39,5584442.84,11,1,1e+06,2500,0.8259,0.85
POL001406,Insured WLQWDVBP,812112,Beauty Salons,CA,West,92,5959317.12,22365119.28,20,0,1e+06,2500,0.5242,1.1
POL001407,Insured HFNMRAUI,611110,Schools,WA,West,8,900260.89,2104345.03,10,0,1e+06,1000,1.5123,0.9
POL001408,Insured ARHYVZAW,236220,Construction,GA,South,9,924310.33,3188933.95,48,3,1e+06,5000,1.207,1.35
POL001409,Insured HRUXUYZJ,722511,Restaurants,GA,South,12,484544.71,1319845.64,5,2,2e+06,2500,1.938,1.15
POL001410,Insured VBWLFOUX,541330,Engineering Services,TX,South,408,26156430.1,80236542.82,3,1,2e+06,1000,1.9977,0.85
POL001411,Insured YEKHCTYZ,541330,Engineering Services,NC,South,25,2660147.9,7711291.77,9,1,1e+06,5000,1.0507,0.85
POL001412,Insured SHIPHOCP,611110,Schools,NC,South,33,4091625.84,16066335.63,6,1,2e+06,1000,0.6351,0.9
POL001413,Insured XFJDFRUC,541330,Engineering Services,IL,Midwest,11,1002783.85,3392864.9,7,2,2e+06,2500,0.9122,0.85
POL001414,Insured CMOGXQIQ,611110,Schools,FL,South,22,1309732.65,5591016.05,18,0,5e+06,10000,0.8843,0.9
POL001415,Insured YFQQSSDE,236220,Construction,AZ,West,61,5565026.18,12440721.03,19,2,1e+06,10000,1.2076,1.35
POL001416,Insured DZVVNRAV,812112,Beauty Salons,GA,South,5,439299.67,1884486.78,19,2,1e+06,10000,0.4941,1.1
POL001417,Insured AEHXFUJJ,722511,Restaurants,PA,Northeast,17,1999249.35,8966356.05,2,1,2e+06,1000,1.4459,1.15
POL001418,Insured MPJEZVEZ,236220,Construction,WA,West,10,791269.69,1443736.56,13,1,1e+06,10000,0.6368,1.35
POL001419,Insured QBHBQXKT,722511,Restaurants,WA,West,31,2899269.25,9285766.11,9,0,5e+06,5000,1.066,1.15
POL001420,Insured ALDERRFM,611110,Schools,CA,West,50,5486060.9,8294050.98,9,1,2e+06,5000,1.2842,0.9
POL001421,Insured PAPEFDQS,611110,Schools,IL,Midwest,12,1353275.09,4685504.69,12,4,5e+06,25000,0.6509,0.9
POL001422,Insured TPNRVDXM,621111,Physician Offices,TX,South,16,655057.68,2076666.94,8,0,1e+06,2500,1.3492,0.95
POL001423,Insured OGMRBWNZ,621111,Physician Offices,NC,South,16,1738265.98,4220315.82,4,2,1e+06,25000,1.207,0.95
POL001424,Insured MUTHTRDU,541330,Engineering Services,AZ,West,48,5033136.59,14334094.24,22,2,1e+06,2500,1.0016,0.85
POL001425,Insured HIKTJBXY,236220,Construction,NC,South,17,773384.7,3089643.06,10,0,1e+06,1000,1.012,1.35
POL001426,Insured DVJKEBNI,611110,Schools,NC,South,75,5197311.43,10921357.35,5,2,1e+06,5000,1.3245,0.9
POL001427,Insured OJQDEOUR,236220,Construction,NC,South,17,884386.89,2209065.65,4,1,1e+06,1000,1.4221,1.35
POL001428,Insured FTZFJVLG,541330,Engineering Services,FL,South,82,4632144.38,7485194.73,28,2,1e+06,10000,0.8436,0.85
POL001429,Insured JMLXOQSZ,541330,Engineering Services,CA,West,27,1793973.63,7219228.67,12,0,2e+06,10000,0.7784,0.85
POL001430,Insured KBNIINDF,611110,Schools,AZ,West,24,2479420.69,4196463.07,26,1,2e+06,2500,0.761,0.9
POL001431,Insured YBTZRGVA,236220,Construction,GA,South,20,2065974.92,8482292.16,28,0,1e+06,5000,0.5894,1.35
POL001432,Insured CJTTLLJL,812112,Beauty Salons,GA,South,24,2401229.9,5843374.23,7,1,2e+06,10000,0.9881,1.1
POL001433,Insured BDWTBVNG,611110,Schools,GA,South,45,2579551.32,7249075.88,7,1,2e+06,25000,1,0.9
POL001434,Insured XWRMTWCF,611110,Schools,WA,West,53,5769652.49,20241754.87,21,1,2e+06,2500,1.3358,0.9
POL001435,Insured NBUMDYSC,541330,Engineering Services,GA,South,26,1324184.7,4324311.58,10,0,1e+06,5000,1.0145,0.85
POL001436,Insured XNZJSXYE,236220,Construction,GA,South,29,2064069.06,6781105.81,11,1,1e+06,2500,1.3608,1.35
POL001437,Insured PIQKYFNO,812112,Beauty Salons,PA,Northeast,14,1400450.42,6066008.18,22,1,1e+06,2500,1.4827,1.1
POL001438,Insured DHYUNXXO,812112,Beauty Salons,IL,Midwest,24,1399648.37,4894620.33,9,0,2e+06,2500,0.9191,1.1
POL001439,Insured HQQHVQJF,452319,Retail,AZ,West,33,2480184.94,8237249.34,12,3,2e+06,1000,1.0031,1.05
POL001440,Insured NAQZRTIX,236220,Construction,CA,West,11,1102472.7,4298995.49,6,0,2e+06,2500,0.7318,1.35
POL001441,Insured ZCFLSHNT,812112,Beauty Salons,TX,South,29,1201681.1,5332018.76,16,1,5e+06,5000,1.6472,1.1
POL001442,Insured NGEFPDDE,611110,Schools,NY,Northeast,15,839213.35,3610566.58,17,1,1e+06,5000,0.5801,0.9
POL001443,Insured QTSZAKWA,611110,Schools,GA,South,40,4131071.72,9645984.93,23,2,1e+06,2500,1.1472,0.9
POL001444,Insured XPRBEHMB,236220,Construction,IL,Midwest,15,1653841.7,5437930.7,24,2,1e+06,10000,0.7968,1.35
POL001445,Insured BUQJITOB,236220,Construction,CA,West,32,2372584.19,6247341.16,2,0,1e+06,1000,0.8071,1.35
POL001446,Insured RYUMERYI,621111,Physician Offices,CA,West,24,2045629.79,8552831.58,13,1,2e+06,5000,0.9577,0.95
POL001447,Insured ISGURSLD,812112,Beauty Salons,NC,South,39,3496940.93,14815216.19,18,1,5e+06,1000,0.5763,1.1
POL001448,Insured KKPRNAMV,611110,Schools,GA,South,13,662219.25,2769068.74,7,2,2e+06,1000,0.8722,0.9
POL001449,Insured VSDGHCSD,452319,Retail,IL,Midwest,41,2152859.76,4202115.55,20,1,1e+06,10000,0.6765,1.05
POL001450,Insured LIFXXQGQ,611110,Schools,IL,Midwest,14,1074621.55,4589646.63,6,1,1e+06,25000,1.629,0.9
POL001451,Insured TDGYLEDP,812112,Beauty Salons,CA,West,28,1498243.08,2330841.36,2,1,1e+06,1000,0.817,1.1
POL001452,Insured AXWFYDEN,722511,Restaurants,CA,West,21,2250190.59,6379666.58,10,0,1e+06,5000,0.9449,1.15
POL001453,Insured PFDNMUYD,541330,Engineering Services,GA,South,29,2042160.83,5786031.57,10,0,1e+06,2500,1.7649,0.85
POL001454,Insured MGUZDHWT,541330,Engineering Services,IL,Midwest,36,3507131.1,10869669.64,46,0,1e+06,2500,0.8682,0.85
POL001455,Insured TVBYYZNZ,541330,Engineering Services,PA,Northeast,12,474666.47,1855757.55,6,1,1e+06,10000,0.7517,0.85
POL001456,Insured IQMADAPW,611110,Schools,TX,South,24,1649555.46,3767458.2,5,0,5e+06,5000,1.0852,0.9
POL001457,Insured HXMPUJDM,722511,Restaurants,NC,South,6,395663.27,722135.69,12,2,1e+06,10000,1.2977,1.15
POL001458,Insured MTBSKTPD,452319,Retail,CA,West,15,1292188.96,5048824.99,6,2,1e+06,1000,0.9216,1.05
POL001459,Insured PGAFMNKJ,611110,Schools,FL,South,13,751349.73,2882147.52,7,0,1e+06,10000,0.8487,0.9
POL001460,Insured IHMYURUG,236220,Construction,NC,South,19,1733540.26,7436358.51,15,3,5e+06,25000,1.5966,1.35
POL001461,Insured EWQNRCCH,812112,Beauty Salons,AZ,West,67,6864458.85,24692504.72,9,1,1e+06,10000,1.4443,1.1
POL001462,Insured BSZLKUMY,541330,Engineering Services,WA,West,122,8581473.8,34887809.67,8,3,2e+06,5000,1.3504,0.85
POL001463,Insured LAXHGEYX,722511,Restaurants,TX,South,11,810580.38,1382411.51,16,3,2e+06,2500,0.7944,1.15
POL001464,Insured OKACZXUP,541330,Engineering Services,PA,Northeast,8,715109.59,2268552.58,54,0,1e+06,5000,0.9169,0.85
POL001465,Insured GQWDXLCX,621111,Physician Offices,NC,South,35,4130126.13,11247911.58,22,0,2e+06,2500,1.5075,0.95
POL001466,Insured SIVFVRET,236220,Construction,NY,Northeast,27,3095961.24,11330592,10,3,1e+06,10000,0.7709,1.35
POL001467,Insured LWRBIEBD,236220,Construction,IL,Midwest,10,672048.69,1300964.32,6,1,1e+06,2500,0.8566,1.35
POL001468,Insured MCLKZACM,452319,Retail,NC,South,31,2672035.01,4295120.02,14,0,1e+06,10000,0.6963,1.05
POL001469,Insured ZJXVHNTZ,236220,Construction,CA,West,16,892040.18,2956198.84,17,1,1e+06,5000,1.0542,1.35
POL001470,Insured LQNNQYDV,236220,Construction,PA,Northeast,11,1046133.21,2390543.86,12,2,1e+06,10000,0.9803,1.35
POL001471,Insured ZOISFGWU,541330,Engineering Services,NC,South,23,967330.65,1904923.34,14,0,1e+06,2500,1.1774,0.85
POL001472,Insured CUUXTBHK,541330,Engineering Services,CA,West,24,2477829.27,8190618.46,5,3,5e+06,5000,1.1914,0.85
POL001473,Insured ENFCPZEP,722511,Restaurants,PA,Northeast,42,3696550.15,15190918.83,5,0,2e+06,2500,0.6106,1.15
POL001474,Insured NXAKKEMN,236220,Construction,GA,South,23,1010767.87,2278262.87,9,2,1e+06,5000,1.2154,1.35
POL001475,Insured ZLQTHNDJ,812112,Beauty Salons,WA,West,23,2820713.23,6818409.19,12,1,1e+06,5000,0.4716,1.1
POL001476,Insured BFIPDXCX,722511,Restaurants,TX,South,12,1121711.81,4348998.82,12,1,1e+06,1000,0.9401,1.15
POL001477,Insured TSFVBYKQ,722511,Restaurants,NC,South,98,5744482.14,11968981.81,22,2,2e+06,2500,1.2547,1.15
POL001478,Insured JJDAWJXF,812112,Beauty Salons,PA,Northeast,43,5033149.38,15539987.28,15,1,1e+06,1000,0.8372,1.1
POL001479,Insured QQUOXQSJ,722511,Restaurants,CA,West,13,1084234.31,3100878.02,6,0,2e+06,1000,1.4053,1.15
POL001480,Insured PRUMWJMD,611110,Schools,GA,South,32,3486251.27,10507045.12,7,0,1e+06,5000,1.3187,0.9
POL001481,Insured TICHUTPM,452319,Retail,GA,South,22,911827.64,1799546.99,5,1,1e+06,1000,0.6204,1.05
POL001482,Insured KQWREQOW,236220,Construction,CA,West,13,1065183.66,3808111.54,5,1,1e+06,1000,0.9139,1.35
POL001483,Insured ERXZXQTY,236220,Construction,NY,Northeast,11,1209894.13,4305612.64,20,2,1e+06,1000,1.2737,1.35
POL001484,Insured ENJIUOTP,722511,Restaurants,AZ,West,9,498177.41,871885.75,10,4,2e+06,10000,0.8381,1.15
POL001485,Insured VSFSLYSA,236220,Construction,NC,South,83,6407135.53,22680137.76,14,2,2e+06,2500,1.1063,1.35
POL001486,Insured ZDUJDIXY,236220,Construction,IL,Midwest,70,5683463.94,24005720.27,14,1,1e+06,10000,1.099,1.35
POL001487,Insured ZLMKCWBS,541330,Engineering Services,NY,Northeast,24,2351505.4,3822108.76,7,0,2e+06,2500,1.0246,0.85
POL001488,Insured NPFJZQYC,236220,Construction,AZ,West,57,3164583.7,9584769.42,8,3,1e+06,2500,1.0371,1.35
POL001489,Insured TVTAWYKG,541330,Engineering Services,PA,Northeast,17,1509193.44,3623957.61,20,1,1e+06,1000,1.0044,0.85
POL001490,Insured FQUORMNX,236220,Construction,IL,Midwest,22,1831184.74,3552947.15,15,0,5e+06,5000,0.6371,1.35
POL001491,Insured NPYVRWVP,722511,Restaurants,WA,West,18,1549815.16,5688987.15,17,1,1e+06,1000,0.5384,1.15
POL001492,Insured SXQTGAZV,452319,Retail,PA,Northeast,15,1117909.94,2524663.73,11,0,1e+06,5000,1.1122,1.05
POL001493,Insured MHCOXOON,541330,Engineering Services,WA,West,47,3149723.5,7500291.95,77,0,1e+06,1000,1.4401,0.85
POL001494,Insured SNDUZRHT,621111,Physician Offices,GA,South,34,2364830.9,8309187.58,10,1,1e+06,5000,0.8385,0.95
POL001495,Insured IDMTXLJB,812112,Beauty Salons,CA,West,4,320808.44,603103.14,35,0,5e+06,1000,0.9381,1.1
POL001496,Insured FUZFOYLF,621111,Physician Offices,NC,South,50,5106342.13,21064445.67,11,0,2e+06,2500,0.8209,0.95
POL001497,Insured TKVAZBTA,541330,Engineering Services,FL,South,47,3403268.57,8557412.79,12,1,2e+06,5000,1.5186,0.85
POL001498,Insured XELXOKMN,722511,Restaurants,IL,Midwest,39,2765635.66,5659894.48,13,1,5e+06,10000,0.6972,1.15
POL001499,Insured FUDGGXBN,722511,Restaurants,AZ,West,111,7431837.61,32875116.34,4,2,1e+06,2500,1.0638,1.15
POL001500,Insured GQPIWDPU,812112,Beauty Salons,IL,Midwest,29,3236820.65,11572387.08,7,0,1e+06,2500,0.9381,1.1
POL001501,Insured QCXEVKKE,722511,Restaurants,NC,South,49,1979122.44,6059356.8,15,0,2e+06,5000,1.2248,1.15
POL001502,Insured VIFRCFAU,621111,Physician Offices,CA,West,38,2459366.74,6424750.75,21,0,2e+06,5000,1.2771,0.95
POL001503,Insured PFXWADNL,812112,Beauty Salons,FL,South,101,4645968.39,12774429.29,18,1,1e+06,1000,0.8004,1.1
POL001504,Insured CPBSQIJD,452319,Retail,AZ,West,80,5987443.9,18892398.01,13,1,1e+06,1000,0.7991,1.05
POL001505,Insured OGPSQYJC,236220,Construction,NY,Northeast,26,2116548.81,6520998.34,20,1,1e+06,5000,1.5688,1.35
POL001506,Insured DCFEQPXH,236220,Construction,NY,Northeast,117,11389353.95,25039883.24,6,1,2e+06,5000,0.694,1.35
POL001507,Insured DMKBTGKP,621111,Physician Offices,CA,West,31,3456615.61,9152810.95,17,0,1e+06,10000,1.0965,0.95
POL001508,Insured SCDNZOJA,236220,Construction,WA,West,88,6671974.82,17182648.96,9,2,2e+06,10000,0.6539,1.35
POL001509,Insured YXZHOCBS,621111,Physician Offices,TX,South,42,2230740.86,8365236.28,38,2,2e+06,2500,1.2239,0.95
POL001510,Insured KORAORQL,812112,Beauty Salons,GA,South,60,4687413.55,15158957.94,11,2,1e+06,2500,0.8215,1.1
POL001511,Insured FMAWWKGM,722511,Restaurants,TX,South,18,1888232.91,4911925.36,17,1,2e+06,2500,1.0439,1.15
POL001512,Insured FCUTDXGK,812112,Beauty Salons,IL,Midwest,5,314449.23,756375.42,7,2,1e+06,10000,1.6177,1.1
POL001513,Insured BEAQIKJE,452319,Retail,NC,South,22,2314884.9,9989747.18,8,1,2e+06,2500,0.9053,1.05
POL001514,Insured WFVCCHRU,541330,Engineering Services,CA,West,8,953837.16,2314561.18,6,2,2e+06,2500,1.1567,0.85
POL001515,Insured HPYGAEBS,541330,Engineering Services,AZ,West,44,3678911.97,5560217.27,2,0,1e+06,1000,0.7953,0.85
POL001516,Insured QZYSVZDK,812112,Beauty Salons,TX,South,27,1893766.6,4143398.98,17,0,2e+06,1000,1.0067,1.1
POL001517,Insured JIIXPCIU,236220,Construction,FL,South,8,382324.38,815443.4,6,2,5e+06,5000,0.8152,1.35
POL001518,Insured REQEGHOW,236220,Construction,FL,South,14,647569.18,2664022.81,8,1,1e+06,5000,0.9539,1.35
POL001519,Insured AKJVXBZN,236220,Construction,GA,South,15,1827098.8,7150126.45,13,0,1e+06,10000,0.8895,1.35
POL001520,Insured ZTIQSDPI,722511,Restaurants,WA,West,27,2567975.09,4613992.34,12,2,5e+06,10000,0.9262,1.15
POL001521,Insured ZYGAEDIV,611110,Schools,GA,South,17,896184.3,4016991.12,8,2,1e+06,5000,0.7367,0.9
POL001522,Insured KOFOLUAJ,236220,Construction,FL,South,23,1775772.95,2838635.82,9,1,2e+06,5000,1.0184,1.35
POL001523,Insured JCIORKSZ,722511,Restaurants,NY,Northeast,11,852299.86,3375839.2,22,0,2e+06,5000,0.5029,1.15
POL001524,Insured PBAUMFFN,722511,Restaurants,WA,West,11,793990.26,2256938.42,16,0,1e+06,1000,1.1139,1.15
POL001525,Insured MECJZHGL,722511,Restaurants,IL,Midwest,97,8543924.42,14592692.82,15,5,1e+06,1000,0.702,1.15
POL001526,Insured VUTJEMDU,236220,Construction,PA,Northeast,13,1414812.02,2691502.41,10,1,1e+06,5000,0.888,1.35
POL001527,Insured TOBECYWT,722511,Restaurants,WA,West,46,4951473.01,21643218.56,13,1,2e+06,2500,1.2253,1.15
POL001528,Insured PGLGTLUT,812112,Beauty Salons,NC,South,61,6068582.81,16549610.1,7,2,1e+06,1000,1.3756,1.1
POL001529,Insured DTYXANOW,621111,Physician Offices,FL,South,30,2276758.55,5449544.59,16,0,1e+06,1000,1.1241,0.95
POL001530,Insured AWRFSMHP,812112,Beauty Salons,WA,West,44,1882891.14,6577810.86,18,2,1e+06,10000,0.796,1.1
POL001531,Insured KCIYYIVG,236220,Construction,IL,Midwest,13,673402.75,1067459.9,24,1,2e+06,10000,1.4124,1.35
POL001532,Insured WVORCAVO,722511,Restaurants,FL,South,7,647547.98,2777765.87,19,2,1e+06,10000,1.1243,1.15
POL001533,Insured NNBFYTJU,541330,Engineering Services,FL,South,51,2287813.24,5363227.56,13,0,1e+06,1000,1.0855,0.85
POL001534,Insured RTLSFZAH,452319,Retail,WA,West,17,1965185.03,3558482.48,11,2,1e+06,2500,0.9767,1.05
POL001535,Insured JMGWIKHZ,611110,Schools,PA,Northeast,7,655760.53,1848756.65,26,1,1e+06,1000,1.7054,0.9
POL001536,Insured UTWPYHEM,236220,Construction,NY,Northeast,73,8816041.22,28558662.49,6,3,5e+06,2500,0.8736,1.35
POL001537,Insured GTBHOZCW,541330,Engineering Services,WA,West,14,1721611.4,5913383.53,4,0,2e+06,5000,1.1672,0.85
POL001538,Insured EOJCFASB,452319,Retail,PA,Northeast,9,379118.94,631691.97,21,0,1e+06,1000,0.4246,1.05
POL001539,Insured KNQGBHGV,812112,Beauty Salons,AZ,West,104,9473219.71,27209591.7,17,0,1e+06,2500,1.2842,1.1
POL001540,Insured YDXIZYOA,611110,Schools,FL,South,43,1826583.12,3654665.02,4,1,2e+06,5000,0.5768,0.9
POL001541,Insured FPLYCWCM,621111,Physician Offices,CA,West,60,3019709.53,6053060.76,15,0,1e+06,25000,0.4633,0.95
POL001542,Insured DORETJWZ,452319,Retail,TX,South,13,1004221.95,4202448.12,16,0,5e+06,2500,0.7406,1.05
POL001543,Insured PICXBXRI,812112,Beauty Salons,TX,South,30,2024660.29,6625861.1,18,2,1e+06,5000,1.2699,1.1
POL001544,Insured SVOYSZNY,812112,Beauty Salons,NC,South,13,865250.12,2876266.03,22,2,1e+06,5000,1.1712,1.1
POL001545,Insured XNKRFRIJ,621111,Physician Offices,NC,South,61,6756296.8,27361770.78,18,0,5e+06,2500,1.1216,0.95
POL001546,Insured UDWGMAGB,452319,Retail,NC,South,38,4638410.96,15278794.16,18,2,1e+06,25000,0.8504,1.05
POL001547,Insured CSDQNRAU,541330,Engineering Services,WA,West,80,7822743.06,14766355.02,9,0,5e+06,5000,1.1746,0.85
POL001548,Insured ISBSQQKG,541330,Engineering Services,CA,West,50,2969075.14,11550103.79,7,1,1e+06,2500,0.72,0.85
POL001549,Insured LYQDDHAG,541330,Engineering Services,CA,West,13,1349373.41,5851575.04,8,0,5e+06,10000,1.3579,0.85
POL001550,Insured XNOGYTWG,722511,Restaurants,WA,West,43,2004945.69,6977968.41,44,0,2e+06,1000,1.1217,1.15
POL001551,Insured YUMGNUNL,452319,Retail,CA,West,28,1174034.99,4705188.61,17,3,1e+06,5000,1.4041,1.05
POL001552,Insured CKDSSTYM,722511,Restaurants,IL,Midwest,58,3905513.66,13459726.87,18,2,1e+06,2500,0.7849,1.15
POL001553,Insured RERRKVEF,611110,Schools,TX,South,24,1908320.64,3769704.25,6,2,1e+06,1000,1.0593,0.9
POL001554,Insured HWYYGXDN,611110,Schools,NY,Northeast,76,4733037.51,11825820.68,23,0,2e+06,5000,0.8941,0.9
POL001555,Insured IHAMSIVP,236220,Construction,WA,West,39,3643154.98,9517145.06,10,0,1e+06,2500,0.7223,1.35
POL001556,Insured PZHKWQWJ,236220,Construction,WA,West,36,3921466.97,15623652.38,6,0,1e+06,5000,0.5528,1.35
POL001557,Insured QNKPLKJL,236220,Construction,GA,South,176,16819688.61,60835582.65,10,0,2e+06,2500,1.0667,1.35
POL001558,Insured LIRSXQIY,236220,Construction,IL,Midwest,10,1220796.08,2970099.26,2,1,2e+06,10000,0.5732,1.35
POL001559,Insured GZSKUSCI,621111,Physician Offices,PA,Northeast,199,24285009.89,100548067.95,24,1,2e+06,2500,0.8093,0.95
POL001560,Insured WUOPOPNB,452319,Retail,IL,Midwest,7,545202.84,1977870.01,29,2,2e+06,1000,0.6988,1.05
POL001561,Insured CVZEFEPW,812112,Beauty Salons,IL,Midwest,55,5284325.76,12968540,19,1,5e+06,1000,0.7047,1.1
POL001562,Insured IAHLCGMV,812112,Beauty Salons,WA,West,16,1561472.02,6730912.93,6,4,1e+06,10000,0.7703,1.1
POL001563,Insured USQMIKXM,452319,Retail,FL,South,30,1766114.99,5163267.24,15,2,2e+06,2500,1.436,1.05
POL001564,Insured XMAHDNUY,812112,Beauty Salons,AZ,West,32,2945481.89,11221566.06,3,1,2e+06,2500,1.644,1.1
POL001565,Insured SVBYQYRO,722511,Restaurants,IL,Midwest,8,418227.91,1215192.77,7,4,2e+06,5000,1.1889,1.15
POL001566,Insured YEQAFHXK,541330,Engineering Services,IL,Midwest,128,8450701.21,25822432.5,12,2,1e+06,25000,1.2034,0.85
POL001567,Insured TBPNJBAD,541330,Engineering Services,PA,Northeast,24,1733472.63,7170142.77,15,3,5e+06,2500,0.6031,0.85
POL001568,Insured VVDGRMAW,611110,Schools,NY,Northeast,35,4301758.82,8635236.43,24,1,1e+06,2500,1.3713,0.9
POL001569,Insured EHIPUPQV,621111,Physician Offices,TX,South,55,5539020.87,22351944.52,16,0,2e+06,5000,1.3846,0.95
POL001570,Insured TABIHYXR,541330,Engineering Services,NY,Northeast,78,5630113.26,12701104.95,13,2,1e+06,1000,1.0105,0.85
POL001571,Insured AOPCEQKX,452319,Retail,GA,South,73,5520427.78,8984400.02,13,2,2e+06,2500,0.6209,1.05
POL001572,Insured EHYRQMVG,621111,Physician Offices,TX,South,55,2247405.41,6801640.23,19,1,2e+06,10000,0.763,0.95
POL001573,Insured XIMQUEPF,621111,Physician Offices,FL,South,16,1346495.04,4047972.67,12,1,1e+06,1000,0.9965,0.95
POL001574,Insured MAAUNSMH,236220,Construction,AZ,West,16,1760861.01,3859386.58,20,2,5e+06,2500,1.9781,1.35
POL001575,Insured KSKHIFUP,452319,Retail,PA,Northeast,5,474267.33,1189152.72,12,3,1e+06,25000,1.6058,1.05
POL001576,Insured HWUSALLL,722511,Restaurants,PA,Northeast,16,1592190.2,6563316.25,8,1,1e+06,10000,0.7461,1.15
POL001577,Insured DTNLNUFM,541330,Engineering Services,IL,Midwest,54,5992506.6,19459804.61,28,1,2e+06,5000,0.602,0.85
POL001578,Insured TVLJRWFD,812112,Beauty Salons,GA,South,8,317253.71,1420344.01,3,1,1e+06,2500,1.3066,1.1
POL001579,Insured LKPPMIVO,812112,Beauty Salons,PA,Northeast,7,673468.55,1685710.43,12,2,2e+06,1000,1.2326,1.1
POL001580,Insured NGIQDUKN,541330,Engineering Services,CA,West,30,3035265.19,12351429.74,17,0,2e+06,5000,1.2165,0.85
POL001581,Insured DQZBXDHM,541330,Engineering Services,FL,South,9,457805.91,1777633.31,12,1,1e+06,1000,1.072,0.85
POL001582,Insured EMHPNXLV,812112,Beauty Salons,TX,South,13,636196.35,2194168.8,60,1,2e+06,5000,0.6764,1.1
POL001583,Insured AGVGZFHU,621111,Physician Offices,IL,Midwest,70,7631563.81,26528176.44,12,0,1e+06,5000,0.8149,0.95
POL001584,Insured EPBCLWAY,812112,Beauty Salons,AZ,West,12,1016355.36,2537409.26,25,3,2e+06,10000,0.7797,1.1
POL001585,Insured CKQFRMBY,812112,Beauty Salons,TX,South,56,3809239.67,7655291.24,25,4,2e+06,5000,1.3296,1.1
POL001586,Insured GBWYEITK,621111,Physician Offices,CA,West,24,2788137.04,4232906.09,34,2,2e+06,5000,1.3477,0.95
POL001587,Insured ZEXVRXBT,621111,Physician Offices,NY,Northeast,76,8280539.21,14905918.31,19,1,5e+06,2500,1.1516,0.95
POL001588,Insured FGSJRAJB,452319,Retail,AZ,West,79,8834956.53,19580076.12,5,1,1e+06,1000,1.1102,1.05
POL001589,Insured EHCOEXLL,722511,Restaurants,NY,Northeast,137,10139485.88,17940584.94,10,1,1e+06,10000,0.7937,1.15
POL001590,Insured TNTICLHE,452319,Retail,PA,Northeast,20,1504625.07,2986847.74,8,1,2e+06,1000,1.0938,1.05
POL001591,Insured WLWZRHEQ,541330,Engineering Services,WA,West,62,6964837.34,29120201.15,12,0,2e+06,10000,0.9953,0.85
POL001592,Insured KCXZQYYT,611110,Schools,WA,West,10,572971.44,2506913.63,14,4,1e+06,2500,1.9325,0.9
POL001593,Insured SFDKNJPU,452319,Retail,FL,South,22,1788618.16,7357020.72,14,1,1e+06,2500,0.9992,1.05
POL001594,Insured PNOUNDRU,812112,Beauty Salons,NY,Northeast,30,2907141.36,11798212.08,10,3,2e+06,5000,0.7669,1.1
POL001595,Insured JTGVSAGJ,611110,Schools,PA,Northeast,17,1456343.81,4947892.11,16,0,2e+06,2500,0.662,0.9
POL001596,Insured EGRSQUTP,452319,Retail,PA,Northeast,70,8659847.88,30597841.72,12,0,1e+06,10000,0.6649,1.05
POL001597,Insured LARYUTLP,621111,Physician Offices,CA,West,21,804451.51,1258785.37,14,1,1e+06,1000,0.963,0.95
POL001598,Insured AGSKGVKO,621111,Physician Offices,AZ,West,26,1655119.43,3714748.82,15,0,1e+06,2500,1.113,0.95
POL001599,Insured AOXLSHLU,541330,Engineering Services,WA,West,13,751963.15,2620621.06,56,0,2e+06,5000,1.2819,0.85
POL001600,Insured BFQCEFKP,621111,Physician Offices,IL,Midwest,31,3032678.44,12720263.26,15,0,1e+06,2500,0.7228,0.95
POL001601,Insured JBMEOXKD,611110,Schools,PA,Northeast,14,1114695.44,1752265.63,9,0,1e+06,1000,0.7382,0.9
POL001602,Insured OKYBLRXG,722511,Restaurants,NY,Northeast,14,1361118.04,3320407.15,5,1,1e+06,1000,1.3449,1.15
POL001603,Insured UXGQAXIT,812112,Beauty Salons,TX,South,21,2595763.99,5950726.09,11,0,2e+06,1000,0.6864,1.1
POL001604,Insured NOGZXILJ,621111,Physician Offices,WA,West,17,1968369.87,7615771.99,17,1,1e+06,1000,0.6994,0.95
POL001605,Insured BGIKJAUT,236220,Construction,NY,Northeast,7,665133.95,1363439.7,18,0,5e+06,5000,1.3489,1.35
POL001606,Insured WEHCGAOR,236220,Construction,FL,South,8,856746.46,2416747.77,5,1,1e+06,10000,1.0585,1.35
POL001607,Insured OUHDHEQG,611110,Schools,NC,South,52,5407942.92,11950113.27,6,0,1e+06,10000,0.7099,0.9
POL001608,Insured NWBFYYQM,621111,Physician Offices,IL,Midwest,9,346682.28,644469.49,37,0,1e+06,5000,0.7616,0.95
POL001609,Insured DFLJMQZU,452319,Retail,IL,Midwest,6,235552.51,524843.43,32,2,1e+06,1000,0.825,1.05
POL001610,Insured CDRPUQKB,611110,Schools,AZ,West,60,4163180.91,16247262.16,67,1,2e+06,5000,0.9865,0.9
POL001611,Insured JQXJWPET,611110,Schools,AZ,West,31,2855542.16,4501778.42,15,0,2e+06,2500,0.5823,0.9
POL001612,Insured NHZYDGPB,722511,Restaurants,AZ,West,15,673438.01,2499482.6,7,1,1e+06,25000,0.8248,1.15
POL001613,Insured YZEGIYIJ,621111,Physician Offices,NC,South,6,310468.85,1379856,6,1,5e+06,5000,1.3335,0.95
POL001614,Insured DODFCIEW,621111,Physician Offices,IL,Midwest,134,7405102.42,12404460.32,8,0,1e+06,1000,1.311,0.95
POL001615,Insured XEPMPVQP,722511,Restaurants,IL,Midwest,38,2727868.54,6618037.77,15,2,1e+06,2500,0.8175,1.15
POL001616,Insured YWIXDWUI,452319,Retail,TX,South,12,557316.82,1540058.66,8,0,1e+06,10000,1.1109,1.05
POL001617,Insured GFPGLZVQ,236220,Construction,TX,South,58,4926362.22,16681317.27,15,2,5e+06,5000,1.2157,1.35
POL001618,Insured VQIXCNGC,452319,Retail,NY,Northeast,17,1928370.05,5049251.22,26,0,2e+06,1000,0.9532,1.05
POL001619,Insured FJOFNNSA,452319,Retail,NC,South,61,5740040.87,11603138.91,8,1,5e+06,5000,0.6606,1.05
POL001620,Insured OWBDXCJJ,541330,Engineering Services,TX,South,9,873713.98,1324919.22,10,0,1e+06,10000,2.0149,0.85
POL001621,Insured OUFBLCZS,621111,Physician Offices,TX,South,28,3252142.85,5960593.27,4,1,5e+06,5000,1.1558,0.95
POL001622,Insured MVGAZPFX,722511,Restaurants,CA,West,61,6409589,15006521.24,14,2,2e+06,2500,0.9047,1.15
POL001623,Insured LDMWUURI,236220,Construction,PA,Northeast,22,2269171.23,4163837.45,17,2,5e+06,2500,1.3177,1.35
POL001624,Insured ZLHPRBDE,236220,Construction,TX,South,48,5173322.1,7831511.03,26,2,2e+06,5000,0.7446,1.35
POL001625,Insured GRMWQQQD,812112,Beauty Salons,IL,Midwest,18,1098314.21,3065274.66,6,0,1e+06,10000,1.44,1.1
POL001626,Insured PABFRLDX,621111,Physician Offices,IL,Midwest,25,2076232.79,5387737.07,13,0,2e+06,2500,0.9762,0.95
POL001627,Insured JAJSDFQM,621111,Physician Offices,AZ,West,40,4928880.7,9840922.91,7,0,2e+06,2500,1.4811,0.95
POL001628,Insured ZCJFRACB,812112,Beauty Salons,NC,South,22,1186378.25,4477128.8,22,0,5e+06,2500,1.9315,1.1
POL001629,Insured QBLAUOYF,611110,Schools,AZ,West,11,1313687.86,4853287.79,7,2,1e+06,5000,0.6194,0.9
POL001630,Insured MRAHBUKD,621111,Physician Offices,AZ,West,26,2006565.17,6909852.42,21,0,1e+06,1000,1.0455,0.95
POL001631,Insured ZRPAQTKQ,722511,Restaurants,WA,West,49,4878162.71,8151077.41,5,2,1e+06,25000,0.979,1.15
POL001632,Insured AHWPDQFF,722511,Restaurants,AZ,West,29,2835942.69,11970738.73,16,2,5e+06,5000,1.005,1.15
POL001633,Insured XFHOJTRR,722511,Restaurants,NY,Northeast,31,2107473.87,7097320.66,19,2,2e+06,1000,1.0938,1.15
POL001634,Insured PGXFYDDX,236220,Construction,CA,West,34,4057354.65,18133853.48,21,1,2e+06,10000,1.2682,1.35
POL001635,Insured BJDETTFS,236220,Construction,NY,Northeast,21,811267.49,2809480.8,8,1,1e+06,1000,0.9719,1.35
POL001636,Insured VKRPWAXB,541330,Engineering Services,TX,South,19,1637266.1,3462522.73,39,3,1e+06,1000,1.7085,0.85
POL001637,Insured YXVCREMQ,812112,Beauty Salons,GA,South,120,7589455.2,24353261.74,23,0,1e+06,1000,0.927,1.1
POL001638,Insured USQZMUZA,541330,Engineering Services,FL,South,54,2656759.36,9336871.99,5,1,2e+06,1000,0.913,0.85
POL001639,Insured LTPNQVCP,452319,Retail,NY,Northeast,17,969358.17,2686696.81,40,0,2e+06,10000,0.9998,1.05
POL001640,Insured VETAXSCS,236220,Construction,PA,Northeast,24,1088289.83,1875647.79,30,1,1e+06,2500,1.1886,1.35
POL001641,Insured THXDKHHX,541330,Engineering Services,TX,South,38,4364452.63,10013066.82,7,1,1e+06,5000,0.8587,0.85
POL001642,Insured GJYJLPKE,541330,Engineering Services,IL,Midwest,13,768352.01,3087228.45,7,1,1e+06,2500,1.0855,0.85
POL001643,Insured SHGMLLFL,611110,Schools,NC,South,8,508124.4,2184619.26,14,1,5e+06,2500,1.6376,0.9
POL001644,Insured KOEMIFFD,812112,Beauty Salons,IL,Midwest,8,590979.94,1093711.7,13,1,2e+06,1000,1.4455,1.1
POL001645,Insured ZXIIHTVI,611110,Schools,NC,South,20,2084319.68,5094268.65,11,2,2e+06,5000,1.3261,0.9
POL001646,Insured YGXWLPUD,611110,Schools,AZ,West,98,4685322.06,16510006.53,13,0,2e+06,5000,0.8795,0.9
POL001647,Insured QOZQKJQV,236220,Construction,CA,West,13,1087571.42,2246407,4,1,1e+06,5000,0.6103,1.35
POL001648,Insured EFAROBHO,452319,Retail,NY,Northeast,12,1080126.94,2627603.5,24,0,2e+06,5000,0.6536,1.05
POL001649,Insured SKIVPRWB,611110,Schools,AZ,West,83,5690832.02,23096875.23,16,0,1e+06,5000,1.003,0.9
POL001650,Insured AAEWSEME,541330,Engineering Services,NC,South,15,609370.91,1621392.99,15,0,2e+06,1000,0.7458,0.85
POL001651,Insured VXNRUOPW,621111,Physician Offices,NY,Northeast,7,374983.32,1129504.48,12,0,2e+06,2500,1.4797,0.95
POL001652,Insured TTQUTXGU,452319,Retail,CA,West,47,2621374.49,5142900.94,7,2,2e+06,10000,0.6335,1.05
POL001653,Insured DKVIMJFV,452319,Retail,IL,Midwest,19,1661389.08,3462132.14,10,0,2e+06,5000,1.4634,1.05
POL001654,Insured UZTELLJN,236220,Construction,CA,West,56,2619807.09,4789040.24,17,2,1e+06,2500,0.8218,1.35
POL001655,Insured XRZBQPPN,452319,Retail,PA,Northeast,18,1056109.6,1843752.77,4,1,2e+06,1000,0.7304,1.05
POL001656,Insured ACOMBWWP,812112,Beauty Salons,NC,South,119,7537819.25,26388382.08,24,1,2e+06,10000,1.0411,1.1
POL001657,Insured EPTGZAHG,236220,Construction,IL,Midwest,43,4382936.11,13498153.43,20,1,1e+06,2500,0.7735,1.35
POL001658,Insured AMQAGNCU,236220,Construction,NY,Northeast,63,2878428.43,12259904.52,19,2,1e+06,10000,1.0609,1.35
POL001659,Insured ZSCFOZCU,236220,Construction,WA,West,22,2746102.36,4434978.22,21,0,1e+06,5000,1.0783,1.35
POL001660,Insured AVLHTOMZ,236220,Construction,GA,South,22,1295207.11,4859923.47,16,1,1e+06,10000,1.091,1.35
POL001661,Insured PHLEDUKD,722511,Restaurants,NC,South,44,4315723.13,9761085.04,7,0,2e+06,2500,1.5186,1.15
POL001662,Insured DHWGFLRF,621111,Physician Offices,FL,South,12,1388200.42,2951444.51,13,1,1e+06,1000,1.0021,0.95
POL001663,Insured ADEPGJKD,812112,Beauty Salons,AZ,West,48,3371303.34,12353449.99,12,0,1e+06,2500,1.1318,1.1
POL001664,Insured SIPQFITI,812112,Beauty Salons,NC,South,33,2941559.29,4687179.49,24,1,1e+06,1000,0.8592,1.1
POL001665,Insured YPGJLDAE,236220,Construction,GA,South,12,631056.45,2178750.44,17,1,2e+06,5000,0.9609,1.35
POL001666,Insured JCWSHXGF,812112,Beauty Salons,CA,West,13,1143143.85,1812993.94,19,0,2e+06,25000,1.0769,1.1
POL001667,Insured BUUPHVVA,236220,Construction,IL,Midwest,13,1288025.58,2958316.38,12,2,2e+06,1000,0.9215,1.35
POL001668,Insured PDMZKFZD,541330,Engineering Services,IL,Midwest,22,2576586.79,11134477.24,3,1,1e+06,5000,0.8159,0.85
POL001669,Insured KYUBJCPB,236220,Construction,CA,West,77,4750879.64,19244469.15,10,2,5e+06,1000,0.9443,1.35
POL001670,Insured QCIUDOGT,722511,Restaurants,IL,Midwest,30,2101906.95,3162717.71,36,2,2e+06,2500,1.0333,1.15
POL001671,Insured XFBISTLT,812112,Beauty Salons,FL,South,5,194625.78,300534.24,33,1,1e+06,2500,0.9062,1.1
POL001672,Insured HOGAZSDG,541330,Engineering Services,PA,Northeast,19,2143370.63,6904622.39,4,1,2e+06,2500,1.4253,0.85
POL001673,Insured RJKFFTJK,452319,Retail,NY,Northeast,46,4916648.61,19962085.59,44,1,1e+06,1000,0.7782,1.05
POL001674,Insured DRBUFNUS,611110,Schools,GA,South,16,1914285.71,6440082.29,77,1,1e+06,5000,1.3185,0.9
POL001675,Insured KDLJFIKQ,812112,Beauty Salons,NC,South,18,1730894.42,7521478.55,8,2,1e+06,2500,0.7901,1.1
POL001676,Insured EKGMQUXN,452319,Retail,TX,South,28,2209429.86,6391995.72,42,0,2e+06,1000,1.1665,1.05
POL001677,Insured FYFGYVUB,541330,Engineering Services,TX,South,9,541480.18,1160443.52,29,0,2e+06,25000,0.9444,0.85
POL001678,Insured AQMXKNSF,236220,Construction,NY,Northeast,62,4963998.78,12014001.85,19,1,1e+06,10000,1.3937,1.35
POL001679,Insured OXWHJIGO,452319,Retail,WA,West,30,1142532.47,1992038.99,9,4,2e+06,1000,0.8878,1.05
POL001680,Insured ARCYTFPD,722511,Restaurants,CA,West,5,287694.09,1041991.78,5,1,1e+06,1000,0.962,1.15
POL001681,Insured CTQYNDPY,611110,Schools,TX,South,49,5622799.7,18272825.98,15,1,2e+06,5000,1.1201,0.9
POL001682,Insured WHUKGWDZ,812112,Beauty Salons,NY,Northeast,50,3598392.11,11207555.17,28,3,2e+06,10000,1.35,1.1
POL001683,Insured ZOVAMTIJ,452319,Retail,GA,South,12,1158285.14,4887210.71,7,2,2e+06,1000,0.8252,1.05
POL001684,Insured QCAWZHKZ,812112,Beauty Salons,TX,South,21,1983334.55,7950133.2,4,1,1e+06,1000,1.4505,1.1
POL001685,Insured XAGZVOXU,236220,Construction,NY,Northeast,14,1692996.63,6079318.32,12,3,5e+06,2500,0.9478,1.35
POL001686,Insured TMHHDZFA,611110,Schools,GA,South,45,3995426.7,6285405.62,26,0,1e+06,10000,1.0254,0.9
POL001687,Insured ODCEPLZU,236220,Construction,WA,West,19,1072465.5,1667943.61,7,0,1e+06,2500,1.3332,1.35
POL001688,Insured EUVDAPCU,236220,Construction,TX,South,21,1622182.13,3443070.79,16,1,1e+06,10000,1.349,1.35
POL001689,Insured BUFSAEZA,722511,Restaurants,PA,Northeast,20,2206924.37,7872033.98,26,3,2e+06,1000,0.8801,1.15
POL001690,Insured MUNFCXMZ,541330,Engineering Services,TX,South,16,1414089.24,2658957.96,5,2,5e+06,1000,1.6785,0.85
POL001691,Insured XNAOPDFX,452319,Retail,WA,West,9,442680.62,968501.02,7,1,5e+06,5000,0.8251,1.05
POL001692,Insured RLVLDVAS,541330,Engineering Services,WA,West,61,5905988.24,18117711.16,13,3,2e+06,2500,0.7844,0.85
POL001693,Insured MQCUOWQT,236220,Construction,TX,South,22,2569917.34,10402217.13,17,3,1e+06,5000,1.2145,1.35
POL001694,Insured MHZRUCFF,541330,Engineering Services,WA,West,20,1041104.62,2271945.64,16,3,1e+06,2500,0.7344,0.85
POL001695,Insured ESAMYXEA,541330,Engineering Services,NC,South,21,1402964.39,2473636.43,10,2,1e+06,2500,1.9088,0.85
POL001696,Insured PBDLTDMA,812112,Beauty Salons,NC,South,22,1807966.54,6160083.16,19,2,1e+06,2500,0.8085,1.1
POL001697,Insured VXHEVUDR,611110,Schools,AZ,West,31,2516370.1,9094357.63,12,1,1e+06,10000,1.113,0.9
POL001698,Insured YYBRPLRJ,722511,Restaurants,IL,Midwest,62,7193107.87,11448603.79,3,1,5e+06,1000,0.5498,1.15
POL001699,Insured XAYCNUSV,236220,Construction,NY,Northeast,38,2286165.17,4483034.51,18,0,1e+06,2500,1.2251,1.35
POL001700,Insured JAYSFMON,722511,Restaurants,TX,South,11,489195.78,866715.55,4,1,1e+06,2500,0.8622,1.15
POL001701,Insured QZOKOORU,611110,Schools,GA,South,50,4027315.02,17251301.8,8,0,1e+06,5000,1.0991,0.9
POL001702,Insured HFCJNUYX,722511,Restaurants,CA,West,22,1636297.14,3675754.83,31,1,2e+06,10000,0.6502,1.15
POL001703,Insured ENIYXTKH,611110,Schools,WA,West,232,11240250.64,29757266.32,9,1,5e+06,10000,0.9242,0.9
POL001704,Insured IIXKRMVG,541330,Engineering Services,IL,Midwest,51,2855455.66,9538434.48,14,2,2e+06,25000,0.7385,0.85
POL001705,Insured EZJDLXUF,621111,Physician Offices,TX,South,34,2875710.81,5445212.11,40,0,1e+06,25000,0.8028,0.95
POL001706,Insured LYLHELVF,621111,Physician Offices,NY,Northeast,21,2554686.46,6424457.11,5,0,1e+06,10000,1.0673,0.95
POL001707,Insured DKRFCDIZ,722511,Restaurants,TX,South,10,1016504.91,1746931.74,8,0,2e+06,5000,0.8034,1.15
POL001708,Insured IHVPFVSV,611110,Schools,AZ,West,17,1035777.13,3147878.97,39,1,2e+06,1000,0.6658,0.9
POL001709,Insured JZBQGTWO,236220,Construction,FL,South,8,720769.43,1439233.76,33,2,2e+06,25000,0.8313,1.35
POL001710,Insured HIBPUGLE,611110,Schools,NY,Northeast,63,6239241.89,10586071.01,23,2,2e+06,1000,0.7486,0.9
POL001711,Insured IGLLPDTE,621111,Physician Offices,CA,West,12,998243.68,2432582.08,12,0,2e+06,2500,1.9392,0.95
POL001712,Insured BDDLYONT,722511,Restaurants,PA,Northeast,15,973895.9,2831803.32,14,2,5e+06,1000,1.0617,1.15
POL001713,Insured MCWDBPDR,541330,Engineering Services,CA,West,36,2705580.42,5724821,4,1,2e+06,2500,0.6045,0.85
POL001714,Insured ZDJMBMWO,611110,Schools,PA,Northeast,9,615722.77,1291497.04,8,1,1e+06,1000,0.8215,0.9
POL001715,Insured UPEEBQPT,236220,Construction,WA,West,10,867131.36,3377555.04,8,2,1e+06,2500,0.8982,1.35
POL001716,Insured PNTIZETB,621111,Physician Offices,NC,South,48,4364991.66,12551130.06,32,2,1e+06,5000,0.966,0.95
POL001717,Insured LBVPDAKU,812112,Beauty Salons,TX,South,10,760304.05,1678969.22,12,3,5e+06,2500,1.8533,1.1
POL001718,Insured IUWKSYKL,541330,Engineering Services,GA,South,44,2743924.54,5579062.17,5,2,2e+06,2500,1.3723,0.85
POL001719,Insured GFQLRWNL,236220,Construction,TX,South,6,584685.03,2590246.38,30,3,5e+06,1000,0.983,1.35
POL001720,Insured PQZZYRYE,812112,Beauty Salons,NC,South,11,652266.83,1977772.77,5,1,5e+06,2500,0.6737,1.1
POL001721,Insured WXHNGSJX,621111,Physician Offices,CA,West,12,530443.79,1167407.49,17,2,2e+06,2500,1.3973,0.95
POL001722,Insured TQYMYNQR,812112,Beauty Salons,NC,South,21,1092640.69,2022190.67,36,4,2e+06,5000,0.8207,1.1
POL001723,Insured UTQBJBPE,452319,Retail,IL,Midwest,16,1798209.63,5993376.83,13,0,1e+06,5000,0.6297,1.05
POL001724,Insured YMPVKXTB,541330,Engineering Services,WA,West,23,2081548.84,7118034.44,9,2,2e+06,5000,1.3008,0.85
POL001725,Insured JGTBTJJT,236220,Construction,IL,Midwest,11,1205433.81,4225204.1,28,3,2e+06,5000,1.2422,1.35
POL001726,Insured XECNYFCY,812112,Beauty Salons,NC,South,25,2550147.25,9012405.6,16,0,1e+06,10000,1.1649,1.1
POL001727,Insured NZRUAFLS,611110,Schools,GA,South,21,1129849.86,4924977.2,8,1,5e+06,1000,1.0164,0.9
POL001728,Insured DIJIBZKE,236220,Construction,PA,Northeast,8,515937.46,1797669.53,13,0,2e+06,1000,0.9594,1.35
POL001729,Insured LSQJCMKW,541330,Engineering Services,FL,South,56,4909747.86,12791402.02,18,0,2e+06,1000,1.0732,0.85
POL001730,Insured TLFAMEST,452319,Retail,WA,West,16,1700336.91,6665235.01,9,1,5e+06,2500,1.2476,1.05
POL001731,Insured ROAJBQEZ,812112,Beauty Salons,WA,West,18,1693191.23,6321387.84,7,0,5e+06,2500,1.0581,1.1
POL001732,Insured TVZTXQBU,621111,Physician Offices,FL,South,43,1904701.13,8302036.29,4,0,2e+06,1000,1.4701,0.95
POL001733,Insured PSYJIBYY,812112,Beauty Salons,IL,Midwest,71,6829771.45,21772649.08,19,0,1e+06,5000,0.8015,1.1
POL001734,Insured MXMKNDWA,621111,Physician Offices,NC,South,23,2712350.95,7299063.26,21,0,1e+06,1000,1.1445,0.95
POL001735,Insured LCIQLJFI,611110,Schools,CA,West,26,3205244.78,7935406.27,25,0,1e+06,2500,1.0437,0.9
POL001736,Insured VTXUFIAP,541330,Engineering Services,FL,South,77,3131508.86,13751838.74,3,0,1e+06,5000,0.7437,0.85
POL001737,Insured JQCJLGJV,452319,Retail,IL,Midwest,17,1394894.43,5704330.67,24,1,5e+06,5000,1.1328,1.05
POL001738,Insured UWZCGLGW,722511,Restaurants,GA,South,18,1233340.18,2743163.53,14,0,1e+06,2500,0.5961,1.15
POL001739,Insured GTPKJXTC,722511,Restaurants,NC,South,20,1601700.54,3257958.69,7,1,1e+06,1000,1.0987,1.15
POL001740,Insured IVZVZCXR,452319,Retail,PA,Northeast,73,6903546.86,27543589.48,35,1,1e+06,1000,0.6303,1.05
POL001741,Insured VKZUYUAO,812112,Beauty Salons,AZ,West,49,3755141.08,15982985.98,3,0,1e+06,1000,0.6743,1.1
POL001742,Insured XLCQCXNR,541330,Engineering Services,GA,South,7,869564.87,2676092.38,8,0,5e+06,10000,0.9995,0.85
POL001743,Insured SDPYXLHF,611110,Schools,NC,South,28,3422328.75,11151876.34,16,1,1e+06,1000,0.6471,0.9
POL001744,Insured LMZHNSZC,621111,Physician Offices,FL,South,2,195293.75,720917.89,27,0,1e+06,2500,1.1339,0.95
POL001745,Insured AUKBRRSL,722511,Restaurants,AZ,West,38,3392879.15,7694028.32,35,1,5e+06,1000,1.0309,1.15
POL001746,Insured GNQEOSBF,812112,Beauty Salons,CA,West,33,2329187.05,4029774.92,15,3,1e+06,10000,0.7986,1.1
POL001747,Insured XJRMMTSQ,812112,Beauty Salons,TX,South,47,1797852.91,4557304.14,20,1,1e+06,2500,0.8677,1.1
POL001748,Insured OXHGKUDP,452319,Retail,CA,West,18,1612881.09,3232990.68,6,2,2e+06,2500,1.0538,1.05
POL001749,Insured LPCUXLTP,812112,Beauty Salons,GA,South,38,1450672.18,6264621.93,56,1,2e+06,1000,1.3029,1.1
POL001750,Insured MSHOJRIK,452319,Retail,TX,South,10,424086.66,1166311.43,14,0,1e+06,1000,0.9431,1.05
POL001751,Insured KDFVPJYC,722511,Restaurants,GA,South,43,4642484.47,9273288.31,23,0,2e+06,1000,1.7414,1.15
POL001752,Insured MYJPZFRW,541330,Engineering Services,CA,West,12,1418734.76,4581946.48,19,2,1e+06,1000,1.1444,0.85
POL001753,Insured UQEETUSE,236220,Construction,FL,South,141,15151446.61,40453121.54,12,2,2e+06,1000,0.9955,1.35
POL001754,Insured QDSAEMWZ,611110,Schools,GA,South,47,3628381.72,11602450.88,18,4,1e+06,10000,0.9024,0.9
POL001755,Insured JRCDSCSW,621111,Physician Offices,AZ,West,53,3296345.46,6692694.6,27,1,2e+06,25000,0.997,0.95
POL001756,Insured UXUYUJJX,236220,Construction,AZ,West,33,2376559.33,10661192.35,11,3,2e+06,5000,0.862,1.35
POL001757,Insured HJZCFQYI,611110,Schools,WA,West,59,2654341.83,6375453.02,7,0,2e+06,1000,0.8974,0.9
POL001758,Insured HWQCMWLG,236220,Construction,TX,South,7,377268,1247340.15,17,2,1e+06,2500,1.0014,1.35
POL001759,Insured TDLBHMCF,611110,Schools,NC,South,18,2205044.48,8847109.12,23,1,1e+06,1000,1.003,0.9
POL001760,Insured LEJPLENZ,812112,Beauty Salons,GA,South,11,502448.84,1040753.75,17,2,1e+06,2500,1.2646,1.1
POL001761,Insured HNWUEFRJ,541330,Engineering Services,AZ,West,49,5622018.12,17985065.54,9,1,1e+06,5000,0.7871,0.85
POL001762,Insured VUYMYOHO,722511,Restaurants,CA,West,76,3098888.07,12913826.8,11,1,5e+06,10000,0.9686,1.15
POL001763,Insured VEWSNVTU,541330,Engineering Services,FL,South,14,1505259.67,3944312.96,32,0,5e+06,2500,1.0492,0.85
POL001764,Insured IPVXKCMC,611110,Schools,NC,South,24,976054.27,3188723.1,16,2,2e+06,1000,0.931,0.9
POL001765,Insured MXLQCFBI,812112,Beauty Salons,WA,West,35,2401762.57,6736887.19,17,0,2e+06,5000,1.1063,1.1
POL001766,Insured TDFSOGGX,452319,Retail,TX,South,76,3787476.35,16456457.53,29,1,1e+06,5000,1.7294,1.05
POL001767,Insured WOPYKHJK,236220,Construction,PA,Northeast,71,5844904.92,12071364.76,6,2,2e+06,5000,1.0375,1.35
POL001768,Insured TQXGIYZO,452319,Retail,PA,Northeast,119,12451862.48,39609862.07,9,0,1e+06,2500,1.08,1.05
POL001769,Insured RUYFTJRC,621111,Physician Offices,PA,Northeast,10,455364.2,1253039.87,11,1,2e+06,1000,1.8935,0.95
POL001770,Insured LPMOIWWP,452319,Retail,NY,Northeast,58,5646939.44,23067206.25,34,0,1e+06,2500,0.7399,1.05
POL001771,Insured UFMZOYXX,452319,Retail,GA,South,80,9627799.16,21067593.54,12,0,1e+06,1000,0.7997,1.05
POL001772,Insured RKKEGAZB,812112,Beauty Salons,WA,West,38,2376899.47,4258811.44,4,0,5e+06,1000,0.7416,1.1
POL001773,Insured FYUOAIFI,611110,Schools,IL,Midwest,15,932375.03,2824421.99,8,2,1e+06,25000,0.8375,0.9
POL001774,Insured ULMDLJGP,621111,Physician Offices,TX,South,14,1735098.82,6401232.25,20,1,2e+06,1000,0.5659,0.95
POL001775,Insured IIYSDVXM,452319,Retail,NC,South,12,682895.17,2769132.5,8,0,1e+06,2500,1.2009,1.05
POL001776,Insured TQQGJPJX,621111,Physician Offices,TX,South,13,1541601.55,6607064.77,39,1,1e+06,5000,0.8678,0.95
POL001777,Insured PRKGGMGQ,812112,Beauty Salons,IL,Midwest,7,846716.47,3636839.71,8,1,2e+06,2500,0.9262,1.1
POL001778,Insured ZQWEOWSE,621111,Physician Offices,GA,South,27,1952609.1,7077302.68,5,0,2e+06,2500,0.883,0.95
POL001779,Insured PNLIWHUX,541330,Engineering Services,NY,Northeast,28,1693663.45,5690039.47,28,1,2e+06,1000,0.6724,0.85
POL001780,Insured TCQALQWM,722511,Restaurants,NY,Northeast,10,487413.86,1381286.23,11,0,2e+06,2500,1.3855,1.15
POL001781,Insured VEWENEPK,452319,Retail,WA,West,57,5918485.24,14636783.82,20,0,2e+06,2500,1.2669,1.05
POL001782,Insured LTKRKQPU,812112,Beauty Salons,TX,South,39,3235053.25,5268418.43,9,1,5e+06,5000,1.2656,1.1
POL001783,Insured XJAXWBZX,812112,Beauty Salons,NC,South,31,2914965.89,7240233.38,4,1,5e+06,10000,1.0057,1.1
POL001784,Insured WPFOFRIT,812112,Beauty Salons,IL,Midwest,8,400945.32,1076340.89,15,2,2e+06,5000,1.1421,1.1
POL001785,Insured GIPSBVGS,236220,Construction,CA,West,19,985231.21,2208928.87,15,1,1e+06,1000,0.9017,1.35
POL001786,Insured ILSTVXVP,452319,Retail,FL,South,24,1352251.49,3216393.43,15,0,2e+06,25000,1.3302,1.05
POL001787,Insured LKHUWELW,621111,Physician Offices,IL,Midwest,35,2174221.21,7271566.73,28,1,1e+06,1000,0.8367,0.95
POL001788,Insured VNIEVSFG,722511,Restaurants,AZ,West,2,240080.69,589755.24,16,2,2e+06,1000,1.3953,1.15
POL001789,Insured AHBIQWUK,812112,Beauty Salons,IL,Midwest,23,1590310.03,3481324.69,16,0,5e+06,1000,1.0601,1.1
POL001790,Insured XWXUDZEY,611110,Schools,CA,West,6,537384.09,1179381.04,17,1,2e+06,10000,0.4646,0.9
POL001791,Insured IMTDJFLL,541330,Engineering Services,NY,Northeast,70,3872776.79,14015619.28,34,0,1e+06,5000,0.6785,0.85
POL001792,Insured YVDHYBSR,541330,Engineering Services,TX,South,24,2704123.12,8824115.12,7,2,1e+06,5000,0.924,0.85
POL001793,Insured VMAGWWWH,621111,Physician Offices,IL,Midwest,24,2961935.76,8492253.62,15,3,1e+06,5000,1.3534,0.95
POL001794,Insured AUIYZYTR,722511,Restaurants,IL,Midwest,39,2069252.01,8085246.99,21,1,5e+06,2500,1.1783,1.15
POL001795,Insured RTCEDXVI,812112,Beauty Salons,AZ,West,60,6010179.55,21191145.61,23,0,2e+06,1000,1.4186,1.1
POL001796,Insured XFNOSBGT,452319,Retail,GA,South,57,3995946.4,11366498.61,10,3,1e+06,2500,2.0645,1.05
POL001797,Insured ERPWMCDU,611110,Schools,CA,West,9,555920.92,1849967.53,15,1,2e+06,10000,0.8796,0.9
POL001798,Insured TPAREPMH,722511,Restaurants,CA,West,11,1212842.46,2214352.65,13,2,2e+06,1000,1.355,1.15
POL001799,Insured OIGHWFRF,541330,Engineering Services,TX,South,22,1088966.96,4627721.29,20,1,1e+06,2500,1.0023,0.85
POL001800,Insured RQCUCGNM,541330,Engineering Services,WA,West,41,3953594.17,10380299.31,22,0,1e+06,2500,0.7299,0.85
POL001801,Insured YYDEGIPC,611110,Schools,TX,South,15,1585272.23,6493362.55,14,1,1e+06,2500,1.1221,0.9
POL001802,Insured LFRJGUAU,621111,Physician Offices,IL,Midwest,11,1238148.35,5037818.53,11,0,1e+06,1000,0.9145,0.95
POL001803,Insured AQTMEPVX,722511,Restaurants,PA,Northeast,7,784345.46,2164315.23,5,2,2e+06,1000,0.7288,1.15
POL001804,Insured OORULFWE,621111,Physician Offices,PA,Northeast,12,480592.3,819658.06,59,1,1e+06,10000,0.8371,0.95
POL001805,Insured ZRJFOSKT,812112,Beauty Salons,TX,South,46,4119203.71,13946794.25,7,1,5e+06,2500,1.5753,1.1
POL001806,Insured DUQFQDYK,722511,Restaurants,NY,Northeast,41,2102645.94,5609834.47,9,3,2e+06,2500,1.0556,1.15
POL001807,Insured VXGYJWGG,621111,Physician Offices,AZ,West,39,2566186.46,9495032.58,6,1,2e+06,5000,1.3526,0.95
POL001808,Insured TFMVUIJK,452319,Retail,GA,South,7,363251.73,822359.87,29,0,1e+06,25000,1.131,1.05
POL001809,Insured SOQZSEOP,452319,Retail,GA,South,37,3752895.22,10938031.47,25,0,1e+06,2500,0.7828,1.05
POL001810,Insured QYZRMAGE,236220,Construction,TX,South,59,5193412.23,22306108.94,9,2,1e+06,5000,1.0474,1.35
POL001811,Insured ATXBIEWA,722511,Restaurants,NY,Northeast,34,1811026.97,4492804.94,19,0,5e+06,2500,1.355,1.15
POL001812,Insured MFPXHBXM,621111,Physician Offices,IL,Midwest,18,2064837.69,5369875.45,4,1,1e+06,5000,1.5145,0.95
POL001813,Insured JCQPEVRJ,621111,Physician Offices,GA,South,27,2920830.72,8879653.23,13,0,2e+06,1000,1.1102,0.95
POL001814,Insured CTLRUVBX,611110,Schools,TX,South,42,3821008.2,15779086.59,11,1,1e+06,1000,0.8401,0.9
POL001815,Insured DNPAEXWY,236220,Construction,WA,West,22,2426118.27,8099824.36,6,1,2e+06,1000,1.1036,1.35
POL001816,Insured SINQNZMW,541330,Engineering Services,AZ,West,59,4121046.17,11492273.12,8,0,2e+06,1000,0.9035,0.85
POL001817,Insured NFWKZREK,452319,Retail,AZ,West,13,1498772.9,3633740.3,12,0,2e+06,25000,0.8302,1.05
POL001818,Insured SKFMJLLU,452319,Retail,PA,Northeast,23,1811189.43,2870758.75,7,1,5e+06,1000,0.8177,1.05
POL001819,Insured IDTNNJMO,621111,Physician Offices,AZ,West,31,3051106.24,10043953.71,9,1,5e+06,2500,0.8892,0.95
POL001820,Insured KWHRJXRS,236220,Construction,NC,South,64,7919714.54,26640624.33,28,0,5e+06,1000,0.9127,1.35
POL001821,Insured FKNZSIQB,611110,Schools,AZ,West,23,2041650.12,3218808.65,17,0,1e+06,2500,0.8029,0.9
POL001822,Insured VLDEHMDM,541330,Engineering Services,NC,South,180,18180799.23,33139681.64,13,0,1e+06,25000,0.6521,0.85
POL001823,Insured EZZYGZBL,722511,Restaurants,CA,West,90,8900982.09,16978078.01,9,1,2e+06,1000,1.435,1.15
POL001824,Insured MOXMQLEF,236220,Construction,PA,Northeast,23,1861146.38,3740959.68,18,2,5e+06,2500,1.3376,1.35
POL001825,Insured GOLWQNFE,812112,Beauty Salons,CA,West,16,1396535.31,6157647.21,14,0,1e+06,2500,1.2433,1.1
POL001826,Insured RZKMGNWN,722511,Restaurants,NY,Northeast,12,1052664.94,2947757.45,16,0,1e+06,5000,1.4513,1.15
POL001827,Insured YGVITQTX,541330,Engineering Services,IL,Midwest,14,652887.36,1416239.74,5,2,2e+06,2500,0.8854,0.85
POL001828,Insured SFTDLIUK,236220,Construction,NC,South,17,1682364.57,5346321.6,6,0,2e+06,10000,1.7818,1.35
POL001829,Insured HBQOYXLY,621111,Physician Offices,GA,South,7,526383.98,890567.97,19,2,1e+06,2500,0.9456,0.95
POL001830,Insured VKAZEEHN,236220,Construction,WA,West,9,721744.3,1475929.69,17,1,1e+06,2500,0.3482,1.35
POL001831,Insured CUWNOXTK,452319,Retail,IL,Midwest,52,2759444.44,5061603.65,13,0,5e+06,2500,0.5738,1.05
POL001832,Insured OQYCWNWB,722511,Restaurants,WA,West,57,6656758.49,19640281.93,18,2,1e+06,2500,0.6734,1.15
POL001833,Insured DTWKITJB,722511,Restaurants,CA,West,22,2082294.87,5663221.74,4,0,1e+06,2500,1.1031,1.15
POL001834,Insured DCMGHNZV,541330,Engineering Services,CA,West,54,4043332.96,12655783.71,8,0,1e+06,1000,0.7228,0.85
POL001835,Insured KDOVDSWQ,722511,Restaurants,PA,Northeast,46,2900765.2,5347045.84,49,1,2e+06,5000,0.9252,1.15
POL001836,Insured USKZQQJR,452319,Retail,TX,South,19,1883187.92,4166694.32,10,0,1e+06,2500,1.3562,1.05
POL001837,Insured LQECRMQB,541330,Engineering Services,CA,West,14,799698.63,2256893.11,17,2,1e+06,10000,0.8851,0.85
POL001838,Insured GDXFOEGM,621111,Physician Offices,AZ,West,4,472084.71,823651.94,21,0,1e+06,2500,1.5184,0.95
POL001839,Insured ASSLQIHH,812112,Beauty Salons,AZ,West,15,1278582.04,3940864.74,5,3,1e+06,10000,0.8721,1.1
POL001840,Insured OOHGTMRM,236220,Construction,CA,West,20,1656256.73,2662534.3,10,0,1e+06,2500,0.6914,1.35
POL001841,Insured CZJQIDOU,541330,Engineering Services,AZ,West,21,835033.48,2740367.54,14,1,1e+06,5000,0.6526,0.85
POL001842,Insured TXKNZKXY,621111,Physician Offices,NC,South,5,353595.36,659850.25,5,1,2e+06,5000,1.1463,0.95
POL001843,Insured WMRROHOG,722511,Restaurants,CA,West,20,927187.69,3416488.93,3,1,2e+06,1000,1.6287,1.15
POL001844,Insured HKZGFXSW,611110,Schools,TX,South,22,2212810.7,8682999.19,22,1,1e+06,5000,0.9091,0.9
POL001845,Insured EKIONKTM,611110,Schools,FL,South,11,627298.98,2715106.37,20,0,5e+06,1000,0.6041,0.9
POL001846,Insured EYWYMOCL,611110,Schools,IL,Midwest,23,2101759.98,3796832.75,30,1,1e+06,2500,1.407,0.9
POL001847,Insured PJUJEGRT,541330,Engineering Services,PA,Northeast,24,2156958.94,4365216.23,24,0,1e+06,5000,0.9322,0.85
POL001848,Insured HEJWOVMQ,452319,Retail,TX,South,12,938609.61,3165279.27,11,2,2e+06,10000,0.7822,1.05
POL001849,Insured MPMDOFJC,722511,Restaurants,GA,South,46,3348400.47,5241633.41,16,0,1e+06,10000,1.087,1.15
POL001850,Insured YLBWSDYE,452319,Retail,FL,South,35,4171981.31,14075917.21,5,0,1e+06,10000,1.4958,1.05
POL001851,Insured PAMCTXCM,611110,Schools,FL,South,10,800977.94,3315953.06,16,0,5e+06,5000,0.7136,0.9
POL001852,Insured HTUBIHDV,236220,Construction,WA,West,7,699623.6,1196367.18,56,2,1e+06,5000,0.5623,1.35
POL001853,Insured SMGXIWCB,722511,Restaurants,TX,South,19,2191078.04,7490083.42,11,0,5e+06,5000,1.317,1.15
POL001854,Insured GLLAMOZN,722511,Restaurants,PA,Northeast,41,3668310.15,7803271.85,27,1,1e+06,2500,0.9566,1.15
POL001855,Insured OJFPUQSE,541330,Engineering Services,FL,South,13,1062445.97,3308250.5,4,0,1e+06,2500,0.724,0.85
POL001856,Insured ZOPWNUDA,621111,Physician Offices,NC,South,18,1976804.85,4849115.32,8,2,1e+06,10000,2.0251,0.95
POL001857,Insured GDUBFOXM,812112,Beauty Salons,NY,Northeast,14,620012.96,2163552.11,21,1,1e+06,2500,1.6143,1.1
POL001858,Insured DRLBNJUH,611110,Schools,AZ,West,18,1549112.24,5250947.72,5,2,1e+06,10000,0.9722,0.9
POL001859,Insured UNIRDHSX,611110,Schools,NY,Northeast,55,2608812.95,4107316.46,14,0,1e+06,1000,1.073,0.9
POL001860,Insured UNSLMLEF,621111,Physician Offices,GA,South,14,1420419.94,5577524.62,9,0,1e+06,1000,0.894,0.95
POL001861,Insured TUUVASIE,812112,Beauty Salons,AZ,West,12,1269664.03,2413667.69,13,1,5e+06,2500,1.3711,1.1
POL001862,Insured QODKGKLK,236220,Construction,FL,South,33,2058133.99,8612952.31,18,0,1e+06,1000,1.3414,1.35
POL001863,Insured OMGPJRSX,541330,Engineering Services,GA,South,18,1971594.87,4804330.7,8,3,1e+06,1000,1.0666,0.85
POL001864,Insured SARPFMIT,722511,Restaurants,TX,South,16,1969765.27,5499031.36,15,1,1e+06,1000,1.1399,1.15
POL001865,Insured WYWUJSNM,611110,Schools,NY,Northeast,21,1926268.28,5788356.53,11,0,1e+06,1000,1.5567,0.9
POL001866,Insured NVTZRYWD,722511,Restaurants,NY,Northeast,25,1104251.44,2903762.15,7,1,1e+06,5000,0.6442,1.15
POL001867,Insured CKFOUMVW,611110,Schools,AZ,West,165,20367040.93,48949846.43,15,0,1e+06,1000,0.9857,0.9
POL001868,Insured VSNJUSLM,812112,Beauty Salons,PA,Northeast,29,1991928.91,8423983.38,1,0,1e+06,2500,0.7354,1.1
POL001869,Insured NVCFXUDN,236220,Construction,FL,South,14,967924.47,1846601.56,26,0,2e+06,5000,0.9628,1.35
POL001870,Insured AKGXSPYE,611110,Schools,GA,South,13,875179.77,3313586.16,24,0,1e+06,2500,0.5976,0.9
POL001871,Insured HJQWNIDS,452319,Retail,AZ,West,3,341384.84,722773.86,38,1,1e+06,5000,0.8743,1.05
POL001872,Insured KWDHXOIB,541330,Engineering Services,NC,South,21,1654670.41,3294384.49,6,0,2e+06,10000,1.0872,0.85
POL001873,Insured KQMBTMCK,812112,Beauty Salons,WA,West,25,3074008.32,12148170.59,16,0,1e+06,10000,0.5602,1.1
POL001874,Insured WPCILPSF,541330,Engineering Services,FL,South,8,348572.02,1290591.96,12,0,1e+06,2500,1.1931,0.85
POL001875,Insured ODAHCNWI,722511,Restaurants,IL,Midwest,185,8337230.8,31017320.63,27,0,1e+06,10000,1.1641,1.15
POL001876,Insured DUNODVVO,541330,Engineering Services,IL,Midwest,6,683464.78,3058995.85,11,1,1e+06,2500,1.1577,0.85
POL001877,Insured OPICWRTZ,621111,Physician Offices,NY,Northeast,5,314617.96,905179.81,5,0,1e+06,1000,0.6302,0.95
POL001878,Insured WZAWRVOM,621111,Physician Offices,TX,South,14,1154713.57,3329224.19,5,0,1e+06,2500,1.3212,0.95
POL001879,Insured VCGFZBKN,236220,Construction,CA,West,54,2512868.09,4346470.44,12,1,2e+06,2500,0.5091,1.35
POL001880,Insured APSXQPPK,611110,Schools,AZ,West,22,2007958.63,5581966.15,13,0,2e+06,10000,1.1658,0.9
POL001881,Insured EYCNXQZU,236220,Construction,AZ,West,46,4889860.44,19887972.9,6,1,1e+06,10000,0.9564,1.35
POL001882,Insured RYSXLLZD,452319,Retail,PA,Northeast,7,365997.94,1367987.2,22,0,1e+06,2500,0.9621,1.05
POL001883,Insured GSUQZEIR,236220,Construction,CA,West,13,1130696.45,4420447.67,5,1,2e+06,5000,0.9399,1.35
POL001884,Insured CIIPQVNP,611110,Schools,NY,Northeast,53,5249392.7,13928068.11,19,1,2e+06,2500,1.2312,0.9
POL001885,Insured GSWWTCXB,611110,Schools,AZ,West,30,2176579.64,3677487.05,26,0,5e+06,5000,0.6035,0.9
POL001886,Insured IFFZMTWY,452319,Retail,TX,South,47,4757267.3,14967672.31,16,2,2e+06,2500,1.5617,1.05
POL001887,Insured XRWNRSUT,812112,Beauty Salons,GA,South,55,6122335.79,23742690.34,12,1,5e+06,5000,1.2808,1.1
POL001888,Insured BRRLVWJR,452319,Retail,NY,Northeast,58,2636443.29,10127343.2,10,2,1e+06,10000,0.798,1.05
POL001889,Insured TMPEDFRX,812112,Beauty Salons,FL,South,59,4797237.08,18136779.21,6,1,5e+06,10000,0.9468,1.1
POL001890,Insured SHFCDOCO,541330,Engineering Services,GA,South,62,4127200.69,11774626.14,27,1,1e+06,2500,0.8595,0.85
POL001891,Insured JQGBVEBV,541330,Engineering Services,PA,Northeast,11,833248.17,2085920.28,22,1,1e+06,10000,1.2901,0.85
POL001892,Insured KFMSVKEI,621111,Physician Offices,FL,South,31,3314639.54,11028160.59,1,0,1e+06,1000,0.8208,0.95
POL001893,Insured HMUOBZQO,452319,Retail,FL,South,5,365170.17,781991.65,7,1,5e+06,1000,1.1624,1.05
POL001894,Insured FALFGNOL,812112,Beauty Salons,WA,West,73,3749144.06,9005254.79,10,1,1e+06,2500,1.1073,1.1
POL001895,Insured MINTPXIQ,236220,Construction,TX,South,43,2747096.61,12313362.23,14,0,5e+06,2500,0.8346,1.35
POL001896,Insured MGPVCBUR,452319,Retail,GA,South,13,1267978.02,3359910.73,11,1,2e+06,5000,1.173,1.05
POL001897,Insured GNDVGPZR,236220,Construction,NY,Northeast,13,1394326.41,5612306.85,18,3,1e+06,2500,1.1609,1.35
POL001898,Insured QQYZCABP,541330,Engineering Services,IL,Midwest,11,767542.14,1740055.29,6,0,2e+06,2500,0.7156,0.85
POL001899,Insured PKKGNHOU,621111,Physician Offices,GA,South,24,1240084.74,2348727.69,12,0,2e+06,5000,0.8616,0.95
POL001900,Insured ZWTRFJHP,541330,Engineering Services,CA,West,556,44007053.2,176358980.38,12,2,2e+06,10000,0.9615,0.85
POL001901,Insured ZEGGHRLR,452319,Retail,FL,South,32,1630149.05,5074362.38,8,1,1e+06,10000,1.5883,1.05
POL001902,Insured YYLGOYBQ,812112,Beauty Salons,GA,South,20,2101823.33,5281634.01,23,0,1e+06,2500,0.7123,1.1
POL001903,Insured ICNPIJQB,621111,Physician Offices,WA,West,16,1725320.46,3340506.17,17,1,5e+06,1000,0.7291,0.95
POL001904,Insured ZWIQSMTY,541330,Engineering Services,WA,West,24,2544865.45,5946273.47,7,1,1e+06,10000,0.9164,0.85
POL001905,Insured IJVMQBLW,541330,Engineering Services,PA,Northeast,20,2326562.42,9802927.95,3,0,2e+06,2500,0.8117,0.85
POL001906,Insured ITPSTRQX,611110,Schools,NC,South,36,1501963.66,3667728.27,10,0,1e+06,10000,1.1113,0.9
POL001907,Insured DCYBLADH,611110,Schools,CA,West,30,3500612.49,13393369.09,5,1,1e+06,25000,1.0767,0.9
POL001908,Insured BKGOQEXP,621111,Physician Offices,NY,Northeast,20,1828223.21,3646523.46,9,2,2e+06,1000,1.2928,0.95
POL001909,Insured LQYRCXHG,452319,Retail,NC,South,8,758963.72,2403652.01,23,1,1e+06,5000,1.0333,1.05
POL001910,Insured ATYCSRAL,621111,Physician Offices,WA,West,10,938207.99,1843529.11,15,2,1e+06,5000,0.895,0.95
POL001911,Insured RYAVBEVA,236220,Construction,CA,West,21,1626753.67,4556684.1,24,1,5e+06,5000,0.6189,1.35
POL001912,Insured IMAOFPUP,611110,Schools,AZ,West,73,6887067.02,18353301.44,19,0,2e+06,1000,0.675,0.9
POL001913,Insured DHEIZKUF,452319,Retail,IL,Midwest,15,929566.72,3316287.12,7,2,2e+06,2500,1.0233,1.05
POL001914,Insured ZDAXPADM,236220,Construction,NY,Northeast,22,1292854.58,5527252.97,20,1,1e+06,1000,1.3081,1.35
POL001915,Insured KEFCXXDW,541330,Engineering Services,IL,Midwest,19,1329172.38,3025078.57,22,0,1e+06,1000,0.6472,0.85
POL001916,Insured JQRWYNWS,452319,Retail,NY,Northeast,9,701373.32,2941367.8,21,0,5e+06,25000,0.7885,1.05
POL001917,Insured THMTNPVE,236220,Construction,TX,South,7,826510.01,2305073.22,7,0,2e+06,1000,1.3823,1.35
POL001918,Insured QXOJOXEN,621111,Physician Offices,FL,South,24,1281631.14,4981445.32,21,0,1e+06,1000,1.1952,0.95
POL001919,Insured KTUXVRDV,722511,Restaurants,IL,Midwest,4,443854.81,1120308.72,4,1,2e+06,5000,0.6767,1.15
POL001920,Insured BIRSDEWL,236220,Construction,NY,Northeast,54,5858347.63,22489732.8,22,1,2e+06,1000,1.0382,1.35
POL001921,Insured TUUJBMIV,541330,Engineering Services,WA,West,23,1549570.62,6777999.87,13,0,1e+06,10000,1.0941,0.85
POL001922,Insured KLWXGNST,452319,Retail,GA,South,38,1452445.89,3641772.1,5,0,2e+06,1000,0.9644,1.05
POL001923,Insured VADINSSY,541330,Engineering Services,PA,Northeast,35,4233792.08,17267320.58,14,0,1e+06,2500,1.0413,0.85
POL001924,Insured XNIYQUNX,611110,Schools,TX,South,11,1354474.01,4569399.66,6,1,5e+06,5000,0.9199,0.9
POL001925,Insured CVBPTBSB,812112,Beauty Salons,GA,South,21,2543014.69,3948758,17,2,1e+06,5000,1.1056,1.1
POL001926,Insured WQNPXERP,452319,Retail,NC,South,25,987706.63,1823352.5,8,2,1e+06,1000,0.6192,1.05
POL001927,Insured NBDSFMXB,541330,Engineering Services,CA,West,44,3536139.04,12609863.63,10,3,1e+06,5000,1.1307,0.85
POL001928,Insured SKDEXJHJ,722511,Restaurants,WA,West,17,1272879.54,2802999.6,15,1,2e+06,2500,1.4819,1.15
POL001929,Insured ETEDNJDV,541330,Engineering Services,NY,Northeast,19,1879854.65,3492205.06,32,1,2e+06,1000,1.1899,0.85
POL001930,Insured WLEJGBIC,452319,Retail,AZ,West,12,622544.12,2264518.99,2,2,5e+06,1000,1.1701,1.05
POL001931,Insured GHNSYQTN,452319,Retail,NC,South,36,1724157.73,4854054.27,16,2,1e+06,10000,1.0927,1.05
POL001932,Insured EZTYQKWW,236220,Construction,WA,West,11,902412.89,2061897,7,3,1e+06,5000,1.0176,1.35
POL001933,Insured NLOTUHFU,541330,Engineering Services,NY,Northeast,16,1915925.44,3983889.4,5,2,1e+06,5000,1.0955,0.85
POL001934,Insured DCPYADLR,236220,Construction,AZ,West,39,2003549.43,5372085.5,9,3,1e+06,5000,0.8673,1.35
POL001935,Insured GALXWBOB,812112,Beauty Salons,GA,South,49,4549701.03,14003602.09,12,0,1e+06,5000,1.0801,1.1
POL001936,Insured TGFRXKCI,452319,Retail,CA,West,59,4149707.05,16052053.15,4,1,1e+06,2500,0.6133,1.05
POL001937,Insured JQQSQRQP,541330,Engineering Services,IL,Midwest,54,5818494.84,14634592.99,7,0,1e+06,5000,1.134,0.85
POL001938,Insured KNXXXOIS,621111,Physician Offices,PA,Northeast,6,737758.16,1575236.28,14,0,1e+06,10000,0.6753,0.95
POL001939,Insured JCFBTZUU,236220,Construction,WA,West,44,2398485.7,7408761.91,8,1,1e+06,2500,0.7492,1.35
POL001940,Insured JCFPLZJI,541330,Engineering Services,GA,South,20,1643489.54,4492197.53,18,0,1e+06,10000,0.9427,0.85
POL001941,Insured EMJZGLQN,621111,Physician Offices,IL,Midwest,12,879611.39,1384652.64,20,0,2e+06,1000,1.0849,0.95
POL001942,Insured YYGGJZZR,621111,Physician Offices,FL,South,46,4099199.26,6446948.12,5,0,2e+06,2500,1.4412,0.95
POL001943,Insured EOZJIBTD,621111,Physician Offices,NY,Northeast,82,7983029.63,29661966.18,12,3,2e+06,5000,1.1872,0.95
POL001944,Insured SEOHKWBQ,611110,Schools,NY,Northeast,18,1401559.2,2459706.97,8,0,2e+06,2500,2.0358,0.9
POL001945,Insured UUCCUYNW,812112,Beauty Salons,AZ,West,20,1104058.09,3479794.13,11,3,1e+06,5000,1.3699,1.1
POL001946,Insured BRSYZSVZ,722511,Restaurants,AZ,West,17,1656323.71,6406615.2,13,0,1e+06,25000,0.524,1.15
POL001947,Insured UDZXYULV,812112,Beauty Salons,AZ,West,37,4273619.23,6998393.16,11,0,1e+06,2500,0.7058,1.1
POL001948,Insured IRCCVZWM,812112,Beauty Salons,IL,Midwest,38,1882124.59,4509171.39,6,1,2e+06,5000,1.3703,1.1
POL001949,Insured CDXPJWJV,452319,Retail,PA,Northeast,9,441042.02,1397949.12,4,0,1e+06,1000,0.9205,1.05
POL001950,Insured KHIPMYYN,611110,Schools,PA,Northeast,83,4964493.41,12122989.45,5,1,2e+06,5000,0.5741,0.9
POL001951,Insured AAACYOTY,611110,Schools,CA,West,20,2416606.3,5585785.18,18,1,2e+06,2500,1.1933,0.9
POL001952,Insured BPOIRCIG,722511,Restaurants,NC,South,29,1331079.25,2785100.77,10,1,1e+06,2500,1.5949,1.15
POL001953,Insured VXQOTBZL,621111,Physician Offices,AZ,West,51,5070592.38,16148062.07,15,0,1e+06,1000,1.1799,0.95
POL001954,Insured OKNARPWH,812112,Beauty Salons,AZ,West,4,359894.29,557373.99,22,0,1e+06,2500,0.8922,1.1
POL001955,Insured BXJYVIEZ,722511,Restaurants,PA,Northeast,36,4115781.68,15236176.28,6,0,2e+06,1000,2.3883,1.15
POL001956,Insured LKHFLEJT,541330,Engineering Services,WA,West,16,974802.55,2772956.97,5,0,1e+06,1000,0.8281,0.85
POL001957,Insured BIYDCUHC,541330,Engineering Services,GA,South,19,925985.7,1657177.02,14,1,1e+06,2500,0.9545,0.85
POL001958,Insured DRONGYYD,621111,Physician Offices,IL,Midwest,101,11750494.07,46848324.66,7,0,1e+06,5000,1.1546,0.95
POL001959,Insured GTWRMVAV,722511,Restaurants,CA,West,10,564173.45,1790584.47,27,1,2e+06,2500,1.0902,1.15
POL001960,Insured NVGABHYP,621111,Physician Offices,CA,West,32,2298094.52,6100913.68,17,0,1e+06,10000,0.4666,0.95
POL001961,Insured SQOZJKXG,541330,Engineering Services,AZ,West,47,3950040.09,9901793.61,20,0,5e+06,2500,0.9361,0.85
POL001962,Insured UFZASUZG,621111,Physician Offices,TX,South,56,3946223.75,17204686.54,13,1,1e+06,2500,0.8561,0.95
POL001963,Insured SKXGIFSY,541330,Engineering Services,GA,South,69,7738639.03,23953876.24,16,1,2e+06,10000,1.4887,0.85
POL001964,Insured GVLHQHZG,452319,Retail,GA,South,64,4082336.08,8049828.51,6,1,2e+06,2500,0.7018,1.05
POL001965,Insured INPZJEZF,452319,Retail,AZ,West,36,1818327.2,4613657.54,5,1,1e+06,1000,0.987,1.05
POL001966,Insured KXYRAOEK,812112,Beauty Salons,GA,South,69,7290147.8,20358309.9,4,1,5e+06,5000,1.0163,1.1
POL001967,Insured BPBDWATN,611110,Schools,IL,Midwest,8,777875.04,1939596.9,3,0,2e+06,2500,0.8152,0.9
POL001968,Insured AUDXCSBJ,621111,Physician Offices,PA,Northeast,63,5953414.25,21160906.24,8,0,1e+06,2500,1.0703,0.95
POL001969,Insured PXIHZQEH,541330,Engineering Services,IL,Midwest,17,1403382.83,3432497.81,20,0,1e+06,2500,1.7116,0.85
POL001970,Insured KRLPNLEH,611110,Schools,IL,Midwest,45,3497523.56,8249302.33,15,2,1e+06,1000,0.7871,0.9
POL001971,Insured OLXZSCOO,236220,Construction,FL,South,33,3841423.28,11043220.51,13,0,1e+06,25000,1.1264,1.35
POL001972,Insured HZROVWHX,236220,Construction,WA,West,8,437310.31,1748644.7,22,0,1e+06,1000,1.0562,1.35
POL001973,Insured YZRZTKOE,722511,Restaurants,CA,West,18,1199312.41,2978192.65,59,0,1e+06,2500,0.6698,1.15
POL001974,Insured BQUBKBJZ,812112,Beauty Salons,PA,Northeast,24,1324708.17,2806926.27,12,1,1e+06,1000,1.1334,1.1
POL001975,Insured GENVJDYV,722511,Restaurants,AZ,West,21,1091539.44,2934763.35,5,1,2e+06,2500,1.4406,1.15
POL001976,Insured DWHFKWQY,452319,Retail,NY,Northeast,14,1414098.18,5670736.62,15,1,1e+06,10000,1.1663,1.05
POL001977,Insured QKHZHTIH,236220,Construction,FL,South,35,1994715.89,6982012.46,19,2,1e+06,10000,0.5677,1.35
POL001978,Insured YSMMMYIC,452319,Retail,NC,South,74,7732423.35,33109888.55,7,1,2e+06,5000,0.6805,1.05
POL001979,Insured RFDPFPPD,722511,Restaurants,NY,Northeast,59,6778275.2,23985155.19,15,1,1e+06,1000,1.1571,1.15
POL001980,Insured FKAPATQU,452319,Retail,WA,West,55,6873992.73,14445202.31,3,1,2e+06,1000,1.0558,1.05
POL001981,Insured AIYKCCMY,722511,Restaurants,NY,Northeast,7,282165.94,783335.32,43,1,1e+06,2500,1.0662,1.15
POL001982,Insured FBNCDIYR,621111,Physician Offices,AZ,West,93,6741776.4,22557160.08,13,2,2e+06,5000,1.5308,0.95
POL001983,Insured MARVQKOK,452319,Retail,CA,West,11,839928.66,3619731.48,5,0,1e+06,1000,0.8435,1.05
POL001984,Insured SVTVVHAP,236220,Construction,TX,South,42,2006136.99,4902210.07,18,3,1e+06,1000,0.7476,1.35
POL001985,Insured HUBAVVEF,541330,Engineering Services,WA,West,32,3044487.45,7539397.54,6,3,1e+06,10000,1.684,0.85
POL001986,Insured ZFGIJUQC,541330,Engineering Services,NC,South,14,1054027.81,3623184.23,11,1,1e+06,1000,0.915,0.85
POL001987,Insured CGYQBYZR,541330,Engineering Services,WA,West,72,2805102.23,8844009.43,16,0,5e+06,5000,1.4751,0.85
POL001988,Insured SLKAZNBQ,236220,Construction,PA,Northeast,15,904040.59,3343218.16,8,1,1e+06,5000,0.8569,1.35
POL001989,Insured UALRMBJW,611110,Schools,CA,West,47,3464611.91,13041564.64,11,3,5e+06,2500,1.0322,0.9
POL001990,Insured SCBMKGPS,611110,Schools,GA,South,100,4739027.94,19297057.52,21,0,2e+06,5000,1.3723,0.9
POL001991,Insured TFTPJJVG,452319,Retail,PA,Northeast,45,4504475.44,19421318.65,6,1,2e+06,2500,0.8456,1.05
POL001992,Insured JPWCCBLF,621111,Physician Offices,GA,South,2,136139.93,257015.67,53,0,2e+06,25000,1.0736,0.95
POL001993,Insured BUBAPZPK,812112,Beauty Salons,IL,Midwest,8,881041.8,3557439.69,13,2,1e+06,5000,1.61,1.1
POL001994,Insured IHKCKADH,722511,Restaurants,NC,South,11,598703.57,2331654.75,13,0,1e+06,2500,1.1516,1.15
POL001995,Insured WRMQFFSY,236220,Construction,NC,South,41,1978548.31,7629577.64,35,2,1e+06,5000,1.0127,1.35
POL001996,Insured DCZJZEMA,812112,Beauty Salons,NC,South,80,3456069.99,5457767.45,9,0,2e+06,10000,1.7997,1.1
POL001997,Insured OLWNNSOT,236220,Construction,NY,Northeast,11,1246372.96,3919457.5,25,2,1e+06,2500,1.0879,1.35
POL001998,Insured XBGVGDIZ,611110,Schools,FL,South,43,5281929.36,8899856.44,30,0,1e+06,2500,0.8796,0.9
POL001999,Insured USZAZKUP,452319,Retail,PA,Northeast,4,404623.42,1476733.01,26,1,1e+06,10000,1.2638,1.05
POL002000,Insured SGRCKRQG,621111,Physician Offices,FL,South,210,15954497.09,31041322.78,12,0,1e+06,2500,1.4907,0.95
POL002001,Insured FGOELENQ,812112,Beauty Salons,NC,South,7,776430.72,2839149.25,19,1,1e+06,2500,0.6249,1.1
POL002002,Insured TDKEHLJG,722511,Restaurants,WA,West,23,1491731.91,5100802.03,14,1,1e+06,2500,0.5886,1.15
POL002003,Insured NARXXYCP,722511,Restaurants,PA,Northeast,21,2410560.34,4191906.5,11,1,2e+06,1000,0.4918,1.15
POL002004,Insured UZYSYFSO,452319,Retail,GA,South,28,2278157.55,9169621.12,14,0,1e+06,5000,0.7191,1.05
POL002005,Insured AEJBNAYZ,722511,Restaurants,FL,South,35,3673073.22,5820711.63,5,1,5e+06,10000,0.8658,1.15
POL002006,Insured CDGETVRU,541330,Engineering Services,AZ,West,10,903866,3606742.89,13,1,1e+06,1000,0.8365,0.85
POL002007,Insured QEQXRKTH,541330,Engineering Services,NY,Northeast,47,3741785.34,13254114.46,19,0,1e+06,10000,0.511,0.85
POL002008,Insured YNXMABDI,812112,Beauty Salons,PA,Northeast,83,7987375.04,31521758.96,8,2,2e+06,25000,0.7434,1.1
POL002009,Insured XXTEVZNL,812112,Beauty Salons,AZ,West,72,4102826.24,11211085.58,8,2,2e+06,10000,1.3245,1.1
POL002010,Insured KKPQETFG,812112,Beauty Salons,WA,West,43,3510199.51,11108843.43,5,1,1e+06,5000,0.9064,1.1
POL002011,Insured FLNSQEEI,452319,Retail,NY,Northeast,8,977719.62,2072436.63,9,1,1e+06,5000,0.9371,1.05
POL002012,Insured NMAYAMJT,611110,Schools,IL,Midwest,24,2687214.11,10516075.22,9,0,2e+06,1000,0.657,0.9
POL002013,Insured GDNZGARB,541330,Engineering Services,NY,Northeast,161,8652497.18,25677589.78,8,0,2e+06,5000,1.5773,0.85
POL002014,Insured GCBYZIJN,236220,Construction,AZ,West,32,2221539.23,9396203.78,16,1,2e+06,5000,1.2395,1.35
POL002015,Insured JFCRJYQM,722511,Restaurants,CA,West,47,3412532.17,13259091.18,10,2,1e+06,1000,1.3068,1.15
POL002016,Insured TRVMYZPS,236220,Construction,NC,South,8,805333.55,1893777.63,5,0,2e+06,2500,0.8178,1.35
POL002017,Insured CLPGLNRR,541330,Engineering Services,NC,South,21,1593331.28,3660696.3,7,1,2e+06,2500,1.2082,0.85
POL002018,Insured NJEGSXAA,541330,Engineering Services,TX,South,68,3526012.73,8729364.86,37,0,5e+06,1000,0.5978,0.85
POL002019,Insured FBLVKHVU,621111,Physician Offices,NY,Northeast,21,1742661.46,6806222.86,16,0,2e+06,25000,0.6718,0.95
POL002020,Insured UKJDCOFP,621111,Physician Offices,IL,Midwest,92,4376419.74,10416717.89,8,3,1e+06,5000,0.8682,0.95
POL002021,Insured FBXLFQHA,452319,Retail,GA,South,68,4016784.69,16524225.77,18,0,5e+06,10000,0.596,1.05
POL002022,Insured RAVLONSE,812112,Beauty Salons,CA,West,37,3066534.37,11980455.14,34,0,2e+06,2500,0.8177,1.1
POL002023,Insured BREVXGDD,236220,Construction,WA,West,12,485909.23,916100.22,23,0,5e+06,10000,0.9559,1.35
POL002024,Insured ZIXAPDUH,621111,Physician Offices,WA,West,33,3854093.35,11229846.3,26,1,1e+06,10000,0.8452,0.95
POL002025,Insured PVLMSNOF,611110,Schools,TX,South,65,4564503.1,19955415.18,10,1,1e+06,2500,1.5151,0.9
POL002026,Insured DIABYYZH,236220,Construction,WA,West,50,5086543.71,9110630.42,6,1,1e+06,1000,0.8282,1.35
POL002027,Insured MBNUNJJY,452319,Retail,NC,South,6,557995.29,2141926.92,30,0,1e+06,2500,0.7952,1.05
POL002028,Insured CIVNRBFY,452319,Retail,NY,Northeast,28,3235836.73,6471024.18,11,0,5e+06,1000,1.1526,1.05
POL002029,Insured JOGTCTEK,541330,Engineering Services,GA,South,185,20381190.42,75904046.56,10,1,1e+06,10000,0.5425,0.85
POL002030,Insured UATNYZZU,611110,Schools,FL,South,64,2762942.51,8977801.43,11,0,1e+06,1000,0.9124,0.9
POL002031,Insured ZKSRKPZP,541330,Engineering Services,PA,Northeast,21,1046307.2,1905376.32,9,0,2e+06,2500,0.9896,0.85
POL002032,Insured HXXWYYLI,621111,Physician Offices,WA,West,30,1665429.05,3426386.15,3,0,2e+06,2500,0.867,0.95
POL002033,Insured OTDUMXZP,621111,Physician Offices,FL,South,62,3064990.02,10451083.94,10,0,1e+06,1000,0.5223,0.95
POL002034,Insured ICYNFONY,452319,Retail,CA,West,99,11855747.48,20503012.51,21,0,1e+06,1000,1.074,1.05
POL002035,Insured VHJFHJJU,611110,Schools,WA,West,32,2627342.34,4785836.7,13,0,1e+06,2500,0.8572,0.9
POL002036,Insured EHNYSHGC,452319,Retail,IL,Midwest,46,4252409.11,15646395.76,16,2,2e+06,5000,0.7038,1.05
POL002037,Insured AXOKWSXD,621111,Physician Offices,NC,South,8,634050.14,2704947.42,11,0,2e+06,5000,0.7784,0.95
POL002038,Insured QKBLHXVM,621111,Physician Offices,CA,West,21,1925143.95,5362575.11,21,1,2e+06,2500,0.7035,0.95
POL002039,Insured SCONHLCC,611110,Schools,NC,South,4,472546.79,812410.11,11,3,2e+06,5000,0.7796,0.9
POL002040,Insured PWRGGIHZ,541330,Engineering Services,CA,West,20,1523193.56,4065419.72,2,0,1e+06,2500,0.8763,0.85
POL002041,Insured TJYSEWEG,541330,Engineering Services,NC,South,11,1205180.34,2424244.36,26,2,2e+06,5000,0.8047,0.85
POL002042,Insured JUGEKOGO,541330,Engineering Services,CA,West,20,1551620.32,4436303.65,12,0,2e+06,2500,0.8024,0.85
POL002043,Insured CARTMEMJ,452319,Retail,GA,South,5,333596.01,1453793.51,33,1,2e+06,5000,1.5836,1.05
POL002044,Insured XMORFFSN,812112,Beauty Salons,AZ,West,42,3234485.53,11644849.21,16,1,1e+06,10000,0.914,1.1
POL002045,Insured CYLRHXJQ,722511,Restaurants,PA,Northeast,31,3798307.92,13947872.25,7,0,1e+06,10000,0.916,1.15
POL002046,Insured PPJIYWXC,722511,Restaurants,PA,Northeast,46,4523242.09,20039722.52,16,1,1e+06,2500,1.019,1.15
POL002047,Insured IXWGFCJY,812112,Beauty Salons,NC,South,11,1291956.89,2995427.02,9,3,5e+06,2500,0.6803,1.1
POL002048,Insured MMBTBXJH,452319,Retail,IL,Midwest,21,1573164.28,5378745.4,8,0,1e+06,2500,0.9147,1.05
POL002049,Insured EYUISZBG,812112,Beauty Salons,PA,Northeast,8,959613.63,2603673.18,40,1,1e+06,1000,1.15,1.1
POL002050,Insured RUXFHQBT,812112,Beauty Salons,WA,West,21,1924857.85,6253135.62,12,3,2e+06,1000,1.1938,1.1
POL002051,Insured VUIABOAC,452319,Retail,GA,South,5,283496.65,971975.93,7,1,1e+06,10000,0.9106,1.05
POL002052,Insured MVYJOEJE,452319,Retail,GA,South,37,3006833.37,10739765.54,14,3,2e+06,5000,1.8352,1.05
POL002053,Insured ZYOVEEUO,236220,Construction,AZ,West,7,379517.09,1412712.95,15,0,1e+06,1000,1.7052,1.35
POL002054,Insured MAAACAXN,452319,Retail,GA,South,23,2820443.47,12625941.31,14,0,1e+06,2500,1.2234,1.05
POL002055,Insured NCDGSUFH,611110,Schools,AZ,West,59,6414018.09,16076125.68,6,2,5e+06,2500,1.5771,0.9
POL002056,Insured TRQZPLHW,611110,Schools,PA,Northeast,7,292873.99,1226960.72,65,1,2e+06,2500,1.2654,0.9
POL002057,Insured ISJTXJRQ,621111,Physician Offices,NC,South,32,3710477.25,7623061.37,25,2,1e+06,2500,0.8014,0.95
POL002058,Insured ZWWZQCMG,452319,Retail,CA,West,12,1450784.79,4109353.21,9,0,2e+06,1000,1.369,1.05
POL002059,Insured XXOZFDKF,452319,Retail,AZ,West,43,1649373.93,4767170.58,4,2,2e+06,1000,0.7994,1.05
POL002060,Insured GIVVMERT,722511,Restaurants,WA,West,4,458626.88,850284.52,4,0,2e+06,10000,1.0807,1.15
POL002061,Insured ILHTPAAI,812112,Beauty Salons,PA,Northeast,14,988259.63,2772424.02,11,1,2e+06,2500,0.8516,1.1
POL002062,Insured EHGPHJSI,621111,Physician Offices,CA,West,64,6667591.73,22557165.78,17,0,1e+06,2500,2.0438,0.95
POL002063,Insured VNYLCKWF,236220,Construction,IL,Midwest,11,814372.55,2755901.14,6,2,2e+06,2500,1.0269,1.35
POL002064,Insured QTZTYYFK,541330,Engineering Services,PA,Northeast,25,1367915.7,3738830.78,10,1,2e+06,10000,1.286,0.85
POL002065,Insured HKAMDDHI,541330,Engineering Services,GA,South,5,588146.12,1099255.13,14,0,2e+06,2500,1.0958,0.85
POL002066,Insured VQHWDFRC,611110,Schools,IL,Midwest,83,8236701.31,19340174.06,24,1,1e+06,2500,0.9973,0.9
POL002067,Insured JUXBNZJM,722511,Restaurants,FL,South,12,698795.42,1863675.96,11,0,2e+06,5000,1.183,1.15
POL002068,Insured MZGDUVYE,812112,Beauty Salons,AZ,West,4,454536.14,2044489.5,20,2,1e+06,1000,1.3144,1.1
POL002069,Insured HTIXJWIU,611110,Schools,FL,South,16,983362.71,2723823.6,38,1,2e+06,2500,1.5695,0.9
POL002070,Insured UXEFIEKK,722511,Restaurants,FL,South,21,2170771.57,8788020.7,45,1,5e+06,1000,1.1131,1.15
POL002071,Insured QTRCXLXM,812112,Beauty Salons,PA,Northeast,117,5389047.95,12846961.5,21,0,2e+06,1000,0.9663,1.1
POL002072,Insured YYATKWGR,611110,Schools,NC,South,17,1057107.65,2371623.72,28,1,2e+06,2500,1.361,0.9
POL002073,Insured PWWOUYVB,236220,Construction,PA,Northeast,17,1675811.91,6604407.8,56,0,5e+06,5000,1.0017,1.35
POL002074,Insured VEPSSSAC,621111,Physician Offices,CA,West,13,539868.32,1676024.31,13,0,2e+06,2500,0.6587,0.95
POL002075,Insured FWTJXWZX,812112,Beauty Salons,AZ,West,31,1506392.69,3224621.83,9,0,1e+06,2500,0.9551,1.1
POL002076,Insured NKGYVUVX,611110,Schools,NC,South,37,4271009.33,15120542.88,7,1,1e+06,10000,1.2002,0.9
POL002077,Insured DHZLNZDN,722511,Restaurants,PA,Northeast,33,2120785.2,6651556.67,16,2,2e+06,2500,1.7676,1.15
POL002078,Insured YXRMBQGT,621111,Physician Offices,GA,South,25,1740604.37,6981621.14,26,3,1e+06,2500,0.8284,0.95
POL002079,Insured ZUKGFEFQ,236220,Construction,NC,South,25,2726800.13,8917323.45,8,0,1e+06,5000,0.7876,1.35
POL002080,Insured BBTXZJZM,236220,Construction,AZ,West,14,627201.89,1144025.11,12,2,1e+06,2500,0.6844,1.35
POL002081,Insured RNZWHAZG,722511,Restaurants,IL,Midwest,43,3633745.95,7754286.82,24,0,1e+06,2500,0.9152,1.15
POL002082,Insured ANJQXXVN,452319,Retail,GA,South,23,1864452.57,6976836.59,20,1,1e+06,1000,0.7018,1.05
POL002083,Insured RBRHRQGC,611110,Schools,FL,South,26,1476935.31,2335116.09,6,1,1e+06,1000,1.0304,0.9
POL002084,Insured FIHQMFNW,812112,Beauty Salons,PA,Northeast,70,4436558.25,14476279.35,14,2,2e+06,2500,0.925,1.1
POL002085,Insured UKCXSYBO,611110,Schools,NC,South,13,779175.35,2169234.63,17,1,2e+06,1000,1.2789,0.9
POL002086,Insured URCFKNXH,452319,Retail,CA,West,35,3799806.02,11299956.35,22,0,1e+06,2500,1.0577,1.05
POL002087,Insured DVIWYGMI,452319,Retail,FL,South,29,2349660.21,10410526.14,11,0,1e+06,2500,0.7241,1.05
POL002088,Insured OHXRMIOG,722511,Restaurants,AZ,West,30,2382103.27,8057901.79,11,0,2e+06,1000,0.8215,1.15
POL002089,Insured FOUHMMZZ,452319,Retail,TX,South,16,1381153.08,4943807.89,22,0,1e+06,5000,0.7824,1.05
POL002090,Insured CGQWVADH,452319,Retail,NY,Northeast,41,4599304.66,11015505.29,9,0,5e+06,5000,1.0001,1.05
POL002091,Insured GFYUSDKS,621111,Physician Offices,TX,South,22,1910547.51,4693669.09,25,1,5e+06,5000,0.7871,0.95
POL002092,Insured DIAGVMJE,236220,Construction,FL,South,90,9905860.08,43622466.11,14,0,2e+06,2500,1.4125,1.35
POL002093,Insured APVZGOFQ,722511,Restaurants,TX,South,16,1618372.5,5489167.87,15,0,5e+06,1000,0.8643,1.15
POL002094,Insured YMWTXAGY,722511,Restaurants,AZ,West,35,4050364.96,11512025,10,4,1e+06,5000,0.5668,1.15
POL002095,Insured AWQHJINC,611110,Schools,IL,Midwest,67,3069142.78,6015223.72,10,2,1e+06,5000,0.7131,0.9
POL002096,Insured KCUUJJUK,722511,Restaurants,NC,South,22,940448.01,3371810.41,10,2,1e+06,25000,0.9613,1.15
POL002097,Insured UASPPEXG,812112,Beauty Salons,NY,Northeast,139,14588326.69,54195592.27,21,0,2e+06,1000,1.3326,1.1
POL002098,Insured DGHIPNCH,611110,Schools,TX,South,28,1621295.26,4917056.47,5,1,1e+06,2500,1.2536,0.9
POL002099,Insured BICYRRUK,611110,Schools,PA,Northeast,23,2181578.66,9696532.81,12,2,1e+06,10000,1.3037,0.9
POL002100,Insured HRRXENCV,541330,Engineering Services,PA,Northeast,6,503478.33,973854.81,5,0,2e+06,10000,0.7036,0.85
POL002101,Insured LQODWVIK,621111,Physician Offices,PA,Northeast,27,3135045.9,6629427.52,14,0,1e+06,10000,1.1565,0.95
POL002102,Insured KZOZPYFM,621111,Physician Offices,GA,South,47,5874982,23410746.56,13,1,1e+06,10000,0.9705,0.95
POL002103,Insured XABJTQDW,812112,Beauty Salons,WA,West,7,850808.02,3346538.4,14,1,1e+06,1000,0.68,1.1
POL002104,Insured XRMVZLWP,452319,Retail,FL,South,119,8067589.07,17201201.93,13,0,5e+06,10000,0.803,1.05
POL002105,Insured BHUFJEGD,621111,Physician Offices,GA,South,78,5695248.79,25500577.61,27,1,5e+06,1000,1.4681,0.95
POL002106,Insured RUOFABKG,722511,Restaurants,PA,Northeast,77,8809575.37,19584971.63,6,0,1e+06,5000,1.184,1.15
POL002107,Insured LGJFOXGH,621111,Physician Offices,FL,South,55,2803359.98,9260668.61,16,1,1e+06,5000,0.8926,0.95
POL002108,Insured ZTMOKYGB,236220,Construction,PA,Northeast,62,6582345.56,14107798.85,11,0,5e+06,1000,0.7067,1.35
POL002109,Insured UIYQJKDO,611110,Schools,WA,West,6,600140.27,1826764.47,14,0,2e+06,5000,1.9549,0.9
POL002110,Insured ZGBCNGHZ,452319,Retail,NC,South,57,5500699.72,8654317.69,12,4,2e+06,1000,1.0253,1.05
POL002111,Insured XCQDQVNA,621111,Physician Offices,WA,West,19,1022791.6,2348445.62,18,1,1e+06,2500,0.8941,0.95
POL002112,Insured BZZUBUFS,722511,Restaurants,NY,Northeast,150,16226801.73,30929466.05,15,0,1e+06,2500,1.0615,1.15
POL002113,Insured DLLOTQBD,621111,Physician Offices,WA,West,14,1055753.39,3962574.22,8,0,1e+06,2500,0.4295,0.95
POL002114,Insured DSTXVHVU,541330,Engineering Services,WA,West,58,3005392.77,5441507.85,5,2,2e+06,5000,0.7482,0.85
POL002115,Insured HLXCOPVV,452319,Retail,TX,South,19,1122665.21,4571050.28,27,3,1e+06,10000,0.9381,1.05
POL002116,Insured OGHKYIUK,611110,Schools,TX,South,11,1080866.23,2950318.62,13,0,1e+06,5000,0.9068,0.9
POL002117,Insured GTRVYDPC,236220,Construction,PA,Northeast,48,3847336.84,9194784.33,30,0,1e+06,5000,0.7906,1.35
POL002118,Insured YFWMOWWM,611110,Schools,IL,Midwest,21,822414.48,2827917.7,8,0,2e+06,1000,0.9349,0.9
POL002119,Insured FVYATRXD,236220,Construction,AZ,West,25,2142311.41,8616689.77,11,0,2e+06,2500,1.1379,1.35
POL002120,Insured OAEVJKHF,611110,Schools,CA,West,13,913852.16,3188142.5,20,1,1e+06,1000,0.7298,0.9
POL002121,Insured AQXMASDM,611110,Schools,TX,South,82,8473626.89,22783742.56,24,0,1e+06,5000,0.7061,0.9
POL002122,Insured JVMPXHCX,722511,Restaurants,PA,Northeast,57,3698267.02,12842871.94,11,1,2e+06,5000,0.7165,1.15
POL002123,Insured OAFVUMJF,452319,Retail,AZ,West,37,3502839.95,8109234.93,8,2,1e+06,2500,0.9053,1.05
POL002124,Insured MTONJRUI,452319,Retail,IL,Midwest,22,842087.79,2958429.6,14,2,2e+06,2500,1.2814,1.05
POL002125,Insured GAVIKLXP,621111,Physician Offices,AZ,West,41,2295365.28,8452123.03,6,1,2e+06,5000,1.4769,0.95
POL002126,Insured YMPYMFJD,452319,Retail,TX,South,29,1408356.99,5038063,10,2,1e+06,2500,1.4763,1.05
POL002127,Insured CCXPADZJ,722511,Restaurants,NY,Northeast,72,4124227.23,13865754.92,37,0,5e+06,5000,1.4222,1.15
POL002128,Insured FYYWQGWA,452319,Retail,TX,South,60,6413919.64,18845872.3,16,2,1e+06,5000,0.8235,1.05
POL002129,Insured GXXKLHSO,722511,Restaurants,CA,West,22,2164096.82,5866308.03,15,2,1e+06,1000,0.9945,1.15
POL002130,Insured DYJOSZMR,722511,Restaurants,WA,West,46,3253418.6,9793804.17,15,2,2e+06,10000,0.6248,1.15
POL002131,Insured POYWYBSG,621111,Physician Offices,NY,Northeast,12,610074.24,1967553.77,22,1,1e+06,10000,0.8869,0.95
POL002132,Insured GSAOFUZC,541330,Engineering Services,FL,South,18,1766407.97,5394750.16,4,1,5e+06,5000,0.6797,0.85
POL002133,Insured HVXJLREY,621111,Physician Offices,GA,South,39,2383666.3,6922634.92,27,1,1e+06,5000,1.5016,0.95
POL002134,Insured GTRBWPUJ,541330,Engineering Services,IL,Midwest,44,5283075.34,20582640.5,7,1,2e+06,2500,0.8699,0.85
POL002135,Insured OPLCNLSK,812112,Beauty Salons,AZ,West,87,5946839.69,16753047.09,5,1,1e+06,1000,0.9435,1.1
POL002136,Insured LNCPFAWE,611110,Schools,CA,West,132,14909098.62,52279437.71,16,1,1e+06,5000,0.7917,0.9
POL002137,Insured SFZYNDAR,236220,Construction,FL,South,19,1217620.94,3592471.31,33,1,1e+06,5000,0.9873,1.35
POL002138,Insured HZYADODP,236220,Construction,WA,West,19,1784996.28,2813812.78,10,0,1e+06,1000,1.666,1.35
POL002139,Insured ZTDQWEIM,452319,Retail,NY,Northeast,14,1351097.51,4879529.63,3,2,1e+06,1000,0.7495,1.05
POL002140,Insured IXMCEQEX,812112,Beauty Salons,CA,West,8,705855.98,1360307.66,19,1,1e+06,2500,0.8391,1.1
POL002141,Insured GZAIUHRA,452319,Retail,PA,Northeast,54,3008320.33,11339986.17,11,2,2e+06,2500,1.0262,1.05
POL002142,Insured MTOOYVSX,541330,Engineering Services,TX,South,16,1784575.05,5499696.39,5,2,1e+06,5000,0.975,0.85
POL002143,Insured FAEESJFK,812112,Beauty Salons,NY,Northeast,33,3300106.49,5181622.65,27,3,2e+06,25000,0.7478,1.1
POL002144,Insured GDKYQJIZ,541330,Engineering Services,IL,Midwest,45,5328023.72,21205933.87,17,0,1e+06,5000,0.7121,0.85
POL002145,Insured WYXGVDYS,812112,Beauty Salons,NY,Northeast,81,4404964.52,17722932.21,14,0,2e+06,2500,1.3266,1.1
POL002146,Insured JKOOJEOT,541330,Engineering Services,FL,South,69,6337324.55,11210164.28,5,0,1e+06,1000,1.544,0.85
POL002147,Insured XXCZBWHQ,812112,Beauty Salons,AZ,West,58,3824993.09,7597593.27,18,1,1e+06,1000,1.4426,1.1
POL002148,Insured ZRSNTTQF,611110,Schools,WA,West,55,3525945.93,14812730.46,8,1,2e+06,2500,0.7647,0.9
POL002149,Insured PPRCDQNL,452319,Retail,CA,West,18,1634097.95,5961947.94,7,1,5e+06,1000,0.8855,1.05
POL002150,Insured IRMFSZWC,541330,Engineering Services,GA,South,22,2399561.13,4041546.3,6,3,1e+06,2500,0.5094,0.85
POL002151,Insured OYBWAUOM,236220,Construction,GA,South,63,7226777.36,26549119.06,14,0,5e+06,1000,0.7179,1.35
POL002152,Insured SMPLXTUV,812112,Beauty Salons,AZ,West,18,1376678.31,3424010.23,20,0,5e+06,2500,0.9095,1.1
POL002153,Insured LGCXHKUW,452319,Retail,CA,West,52,3927969,11671990.44,4,2,1e+06,5000,1.448,1.05
POL002154,Insured THMFNRWB,611110,Schools,IL,Midwest,38,4305395.84,17240900.91,6,1,1e+06,10000,0.6946,0.9
POL002155,Insured YSJIALMA,541330,Engineering Services,GA,South,25,2764077.2,6944485.94,10,1,1e+06,2500,0.8865,0.85
POL002156,Insured YIROKQWJ,452319,Retail,PA,Northeast,24,1370241.49,6053913.51,21,1,2e+06,5000,0.8653,1.05
POL002157,Insured IMGMUJOM,236220,Construction,NC,South,20,1480344.97,3098966.63,2,1,1e+06,2500,1.056,1.35
POL002158,Insured VYFVORMA,452319,Retail,IL,Midwest,47,2531052.08,4298430.78,7,0,1e+06,5000,0.6688,1.05
POL002159,Insured QFCUNAYB,236220,Construction,NC,South,30,3182047.46,9505982.81,28,1,1e+06,1000,0.8793,1.35
POL002160,Insured SYNPZMQK,621111,Physician Offices,GA,South,42,1879460.29,6556688.65,8,1,1e+06,5000,1.1984,0.95
POL002161,Insured WWDSIOOL,541330,Engineering Services,AZ,West,5,346782.17,922485.76,7,1,1e+06,5000,0.8372,0.85
POL002162,Insured PXJFCBQC,812112,Beauty Salons,IL,Midwest,34,2908995.54,6765302.73,18,2,2e+06,10000,0.8819,1.1
POL002163,Insured OEDCGGIW,236220,Construction,PA,Northeast,12,607062.65,1578119.87,33,1,2e+06,5000,1.2667,1.35
POL002164,Insured UWCEDLQO,452319,Retail,NC,South,19,1543736.01,2754208.97,15,0,1e+06,2500,0.9055,1.05
POL002165,Insured WGCOSVRH,611110,Schools,GA,South,81,8378822.54,27965057.14,7,0,2e+06,5000,1.1039,0.9
POL002166,Insured PWNDHWQC,621111,Physician Offices,CA,West,7,311995.68,681600.94,12,1,1e+06,1000,0.9188,0.95
POL002167,Insured LHQHGRMT,452319,Retail,NY,Northeast,22,1810608.4,4808782.36,30,2,2e+06,5000,1.7451,1.05
POL002168,Insured HVNCBFCL,812112,Beauty Salons,GA,South,21,2444483.47,6257221.43,3,0,2e+06,2500,1.3923,1.1
POL002169,Insured ANMMOVPF,621111,Physician Offices,GA,South,74,3711112.52,8554052.9,26,1,1e+06,2500,1.0206,0.95
POL002170,Insured WEQVEQCP,722511,Restaurants,TX,South,28,1341627.52,2742832.59,27,1,1e+06,25000,1.0899,1.15
POL002171,Insured BYVFIUXO,812112,Beauty Salons,GA,South,43,4890718.69,14313968.19,27,2,1e+06,5000,0.8814,1.1
POL002172,Insured FGJQQYJZ,812112,Beauty Salons,NY,Northeast,19,1050581.87,2473342.3,11,1,1e+06,10000,1.654,1.1
POL002173,Insured CDTOVIVD,722511,Restaurants,AZ,West,62,4971350.44,9214492.19,12,0,2e+06,10000,1.3394,1.15
POL002174,Insured EWVCBRBA,621111,Physician Offices,GA,South,31,1691920.49,4141127.37,13,1,2e+06,1000,1.07,0.95
POL002175,Insured UTWAVLPF,236220,Construction,AZ,West,52,2276991.86,3881556.05,15,1,1e+06,2500,1.0446,1.35
POL002176,Insured NJHMHYXQ,541330,Engineering Services,CA,West,47,4905503.91,11943957.72,4,3,2e+06,5000,0.7166,0.85
POL002177,Insured ZOXCOFJY,722511,Restaurants,IL,Midwest,18,792885.73,3277345.86,9,1,1e+06,2500,1.9832,1.15
POL002178,Insured XKDZXEHX,812112,Beauty Salons,IL,Midwest,20,2490637.13,8478017.64,9,0,1e+06,2500,0.5577,1.1
POL002179,Insured TLIILLUI,621111,Physician Offices,FL,South,44,3223168.35,8795929.61,7,1,1e+06,10000,2.1679,0.95
POL002180,Insured QROGEBNZ,236220,Construction,WA,West,15,1463170.74,5379892.7,31,1,2e+06,1000,0.9264,1.35
POL002181,Insured DCPOAYZG,621111,Physician Offices,CA,West,20,980102.42,2612509.78,8,0,1e+06,2500,0.7758,0.95
POL002182,Insured QWSUFQMR,611110,Schools,FL,South,8,637538.99,1827024.7,19,1,1e+06,25000,1.3042,0.9
POL002183,Insured HSLLEANP,611110,Schools,TX,South,39,3928628.86,15449183.9,26,0,1e+06,25000,1.28,0.9
POL002184,Insured XLQYRHVK,812112,Beauty Salons,GA,South,26,2828467.22,10364218.75,10,1,2e+06,5000,0.6828,1.1
POL002185,Insured PJZWADZS,812112,Beauty Salons,TX,South,13,943817.51,1711512.54,6,1,5e+06,5000,1.0448,1.1
POL002186,Insured OOBMVQRR,621111,Physician Offices,GA,South,30,1666654.65,3060013.31,2,2,1e+06,2500,0.5662,0.95
POL002187,Insured BIRDDHPQ,722511,Restaurants,WA,West,81,9625036.7,24176099.99,5,0,1e+06,10000,0.876,1.15
POL002188,Insured HSKFXPNA,621111,Physician Offices,GA,South,24,2831837.39,7932175.78,18,3,1e+06,2500,0.9011,0.95
POL002189,Insured DDJRRCEY,452319,Retail,WA,West,27,1046122.23,2035299.64,17,2,5e+06,5000,1.0034,1.05
POL002190,Insured DUZGSGAZ,722511,Restaurants,NY,Northeast,14,1495566.91,2394525.89,7,0,5e+06,2500,0.9032,1.15
POL002191,Insured NXZTOHWD,541330,Engineering Services,NC,South,33,3442144.5,12609211.62,27,1,1e+06,2500,0.8954,0.85
POL002192,Insured FGKPJMKA,236220,Construction,PA,Northeast,5,552837.71,1680084.82,9,1,1e+06,25000,1.0468,1.35
POL002193,Insured IUNKESRN,236220,Construction,AZ,West,20,1389582.86,5026891.78,4,0,2e+06,2500,0.5039,1.35
POL002194,Insured GCADWLVS,611110,Schools,TX,South,61,6730202.26,29295670.59,27,0,1e+06,10000,1.3477,0.9
POL002195,Insured LCINNKKZ,621111,Physician Offices,WA,West,32,2153566.66,5357445.2,2,0,1e+06,5000,1.6921,0.95
POL002196,Insured NDGDVITZ,722511,Restaurants,WA,West,5,577958.45,908226.38,10,0,1e+06,2500,0.7503,1.15
POL002197,Insured GJHGMTCY,621111,Physician Offices,NC,South,20,1640677.35,5407600.69,70,1,1e+06,1000,1.2558,0.95
POL002198,Insured HCMGAARE,452319,Retail,GA,South,23,1101449.48,2346709.3,8,2,1e+06,5000,1.1995,1.05
POL002199,Insured JLYOGRXV,812112,Beauty Salons,AZ,West,47,3123456.57,4713804.71,16,0,1e+06,10000,0.7362,1.1
POL002200,Insured VFLMNSOX,541330,Engineering Services,FL,South,44,4242265.78,14479291.17,10,0,1e+06,1000,0.8136,0.85
POL002201,Insured LKQGXXDX,621111,Physician Offices,PA,Northeast,17,1765509.23,3652568.41,14,1,2e+06,1000,0.9529,0.95
POL002202,Insured XOLSMDIR,722511,Restaurants,FL,South,39,3117225.99,6169735.14,6,0,1e+06,2500,1.5762,1.15
POL002203,Insured GNSYOIWZ,812112,Beauty Salons,TX,South,25,1626287.12,5471229.05,34,0,2e+06,1000,1.0564,1.1
POL002204,Insured KHIFUHEQ,541330,Engineering Services,PA,Northeast,45,3262395.27,5487759.74,11,2,1e+06,2500,0.7372,0.85
POL002205,Insured ROBNAFXB,812112,Beauty Salons,GA,South,38,3389832.42,12697857.28,20,1,1e+06,5000,1.0296,1.1
POL002206,Insured JYIXETZI,452319,Retail,NC,South,15,1225186.27,5228289.45,47,2,5e+06,1000,0.7604,1.05
POL002207,Insured KYKNZOLX,621111,Physician Offices,GA,South,40,2975504.07,6644606.94,21,0,1e+06,1000,0.8739,0.95
POL002208,Insured IWDPHEQV,621111,Physician Offices,NC,South,23,2230682.44,4847182.38,15,0,5e+06,5000,1.0717,0.95
POL002209,Insured MXBHILTP,621111,Physician Offices,PA,Northeast,43,2844821.04,5720772.07,7,2,5e+06,2500,0.7857,0.95
POL002210,Insured ERANHHOF,611110,Schools,PA,Northeast,29,2465360.75,8451098.88,52,1,5e+06,5000,0.9,0.9
POL002211,Insured UTXKCEZI,611110,Schools,AZ,West,32,2594393.81,7856164.24,10,0,5e+06,10000,1.3197,0.9
POL002212,Insured ECERPFRV,236220,Construction,NC,South,49,4002996.26,8390397.15,15,1,2e+06,2500,1.5908,1.35
POL002213,Insured XDKTBTWW,236220,Construction,TX,South,23,1841875.37,3192431.99,18,0,2e+06,1000,0.7366,1.35
POL002214,Insured KWLGMQZU,611110,Schools,NC,South,3,170493.45,741084.52,20,0,1e+06,5000,1.7439,0.9
POL002215,Insured DXOHRNFU,611110,Schools,FL,South,65,6957149.31,20095002.66,22,1,1e+06,25000,0.8049,0.9
POL002216,Insured TREHGLCQ,812112,Beauty Salons,PA,Northeast,93,7678235.64,13209845.67,24,2,5e+06,2500,0.7903,1.1
POL002217,Insured NPKGLNIT,541330,Engineering Services,CA,West,6,531701.98,1754409.46,16,2,2e+06,10000,0.5997,0.85
POL002218,Insured RUGVEWBF,722511,Restaurants,NY,Northeast,13,958319.85,4048071.19,23,0,1e+06,5000,0.9489,1.15
POL002219,Insured DTWHRGTQ,236220,Construction,FL,South,40,2056564.6,9079798.19,6,2,2e+06,5000,0.9822,1.35
POL002220,Insured GMGXNJHO,722511,Restaurants,NY,Northeast,17,1914055.58,5838498.83,12,1,1e+06,2500,1.1276,1.15
POL002221,Insured LAXQNCLF,541330,Engineering Services,FL,South,16,651715.6,1790955.31,7,1,5e+06,1000,0.8721,0.85
POL002222,Insured ODWAKAMJ,452319,Retail,WA,West,68,6279287.83,16014798.8,24,1,1e+06,5000,1.1037,1.05
POL002223,Insured KMXTUCMQ,452319,Retail,PA,Northeast,54,5618133.77,10872420.32,6,1,1e+06,10000,0.7358,1.05
POL002224,Insured TJZBDLYI,812112,Beauty Salons,WA,West,14,1747859.88,3228467.18,13,1,5e+06,10000,0.9597,1.1
POL002225,Insured BKINATTT,812112,Beauty Salons,TX,South,61,4315037.83,9698078.27,12,1,1e+06,2500,0.6889,1.1
POL002226,Insured XDBNFMCV,621111,Physician Offices,IL,Midwest,30,3367577.01,5903948.95,30,1,1e+06,10000,1.0043,0.95
POL002227,Insured NETBGGMK,621111,Physician Offices,NY,Northeast,29,1710198.83,7160528.47,6,1,2e+06,5000,0.9949,0.95
POL002228,Insured JKNQOFVN,541330,Engineering Services,AZ,West,21,1447169.63,2659577.67,9,1,2e+06,10000,0.8574,0.85
POL002229,Insured ABSYAXXU,236220,Construction,WA,West,5,416011.76,1644092.68,8,2,5e+06,10000,1.0242,1.35
POL002230,Insured PWFOHQSF,611110,Schools,NC,South,15,1400450.57,3142609.85,21,1,1e+06,5000,1.068,0.9
POL002231,Insured ESEADYDL,452319,Retail,FL,South,32,2917114.23,9886049.69,14,3,1e+06,5000,1.5323,1.05
POL002232,Insured XUSQERCB,541330,Engineering Services,PA,Northeast,71,8209146.06,15811746.74,32,1,5e+06,2500,0.7196,0.85
POL002233,Insured GTUXOAFL,541330,Engineering Services,NY,Northeast,6,384036.41,1190172.71,7,0,2e+06,2500,0.9054,0.85
POL002234,Insured ZBEBKNFA,611110,Schools,CA,West,53,6087376.22,15998961.99,11,0,5e+06,1000,1.2547,0.9
POL002235,Insured EABNQAXH,236220,Construction,FL,South,35,3059400.99,11460626.65,7,1,1e+06,10000,1.3256,1.35
POL002236,Insured ZJPXSQWL,722511,Restaurants,FL,South,4,175481.33,734977.82,15,1,5e+06,2500,0.7744,1.15
POL002237,Insured TXDNBBRJ,722511,Restaurants,CA,West,19,819861.21,2408413.52,5,3,2e+06,5000,1.0291,1.15
POL002238,Insured ARZAWVIS,452319,Retail,NC,South,67,6663825.49,28499135.3,29,0,1e+06,2500,0.9356,1.05
POL002239,Insured WUKMTVNV,236220,Construction,AZ,West,13,563750.75,917071.46,37,1,1e+06,2500,0.8375,1.35
POL002240,Insured CUKUYGKZ,611110,Schools,FL,South,375,40870337.97,124352345.93,6,0,2e+06,2500,0.8115,0.9
POL002241,Insured WVQOIRWW,236220,Construction,IL,Midwest,32,3245491.87,11171523.07,8,3,1e+06,1000,1.1854,1.35
POL002242,Insured ASTHODFV,722511,Restaurants,FL,South,10,795589.19,1957705.04,16,0,1e+06,10000,0.8981,1.15
POL002243,Insured MZTFTJKM,541330,Engineering Services,PA,Northeast,20,2307388.74,5501912.33,18,1,5e+06,25000,1.1017,0.85
POL002244,Insured AHGQVEOS,236220,Construction,AZ,West,39,4650180.77,16643180.02,61,2,2e+06,2500,0.7516,1.35
POL002245,Insured TEOKQRYR,722511,Restaurants,PA,Northeast,10,679443.79,2940705.98,33,1,5e+06,2500,0.7717,1.15
POL002246,Insured TSYQGWOE,812112,Beauty Salons,NY,Northeast,11,1270871.16,4872386.73,13,0,1e+06,2500,1.609,1.1
POL002247,Insured KKBKTYGB,452319,Retail,FL,South,30,2799490.73,10893955.29,6,0,2e+06,5000,1.1312,1.05
POL002248,Insured RSHLFBEI,621111,Physician Offices,WA,West,33,3940248.9,15821630.84,8,1,5e+06,10000,1.2674,0.95
POL002249,Insured UMPRAQKN,236220,Construction,FL,South,44,3124692.59,9437162.21,9,3,1e+06,5000,0.7297,1.35
POL002250,Insured LUOIWSXY,541330,Engineering Services,NY,Northeast,13,660387.55,1287629.97,11,0,2e+06,2500,1.8491,0.85
POL002251,Insured EWVODODM,812112,Beauty Salons,CA,West,15,863526.05,2720848.35,20,0,2e+06,1000,1.1241,1.1
POL002252,Insured POLRNPNP,722511,Restaurants,AZ,West,49,5217587.13,9707296.22,7,3,1e+06,1000,1.4788,1.15
POL002253,Insured RVWYYYRR,452319,Retail,NY,Northeast,14,1133313.2,2841369.47,17,0,1e+06,1000,0.7824,1.05
POL002254,Insured FAFRXBJH,236220,Construction,PA,Northeast,24,1852330.03,5349234.73,11,1,2e+06,1000,0.9178,1.35
POL002255,Insured OOKPJYDW,541330,Engineering Services,TX,South,15,885304.22,3841112.85,10,1,5e+06,1000,1.4125,0.85
POL002256,Insured DLXPXVPI,722511,Restaurants,GA,South,30,3284641.79,6196946.75,9,2,2e+06,2500,1.2186,1.15
POL002257,Insured FXIDCKSG,812112,Beauty Salons,WA,West,10,562085.46,1032502.81,4,1,5e+06,1000,1.224,1.1
POL002258,Insured PWGNPWAH,722511,Restaurants,NY,Northeast,68,3117947.81,6322940.39,10,1,1e+06,1000,1.0422,1.15
POL002259,Insured KLKHJZGE,812112,Beauty Salons,CA,West,26,1710255.06,2736066.69,31,2,1e+06,5000,1.1674,1.1
POL002260,Insured OMDLTURW,621111,Physician Offices,GA,South,34,2855728.2,4300586.48,12,1,1e+06,25000,1.215,0.95
POL002261,Insured WICEJWKA,722511,Restaurants,NY,Northeast,5,436730.89,727382.47,13,0,2e+06,2500,0.9946,1.15
POL002262,Insured BEIKDTLH,236220,Construction,PA,Northeast,61,7399897.19,30307187.55,9,4,1e+06,5000,1.1766,1.35
POL002263,Insured ITNKHHCG,541330,Engineering Services,FL,South,147,8869957.38,25575141.18,14,0,1e+06,2500,1.2147,0.85
POL002264,Insured SYWXBLWQ,452319,Retail,WA,West,36,3532985.81,8314036.51,13,1,2e+06,2500,0.6724,1.05
POL002265,Insured MWJFUEQN,236220,Construction,CA,West,14,802756.98,1725964.77,24,1,5e+06,10000,1.158,1.35
POL002266,Insured JXGPYSFV,621111,Physician Offices,PA,Northeast,24,2973060.34,7238680.23,6,1,1e+06,2500,1.0061,0.95
POL002267,Insured JAAEUHPL,722511,Restaurants,AZ,West,43,2395677.02,4891539.35,4,0,1e+06,2500,0.9718,1.15
POL002268,Insured XHIGIKLK,541330,Engineering Services,GA,South,8,506059.07,768803.48,4,0,1e+06,5000,0.7322,0.85
POL002269,Insured NIRSPMCJ,722511,Restaurants,CA,West,21,2033612.68,3345045.14,8,1,2e+06,1000,0.9815,1.15
POL002270,Insured KIWLESOX,452319,Retail,NC,South,61,5801683,16392886.7,15,0,1e+06,2500,0.6119,1.05
POL002271,Insured VTRNTXWC,611110,Schools,GA,South,10,988879.97,1842119.79,5,1,2e+06,5000,0.7954,0.9
POL002272,Insured HIXWNBIV,452319,Retail,TX,South,38,1507388.95,6161368,53,0,5e+06,2500,1.0371,1.05
POL002273,Insured NENMQFEF,621111,Physician Offices,GA,South,9,780671.25,2197574.23,12,4,5e+06,10000,0.5041,0.95
POL002274,Insured CJBDDLJU,541330,Engineering Services,WA,West,30,1834360.06,6699710.59,3,1,1e+06,10000,0.9231,0.85
POL002275,Insured FDXEEFAN,722511,Restaurants,IL,Midwest,13,1458089.92,2711871.75,5,0,1e+06,2500,0.9532,1.15
POL002276,Insured TOALHKKC,611110,Schools,AZ,West,49,2294193.88,7981648.7,6,1,2e+06,1000,1.378,0.9
POL002277,Insured TQAWAAUE,621111,Physician Offices,PA,Northeast,27,1875891.29,4468101.18,31,1,2e+06,1000,1.0001,0.95
POL002278,Insured EBJTGUWD,812112,Beauty Salons,AZ,West,14,1668115.92,7248782.72,20,2,2e+06,5000,1.4197,1.1
POL002279,Insured FNDJTCMT,236220,Construction,CA,West,5,238005.91,621155.91,17,1,1e+06,5000,0.651,1.35
POL002280,Insured HCQACGLA,541330,Engineering Services,FL,South,34,2066582.33,7461897.6,13,1,1e+06,10000,1.2667,0.85
POL002281,Insured FIQRCMHC,621111,Physician Offices,NC,South,29,2737914.97,10277436.81,8,0,1e+06,2500,1.1233,0.95
POL002282,Insured TLPFDWKU,452319,Retail,CA,West,12,806609.86,2484062.92,13,2,1e+06,2500,1.0048,1.05
POL002283,Insured JJHWMYYH,541330,Engineering Services,WA,West,12,730273.89,2960450.39,4,0,1e+06,1000,1.509,0.85
POL002284,Insured BOGMDXSU,611110,Schools,TX,South,30,3333886.26,6331163.45,15,1,2e+06,2500,0.9971,0.9
POL002285,Insured MIAMQRXH,621111,Physician Offices,AZ,West,51,4113586.01,6404959.41,9,1,2e+06,1000,1.1803,0.95
POL002286,Insured SGUDBDQZ,621111,Physician Offices,TX,South,18,1467763.14,4557709.68,33,0,1e+06,10000,1.3581,0.95
POL002287,Insured YDHXGFBJ,621111,Physician Offices,GA,South,33,2443026.29,6429067.23,5,0,1e+06,2500,0.8582,0.95
POL002288,Insured CBODEZPM,611110,Schools,NC,South,38,2011943.09,5354290.92,4,2,2e+06,2500,0.5529,0.9
POL002289,Insured PFTEIETU,812112,Beauty Salons,AZ,West,32,2793519.67,5366509.18,6,1,1e+06,10000,1.1898,1.1
POL002290,Insured FLUZHCCW,621111,Physician Offices,WA,West,4,370440.82,1094071.79,17,0,5e+06,25000,0.9527,0.95
POL002291,Insured SHJXXIFR,452319,Retail,NY,Northeast,13,1393270.58,5606910.5,7,1,5e+06,5000,1.1228,1.05
POL002292,Insured QFDPKEEX,812112,Beauty Salons,PA,Northeast,12,1333662.96,3689773.69,36,1,2e+06,10000,0.907,1.1
POL002293,Insured XVQPZKVD,812112,Beauty Salons,WA,West,58,4838974.11,15852805.34,3,0,5e+06,10000,0.5817,1.1
POL002294,Insured FPHWMYEB,236220,Construction,TX,South,5,306161.28,1332505.02,7,0,1e+06,1000,1.2305,1.35
POL002295,Insured GIHNQUIK,621111,Physician Offices,PA,Northeast,23,2291089.22,8522056.21,12,1,1e+06,10000,0.8642,0.95
POL002296,Insured VMZXKAOK,621111,Physician Offices,AZ,West,7,270961.47,990429.73,19,2,5e+06,1000,1.1656,0.95
POL002297,Insured PYWMAWWE,812112,Beauty Salons,TX,South,57,2372944.41,5805895.53,11,1,1e+06,1000,0.7782,1.1
POL002298,Insured HZIJETPD,452319,Retail,CA,West,40,1565289.86,3613100.93,16,1,5e+06,5000,0.8832,1.05
POL002299,Insured DXRKWUJY,236220,Construction,FL,South,49,5091002.62,16367704.3,19,1,1e+06,1000,1.8392,1.35
POL002300,Insured ZNXMKKRE,621111,Physician Offices,GA,South,10,1177747.19,4174966.67,5,1,1e+06,2500,0.8014,0.95
POL002301,Insured XSKLBOBQ,236220,Construction,NY,Northeast,47,5488351.22,17508127.25,16,1,1e+06,5000,0.6693,1.35
POL002302,Insured FTVQYPTZ,452319,Retail,NC,South,3,314533.63,941748.69,9,0,2e+06,25000,1.0698,1.05
POL002303,Insured DYFVRVXX,236220,Construction,IL,Midwest,23,1842354.6,4560585.26,28,0,2e+06,1000,1.1651,1.35
POL002304,Insured YMYKBXUX,722511,Restaurants,PA,Northeast,15,1361007.57,2914748.7,11,2,1e+06,10000,0.8958,1.15
POL002305,Insured NZTDGUIS,621111,Physician Offices,GA,South,14,1623999.94,6926858.16,18,2,1e+06,10000,0.8488,0.95
POL002306,Insured STURYVRV,236220,Construction,NC,South,50,5940088.95,18675283.06,9,2,2e+06,2500,0.9046,1.35
POL002307,Insured YWTAGOLX,812112,Beauty Salons,FL,South,19,2219058.13,4059182.61,26,0,1e+06,5000,1.5266,1.1
POL002308,Insured MZZTDWZM,541330,Engineering Services,WA,West,13,1268473.3,2707988.96,9,1,5e+06,5000,1.8487,0.85
POL002309,Insured WFFEXGUE,611110,Schools,NC,South,25,2149112.63,6633220.03,12,4,2e+06,2500,1.1932,0.9
POL002310,Insured EFPWIWBO,621111,Physician Offices,NY,Northeast,263,22011685.01,38934516.57,5,1,1e+06,1000,1.3543,0.95
POL002311,Insured UHVUDUCO,611110,Schools,GA,South,13,1358266.41,4978332.98,13,0,2e+06,5000,0.8285,0.9
POL002312,Insured MTBBZOHS,621111,Physician Offices,IL,Midwest,51,6181037,12964633.7,5,0,1e+06,5000,1.5252,0.95
POL002313,Insured TUYWBJUN,722511,Restaurants,NC,South,15,1564854.84,2729192.68,11,1,2e+06,10000,0.5513,1.15
POL002314,Insured KWGJQKVC,812112,Beauty Salons,IL,Midwest,62,4235424.71,9231751.48,10,1,2e+06,2500,1.6452,1.1
POL002315,Insured YAWNXKJN,621111,Physician Offices,FL,South,50,3439922.27,8708614.97,12,0,1e+06,5000,0.6501,0.95
POL002316,Insured FMCEFUUG,621111,Physician Offices,GA,South,69,3475169.05,15277966.54,16,1,1e+06,2500,1.089,0.95
POL002317,Insured OVFWJVDI,722511,Restaurants,NC,South,14,570778.46,1449714.43,14,0,2e+06,25000,1.0581,1.15
POL002318,Insured UCLFKKOW,452319,Retail,FL,South,40,3281237,10630842.87,8,1,1e+06,2500,1.347,1.05
POL002319,Insured MJHHIFHC,611110,Schools,NC,South,331,16018597.27,58464455.77,19,0,2e+06,5000,1.3055,0.9
POL002320,Insured DXBVADEV,236220,Construction,GA,South,3,230752.15,625408.5,4,4,1e+06,2500,0.8068,1.35
POL002321,Insured KSIEOXRN,236220,Construction,IL,Midwest,35,2426428.1,4256584.3,5,2,5e+06,10000,0.8078,1.35
POL002322,Insured FOGYCBXQ,812112,Beauty Salons,GA,South,19,2267610.16,3721225.31,10,0,1e+06,5000,0.7834,1.1
POL002323,Insured XRYSIFGQ,722511,Restaurants,IL,Midwest,111,13733758.52,37929875.93,11,0,1e+06,2500,0.8058,1.15
POL002324,Insured DEWMQOLH,452319,Retail,NC,South,30,1947149.87,5319889.58,7,2,5e+06,1000,0.811,1.05
POL002325,Insured BVFUTRMR,611110,Schools,CA,West,86,5671121.7,22168912.61,14,2,2e+06,5000,0.8598,0.9
POL002326,Insured OVPCXQHR,812112,Beauty Salons,NC,South,21,2230376.13,8422246.67,15,0,1e+06,25000,0.9707,1.1
POL002327,Insured DNYVUXQC,452319,Retail,WA,West,122,6046952.21,16867437.02,6,1,2e+06,10000,1.4079,1.05
POL002328,Insured HACUWJNF,236220,Construction,PA,Northeast,75,2999426.4,11976338.64,14,2,1e+06,5000,1.2198,1.35
POL002329,Insured PYMVDMKQ,541330,Engineering Services,CA,West,30,2698342.2,6798220.06,4,2,2e+06,1000,0.7978,0.85
POL002330,Insured STRFCZCF,236220,Construction,PA,Northeast,43,4944656.5,18285133,13,0,2e+06,10000,0.9201,1.35
POL002331,Insured NBIKTLBP,452319,Retail,WA,West,135,9896513.67,21846304.65,4,0,2e+06,2500,1.1163,1.05
POL002332,Insured TIBPLQSZ,236220,Construction,TX,South,20,2005547.24,7297918.45,8,2,2e+06,5000,0.8063,1.35
POL002333,Insured KMFUXAGT,722511,Restaurants,NC,South,23,2492896.73,8466260.09,8,2,2e+06,2500,1.1099,1.15
POL002334,Insured SBWYUOXI,452319,Retail,PA,Northeast,24,2172919.64,5948152.45,6,0,1e+06,5000,1.2078,1.05
POL002335,Insured ZVPIGVLM,722511,Restaurants,CA,West,58,6131500.73,23813930.92,29,1,1e+06,2500,1.462,1.15
POL002336,Insured PYVJOGET,611110,Schools,IL,Midwest,10,416903.07,720658.82,9,0,1e+06,10000,1.6971,0.9
POL002337,Insured OERJIMRT,812112,Beauty Salons,NC,South,19,1430863.69,4909464.17,9,0,2e+06,1000,0.7882,1.1
POL002338,Insured VWTMOHZQ,611110,Schools,PA,Northeast,30,3725795.3,13119496.61,18,0,1e+06,5000,1.6795,0.9
POL002339,Insured ZIOBNLUT,541330,Engineering Services,WA,West,16,1184136.93,2605149.66,19,0,5e+06,10000,0.5245,0.85
POL002340,Insured PINOHFSW,611110,Schools,CA,West,47,5785012.42,9847526.03,13,1,1e+06,5000,1.0607,0.9
POL002341,Insured FFHLUWYV,621111,Physician Offices,GA,South,8,885809.1,1369673.26,6,1,1e+06,5000,1.4617,0.95
POL002342,Insured JWFTFCJB,621111,Physician Offices,FL,South,20,2392273.09,9293138.33,8,2,2e+06,5000,1.0546,0.95
POL002343,Insured LYGXQMDL,621111,Physician Offices,GA,South,18,2000202.66,7987620.77,10,1,1e+06,1000,0.7095,0.95
POL002344,Insured QNIHLOTJ,812112,Beauty Salons,NC,South,15,1128655.03,3765414.88,17,1,2e+06,5000,1.0028,1.1
POL002345,Insured VKPGDMAD,621111,Physician Offices,NC,South,2,182899.03,432763.69,25,1,5e+06,2500,0.7428,0.95
POL002346,Insured MXIIJNHV,722511,Restaurants,NC,South,58,4279063.03,10751033.49,19,1,1e+06,2500,0.7554,1.15
POL002347,Insured NJYFKJEV,541330,Engineering Services,NY,Northeast,21,1957287.26,4248410.45,31,0,1e+06,5000,1.272,0.85
POL002348,Insured QMIQLTZG,611110,Schools,NC,South,41,2099644.9,6470477.65,19,1,2e+06,1000,1.3989,0.9
POL002349,Insured JHUTBWJP,541330,Engineering Services,IL,Midwest,119,4669344.53,9620116.52,19,1,5e+06,2500,0.9443,0.85
POL002350,Insured JEGISLPG,812112,Beauty Salons,AZ,West,8,853892.76,1611790.91,6,1,2e+06,2500,1.2141,1.1
POL002351,Insured JKICVCNR,236220,Construction,IL,Midwest,24,2631045.52,4386352.56,23,0,5e+06,1000,0.7613,1.35
POL002352,Insured XAHDVGWT,236220,Construction,FL,South,55,6538434.4,18479895.44,41,0,2e+06,5000,1.0092,1.35
POL002353,Insured DIFQKFWR,722511,Restaurants,IL,Midwest,37,3088315.92,6463358.94,44,0,1e+06,1000,0.631,1.15
POL002354,Insured FHOOYSIQ,541330,Engineering Services,NY,Northeast,13,1026760.94,3802634.26,11,2,2e+06,5000,0.7744,0.85
POL002355,Insured OSSXCOSI,236220,Construction,CA,West,19,913487.27,2588116.04,41,0,2e+06,1000,0.8847,1.35
POL002356,Insured FLRUZFCU,236220,Construction,AZ,West,44,5465923.61,19524587.8,19,0,2e+06,2500,1.708,1.35
POL002357,Insured HGKZRIVZ,236220,Construction,GA,South,71,5477347.96,12443005.26,5,0,1e+06,1000,0.948,1.35
POL002358,Insured RIEEZDUL,541330,Engineering Services,TX,South,29,1304106.11,5338549.12,4,3,1e+06,1000,1.2255,0.85
POL002359,Insured QKBMENID,452319,Retail,GA,South,49,6100095.14,14126320.6,19,2,1e+06,25000,0.859,1.05
POL002360,Insured BWRKQOMA,236220,Construction,CA,West,16,1951770.6,6266122.75,35,3,2e+06,5000,1.0279,1.35
POL002361,Insured WIEKDDJN,611110,Schools,CA,West,13,1093425.75,1712514.35,12,0,1e+06,2500,0.9479,0.9
POL002362,Insured CGIXBHMM,812112,Beauty Salons,WA,West,11,1278792.37,3789593.38,15,1,5e+06,2500,0.5588,1.1
POL002363,Insured IXNFIPDJ,541330,Engineering Services,GA,South,23,2430776.98,4895371.33,8,0,2e+06,1000,1.1277,0.85
POL002364,Insured MMPCESEJ,812112,Beauty Salons,AZ,West,10,405282.52,790104.41,16,0,1e+06,5000,0.8472,1.1
POL002365,Insured DDHBNIFH,722511,Restaurants,TX,South,37,3268186.27,10761113.47,5,0,1e+06,5000,1.1219,1.15
POL002366,Insured YSHAYYNJ,236220,Construction,IL,Midwest,11,438942.54,1945685.35,11,0,1e+06,2500,0.7478,1.35
POL002367,Insured EZCDDDVX,812112,Beauty Salons,FL,South,41,4885510.74,11648499.42,13,0,2e+06,2500,1.1476,1.1
POL002368,Insured EIDBGCXX,541330,Engineering Services,CA,West,28,1297508.03,4626897.29,36,1,1e+06,10000,0.6284,0.85
POL002369,Insured KPMRNDMF,611110,Schools,AZ,West,18,755398.03,2258640.18,7,1,2e+06,5000,1.3979,0.9
POL002370,Insured YZGVFZMQ,541330,Engineering Services,TX,South,15,1866935.19,6962760.55,29,0,2e+06,1000,0.5451,0.85
POL002371,Insured CBROBBEC,236220,Construction,CA,West,29,2538585.75,10790249.94,10,1,1e+06,1000,0.6704,1.35
POL002372,Insured MTAZYDFV,812112,Beauty Salons,GA,South,38,1915771.58,6034247.67,2,2,1e+06,5000,1.1962,1.1
POL002373,Insured MNVSKFGA,452319,Retail,NY,Northeast,26,2562997.79,11217819.64,5,0,1e+06,1000,1.5861,1.05
POL002374,Insured CKUNQICB,621111,Physician Offices,FL,South,10,1107418.2,2625485.24,7,1,5e+06,10000,1.4739,0.95
POL002375,Insured AATSXMCX,541330,Engineering Services,AZ,West,31,3121555.72,7689678.99,7,1,5e+06,10000,0.621,0.85
POL002376,Insured ISYAFFRZ,611110,Schools,WA,West,8,482327.91,2024989.3,24,2,2e+06,2500,1.2262,0.9
POL002377,Insured XGJIXHHA,541330,Engineering Services,CA,West,19,985418.02,3784592.2,5,0,2e+06,5000,0.7715,0.85
POL002378,Insured YSVJLSSF,452319,Retail,NY,Northeast,82,4273820.58,9549393.08,13,2,2e+06,1000,0.973,1.05
POL002379,Insured GBGLSFMF,452319,Retail,NY,Northeast,54,6437990.88,28349952.44,7,3,1e+06,10000,1.0836,1.05
POL002380,Insured MYJLLZAO,236220,Construction,PA,Northeast,83,3602369.4,12078106.81,9,1,2e+06,1000,0.715,1.35
POL002381,Insured KCFNDCFO,611110,Schools,TX,South,23,2229212.07,6613162.72,4,1,5e+06,5000,0.796,0.9
POL002382,Insured WNVMGSJA,236220,Construction,NY,Northeast,13,751442.54,3034197.1,14,1,2e+06,25000,0.7727,1.35
POL002383,Insured TAAASVVB,621111,Physician Offices,TX,South,58,6566948.21,12166074.67,10,2,2e+06,10000,0.5602,0.95
POL002384,Insured KAXPZSVK,812112,Beauty Salons,GA,South,15,1521026.65,4426437.42,11,0,2e+06,2500,0.8524,1.1
POL002385,Insured DKOWDWWU,812112,Beauty Salons,AZ,West,177,8751367.71,33237776.34,13,1,2e+06,10000,0.7738,1.1
POL002386,Insured SKCXVVQU,812112,Beauty Salons,GA,South,92,4863551.73,8053770.06,10,1,1e+06,1000,1.4582,1.1
POL002387,Insured PMUPXRBC,541330,Engineering Services,NY,Northeast,13,1242874.1,3099981.6,6,4,2e+06,25000,0.9824,0.85
POL002388,Insured NOQHMBVU,621111,Physician Offices,WA,West,22,1393958.57,5843293.57,28,0,2e+06,5000,0.8526,0.95
POL002389,Insured UPBCRCCL,611110,Schools,TX,South,4,292226,1245358.72,31,3,2e+06,5000,1.2299,0.9
POL002390,Insured SEHFBVIY,236220,Construction,NC,South,75,7207323.97,32024352.18,14,1,2e+06,1000,1.118,1.35
POL002391,Insured LBLBSGGI,722511,Restaurants,IL,Midwest,13,1006282.6,1899521.9,4,1,5e+06,1000,1.7951,1.15
POL002392,Insured QRHLNZTL,611110,Schools,FL,South,12,1121462.35,3200500.39,51,1,2e+06,25000,1.1131,0.9
POL002393,Insured RMVVETFL,236220,Construction,CA,West,73,9118526.08,28777855.94,12,0,2e+06,2500,0.8298,1.35
POL002394,Insured LRKXEZVF,452319,Retail,IL,Midwest,7,391333.43,619052.43,16,1,2e+06,1000,0.8745,1.05
POL002395,Insured OKYUGYKP,236220,Construction,AZ,West,25,1512923.28,6608105.08,7,1,5e+06,5000,0.6637,1.35
POL002396,Insured IJPZGQFX,541330,Engineering Services,WA,West,18,1607423.18,4135257.69,51,1,2e+06,1000,1.2542,0.85
POL002397,Insured VOUGWYQD,541330,Engineering Services,WA,West,12,778502.96,3468602.91,6,2,5e+06,1000,1.2746,0.85
POL002398,Insured ZVTAPFDB,812112,Beauty Salons,PA,Northeast,40,2811787.56,9132787.97,26,1,2e+06,2500,1.1692,1.1
POL002399,Insured KSQNWOAM,722511,Restaurants,CA,West,38,3806458.2,12915444.21,31,2,2e+06,2500,1.6022,1.15
POL002400,Insured YMYVQYZF,541330,Engineering Services,TX,South,10,944971.1,3841664.39,7,0,1e+06,10000,0.6648,0.85
POL002401,Insured VQIEAVCA,541330,Engineering Services,CA,West,5,366566.75,1531814.9,16,2,2e+06,2500,0.5363,0.85
POL002402,Insured DMAAIUIU,452319,Retail,TX,South,18,1574598.51,6619187.17,19,0,5e+06,10000,1.0877,1.05
POL002403,Insured SVHSVLNS,452319,Retail,FL,South,71,3748061.28,14903831.78,24,2,2e+06,2500,0.765,1.05
POL002404,Insured NTYYQECO,812112,Beauty Salons,IL,Midwest,31,2109643.26,6523381.73,13,1,1e+06,2500,0.7456,1.1
POL002405,Insured LCJQERLM,812112,Beauty Salons,CA,West,41,3863735.06,13137652.66,32,1,2e+06,5000,0.7246,1.1
POL002406,Insured SLWXAQWE,621111,Physician Offices,WA,West,45,2531890.52,10419375.81,8,1,1e+06,2500,1.1111,0.95
POL002407,Insured NXXDHZBR,541330,Engineering Services,AZ,West,61,6395102.85,10376591.58,3,0,1e+06,2500,1.349,0.85
POL002408,Insured SXPEEXZP,541330,Engineering Services,TX,South,24,1599083.2,6223092.26,7,0,5e+06,1000,1.1025,0.85
POL002409,Insured RYTUIRQG,236220,Construction,TX,South,26,1489559.76,4806926.3,6,1,1e+06,10000,1.0134,1.35
POL002410,Insured XCCGUTEO,812112,Beauty Salons,WA,West,40,1957221.17,5425342.1,27,0,5e+06,1000,1.6795,1.1
POL002411,Insured BYCDXXTA,621111,Physician Offices,AZ,West,79,8523503.28,31668701.85,6,1,1e+06,2500,1.4015,0.95
POL002412,Insured HPZXCBYB,812112,Beauty Salons,NC,South,22,2514477.16,4518867.47,12,1,2e+06,10000,1.1065,1.1
POL002413,Insured UTBIMIPQ,621111,Physician Offices,TX,South,91,10816448.96,47237396.03,16,1,2e+06,2500,1.3904,0.95
POL002414,Insured URHLOESU,812112,Beauty Salons,GA,South,17,1148770.66,1889553.66,7,0,2e+06,1000,0.774,1.1
POL002415,Insured HDBJRXPQ,541330,Engineering Services,FL,South,32,3352254.28,6690402.39,8,1,1e+06,10000,0.8377,0.85
POL002416,Insured LKVRXTEB,621111,Physician Offices,TX,South,30,1200398.77,4364255.65,6,0,1e+06,2500,1.1396,0.95
POL002417,Insured WJPWPMYL,452319,Retail,WA,West,7,629118.75,2722960.04,6,2,1e+06,5000,0.8505,1.05
POL002418,Insured UXYGATHT,722511,Restaurants,WA,West,24,1453911.82,3355656.64,8,2,1e+06,1000,1.5246,1.15
POL002419,Insured PYWPBJHW,621111,Physician Offices,NC,South,30,3197903.96,8014276.57,12,1,1e+06,5000,0.7653,0.95
POL002420,Insured EFTVDZWK,611110,Schools,NC,South,39,2538921.2,8181964.16,27,2,5e+06,2500,1.1153,0.9
POL002421,Insured VYBJEPZD,452319,Retail,NC,South,53,5407844.73,19266515.97,13,1,1e+06,10000,1.3143,1.05
POL002422,Insured OJQYEUNI,541330,Engineering Services,CA,West,15,1701287.68,3996539.25,20,1,1e+06,2500,1.4596,0.85
POL002423,Insured OMKGOAWB,452319,Retail,TX,South,74,8173032.36,21141853.93,6,0,2e+06,10000,0.9617,1.05
POL002424,Insured LJKRUGUI,621111,Physician Offices,FL,South,15,1370948.67,4229497.54,10,0,1e+06,5000,1.8135,0.95
POL002425,Insured GLEAUYFC,722511,Restaurants,GA,South,24,2981563.66,10633982.17,14,3,2e+06,2500,1.2765,1.15
POL002426,Insured FRYEOCPS,452319,Retail,CA,West,59,4290386.01,15478502.56,20,0,1e+06,2500,2.0036,1.05
POL002427,Insured RBKIHNPS,812112,Beauty Salons,AZ,West,10,1159789.5,4374795.16,11,0,2e+06,5000,0.7185,1.1
POL002428,Insured FDLPAKRJ,236220,Construction,FL,South,55,2147187.64,3737359.38,12,0,2e+06,2500,1.7283,1.35
POL002429,Insured WTSRWGFO,236220,Construction,GA,South,106,12410713.44,42549120.83,16,0,1e+06,10000,1.0531,1.35
POL002430,Insured RFJDLELL,812112,Beauty Salons,PA,Northeast,16,1860218.57,5001482.4,10,0,2e+06,2500,0.6561,1.1
POL002431,Insured PZUQQSNA,621111,Physician Offices,CA,West,51,6342008.85,19350251.01,12,0,5e+06,5000,0.9974,0.95
POL002432,Insured HJTRTDBI,611110,Schools,NY,Northeast,16,1735754.89,6789644.21,15,1,1e+06,2500,0.8691,0.9
POL002433,Insured DEKGIWCI,541330,Engineering Services,TX,South,13,1339647.1,5330733.76,10,1,1e+06,2500,0.4974,0.85
POL002434,Insured VMQSJOWI,812112,Beauty Salons,CA,West,37,2343545.26,8640208.98,10,1,1e+06,1000,1.0589,1.1
POL002435,Insured QOXFWQSK,541330,Engineering Services,WA,West,35,2362920.17,4181467.03,17,1,2e+06,10000,0.8323,0.85
POL002436,Insured QSEPNDYL,452319,Retail,FL,South,95,4162895.22,6446125.57,15,0,1e+06,1000,1.2203,1.05
POL002437,Insured AIURGWZR,541330,Engineering Services,NY,Northeast,45,1809785.27,6082848.42,18,1,2e+06,10000,1.5575,0.85
POL002438,Insured CVVDKMCF,236220,Construction,PA,Northeast,45,4588600.99,20476273.16,5,2,2e+06,25000,0.7732,1.35
POL002439,Insured SGRNBQWD,236220,Construction,GA,South,6,316102.59,622324.88,11,0,5e+06,1000,1.2489,1.35
POL002440,Insured TQNKBHMO,541330,Engineering Services,TX,South,7,827876.85,1500289.87,15,2,1e+06,1000,0.8024,0.85
POL002441,Insured WBLHCVAJ,812112,Beauty Salons,PA,Northeast,48,5071868.68,19552675.32,44,1,1e+06,10000,0.8185,1.1
POL002442,Insured XVFMGDBT,611110,Schools,NC,South,20,1234107.59,4619347.92,11,1,2e+06,2500,1.0939,0.9
POL002443,Insured FWTOHWWI,452319,Retail,WA,West,16,642343.73,2457799.46,7,0,1e+06,10000,0.7777,1.05
POL002444,Insured JXJEEOMW,611110,Schools,GA,South,25,2668554.57,7271508.21,3,1,5e+06,5000,0.8444,0.9
POL002445,Insured TTDDUTJD,812112,Beauty Salons,PA,Northeast,89,4088857.15,15209722.62,13,1,5e+06,5000,0.8765,1.1
POL002446,Insured XRQRIDUQ,541330,Engineering Services,GA,South,17,1454351.8,3079739.45,20,1,1e+06,10000,0.8748,0.85
POL002447,Insured QWTDYWYW,236220,Construction,TX,South,72,2863338.36,10353730.86,3,1,1e+06,2500,1.3233,1.35
POL002448,Insured AAPKNOQX,236220,Construction,TX,South,18,2097466.27,5230847.76,14,2,1e+06,2500,1.0965,1.35
POL002449,Insured JRBVLXXA,621111,Physician Offices,NC,South,52,4051938.31,16581615.68,10,0,1e+06,5000,0.9705,0.95
POL002450,Insured POSYDZRH,722511,Restaurants,CA,West,49,4532260.73,16175688.3,18,2,1e+06,10000,1.4329,1.15
POL002451,Insured HXPJZQFV,722511,Restaurants,TX,South,17,1175183.83,3506139.77,8,0,1e+06,25000,1.3793,1.15
POL002452,Insured YJQXTVTG,236220,Construction,CA,West,63,4046568.85,10642452.19,33,0,2e+06,2500,1.6617,1.35
POL002453,Insured TWMNLCZD,452319,Retail,PA,Northeast,31,2399631.31,7670890.79,12,0,5e+06,5000,0.9133,1.05
POL002454,Insured QVGGPUAB,236220,Construction,PA,Northeast,51,3907062.29,7015931.44,2,3,1e+06,1000,1.3844,1.35
POL002455,Insured RODUUJHD,722511,Restaurants,NY,Northeast,58,3038343.57,11654586.21,14,0,1e+06,2500,1.3491,1.15
POL002456,Insured EMRQOHRP,812112,Beauty Salons,WA,West,24,1682756.4,5638018.54,17,1,1e+06,25000,1.2244,1.1
POL002457,Insured LHEXFBKZ,812112,Beauty Salons,FL,South,14,1633186.91,2874600.27,8,2,2e+06,5000,1.2001,1.1
POL002458,Insured WWGBQUHY,236220,Construction,CA,West,53,6488047.81,11656328.95,44,0,1e+06,2500,1.1642,1.35
POL002459,Insured GCSKDVOL,611110,Schools,NC,South,13,1133818.4,4724735.14,5,2,1e+06,2500,0.6449,0.9
POL002460,Insured FSHOFEPS,541330,Engineering Services,GA,South,31,1799885.09,5502709.59,46,1,1e+06,10000,1.0743,0.85
POL002461,Insured XNFZJTRM,621111,Physician Offices,IL,Midwest,34,3324418.31,9836840.63,4,1,5e+06,10000,0.8527,0.95
POL002462,Insured ZJAVHUSD,722511,Restaurants,CA,West,11,1190672.82,2701777.81,7,0,1e+06,2500,0.8256,1.15
POL002463,Insured WQKQYXSP,236220,Construction,AZ,West,10,1160369.21,2498278.01,13,1,1e+06,1000,1.1183,1.35
POL002464,Insured ERMBIRMX,236220,Construction,PA,Northeast,13,1085332.99,1931362.09,10,1,1e+06,2500,0.7233,1.35
POL002465,Insured LKPDTTGY,452319,Retail,NC,South,29,1403584.85,2328516.71,58,0,1e+06,10000,1.0761,1.05
POL002466,Insured BDGIKKKW,722511,Restaurants,NY,Northeast,26,2398575.18,4676234,16,0,1e+06,2500,1.0761,1.15
POL002467,Insured KFJURWON,236220,Construction,PA,Northeast,23,2290548.61,5826203.78,12,1,1e+06,2500,0.9085,1.35
POL002468,Insured ETPVLKII,812112,Beauty Salons,WA,West,22,1386644.18,4075176.78,37,2,1e+06,2500,0.6397,1.1
POL002469,Insured QZHTEIKH,621111,Physician Offices,PA,Northeast,10,926509.15,3207440.4,32,1,2e+06,1000,1.1292,0.95
POL002470,Insured LPCKNITK,722511,Restaurants,FL,South,12,724013.23,2392495.58,12,1,2e+06,5000,1.4328,1.15
POL002471,Insured KNYNWGYM,541330,Engineering Services,GA,South,7,848841.24,2564148.01,9,1,2e+06,2500,1.1208,0.85
POL002472,Insured ZIPBWSDX,452319,Retail,NC,South,4,431334,1039703.21,25,1,2e+06,1000,0.6727,1.05
POL002473,Insured DJPKNYMC,621111,Physician Offices,IL,Midwest,20,813959.44,3221272.73,8,0,2e+06,25000,1.2547,0.95
POL002474,Insured RTEPQREN,452319,Retail,PA,Northeast,3,154977.36,338856.99,19,0,2e+06,2500,1.2378,1.05
POL002475,Insured WKINCOGQ,722511,Restaurants,CA,West,16,1694902.19,7002505.69,53,1,2e+06,25000,0.7502,1.15
POL002476,Insured VPKEUZRW,452319,Retail,IL,Midwest,19,1922206.76,8154958.13,7,0,1e+06,2500,1.2021,1.05
POL002477,Insured UTKMBSYT,236220,Construction,PA,Northeast,36,4254776.3,15399917.7,9,2,5e+06,5000,0.7442,1.35
POL002478,Insured EOBVHIJP,722511,Restaurants,PA,Northeast,6,589780.9,1471626.41,24,1,2e+06,25000,0.7162,1.15
POL002479,Insured EDCUEJLA,236220,Construction,NY,Northeast,13,1002442.47,2961062.65,31,4,1e+06,1000,1.1593,1.35
POL002480,Insured YBZPBGGI,541330,Engineering Services,PA,Northeast,30,2334729.03,5937331.48,43,2,1e+06,2500,1.4072,0.85
POL002481,Insured OPAKGBIZ,452319,Retail,GA,South,57,6933000.48,13622297.85,10,2,2e+06,1000,1.3018,1.05
POL002482,Insured NETCZGFI,541330,Engineering Services,TX,South,9,640813.18,2444502.72,18,0,1e+06,25000,1.0838,0.85
POL002483,Insured HNOFDDKY,611110,Schools,WA,West,29,1688948.53,4828217.65,12,1,1e+06,1000,0.9117,0.9
POL002484,Insured VTSUTOQY,541330,Engineering Services,TX,South,12,593776.5,1687165.74,15,1,2e+06,10000,0.939,0.85
POL002485,Insured FQOFUNGG,236220,Construction,WA,West,29,1744733.81,4431102.76,28,3,1e+06,2500,1.3097,1.35
POL002486,Insured RXGYIZLD,541330,Engineering Services,CA,West,22,2179415.43,9063769.64,14,2,2e+06,1000,0.9356,0.85
POL002487,Insured GBRFBCBT,722511,Restaurants,IL,Midwest,17,780146.24,2117248.17,33,0,2e+06,2500,1.3936,1.15
POL002488,Insured WXBXZCIG,812112,Beauty Salons,AZ,West,41,2595428.24,6639284.18,13,2,1e+06,10000,1.2658,1.1
POL002489,Insured XEAYJKTI,722511,Restaurants,FL,South,10,857514.01,3122091.09,7,1,1e+06,10000,0.8177,1.15
POL002490,Insured TGFBXMKH,452319,Retail,PA,Northeast,13,1446365.97,3298242.9,13,1,2e+06,2500,1.1676,1.05
POL002491,Insured DKRVVTCU,236220,Construction,FL,South,5,399285.31,1417957.31,14,1,1e+06,25000,1.0629,1.35
POL002492,Insured CNWLGLZP,452319,Retail,WA,West,10,854864.98,1710008.58,19,2,1e+06,25000,1.1845,1.05
POL002493,Insured GNERCPXW,722511,Restaurants,FL,South,14,1485449.68,5446002.68,7,2,1e+06,5000,0.9602,1.15
POL002494,Insured VHKKIRPJ,236220,Construction,NC,South,20,837176.34,2249354.91,11,2,2e+06,1000,2.2693,1.35
POL002495,Insured SYIGKLBF,812112,Beauty Salons,WA,West,78,5824468.48,22726235.79,25,3,2e+06,5000,1.6074,1.1
POL002496,Insured GXZNXTQX,812112,Beauty Salons,WA,West,8,943265.9,4122978.08,12,1,2e+06,1000,0.8806,1.1
POL002497,Insured IBMHBRLI,236220,Construction,CA,West,11,422056.62,1482926.82,15,0,1e+06,10000,0.6426,1.35
POL002498,Insured WEPCRNYZ,236220,Construction,WA,West,32,2943900.67,5198778.3,22,0,2e+06,1000,0.8244,1.35
POL002499,Insured EZHUCYHP,611110,Schools,CA,West,12,838255.51,3673973.84,7,0,1e+06,25000,1.6363,0.9
POL002500,Insured SVGKATMA,611110,Schools,GA,South,25,1376645.09,4605550.7,4,1,2e+06,5000,0.8868,0.9
POL002501,Insured ZHMYZLNG,236220,Construction,IL,Midwest,94,8967902.28,21616212.62,13,2,1e+06,10000,0.9713,1.35
POL002502,Insured RZGIZZKY,452319,Retail,CA,West,22,1439351.02,6319575.29,18,1,1e+06,2500,0.8728,1.05
POL002503,Insured FSYTBELP,452319,Retail,CA,West,54,2824183.59,4920938.43,3,1,1e+06,5000,0.921,1.05
POL002504,Insured DYQXAMCZ,611110,Schools,AZ,West,113,5440076.21,11303949.21,6,1,2e+06,2500,0.8871,0.9
POL002505,Insured HJWLXCVQ,452319,Retail,AZ,West,40,2211244.4,7772557.79,44,0,1e+06,5000,0.8364,1.05
POL002506,Insured PSHXWHWN,236220,Construction,NC,South,16,665906.45,2117570.54,11,2,2e+06,1000,2.0578,1.35
POL002507,Insured WQBKIDSC,812112,Beauty Salons,AZ,West,8,911285.38,1414823.96,10,2,2e+06,2500,1.4183,1.1
POL002508,Insured NFNTBBBL,541330,Engineering Services,WA,West,79,6320878.17,19300829.2,15,0,1e+06,1000,1.3316,0.85
POL002509,Insured DEEBFCRB,611110,Schools,NY,Northeast,9,892529.19,2195461.78,21,0,2e+06,5000,0.8937,0.9
POL002510,Insured SQFPNJOZ,722511,Restaurants,FL,South,47,5326939.44,23283090.82,5,2,2e+06,1000,1.3226,1.15
POL002511,Insured OHEQTVFF,611110,Schools,FL,South,9,652032.87,1175960.4,6,1,1e+06,2500,1.1873,0.9
POL002512,Insured WUGWZPIX,812112,Beauty Salons,CA,West,34,2734840.06,11006531.77,6,1,1e+06,2500,1.001,1.1
POL002513,Insured MWFYKUMH,812112,Beauty Salons,IL,Midwest,193,19428322.99,71452780.76,15,0,2e+06,1000,0.9618,1.1
POL002514,Insured SWVDTRXV,812112,Beauty Salons,IL,Midwest,23,1118883,4248659.3,9,1,1e+06,5000,0.938,1.1
POL002515,Insured IQHNVZUT,541330,Engineering Services,PA,Northeast,7,492397.6,1674390.98,9,0,1e+06,5000,0.8603,0.85
POL002516,Insured YXHVTRIX,452319,Retail,FL,South,39,4634404.61,12418708.68,4,2,2e+06,2500,0.5999,1.05
POL002517,Insured QVMYBVJQ,452319,Retail,FL,South,16,1437754.46,6002074.53,9,2,1e+06,2500,1.9246,1.05
POL002518,Insured BBEVOXIF,541330,Engineering Services,NY,Northeast,13,1352138.27,3046343.55,12,1,2e+06,5000,1.3996,0.85
POL002519,Insured BVXFFUID,621111,Physician Offices,NY,Northeast,74,5306875.37,21993649.66,6,3,1e+06,1000,0.8834,0.95
POL002520,Insured QXNRILQJ,722511,Restaurants,FL,South,8,950945.94,2982984.64,3,0,1e+06,5000,1.2018,1.15
POL002521,Insured WIKYQTIB,611110,Schools,GA,South,26,1534789.46,2833705.56,9,0,1e+06,10000,1.1594,0.9
POL002522,Insured AKZGQLUO,236220,Construction,PA,Northeast,40,3700528.92,10069719.94,11,1,1e+06,10000,1.9341,1.35
POL002523,Insured YZAACVRK,452319,Retail,NC,South,34,3889205.76,16893968.62,11,0,2e+06,5000,1.6375,1.05
POL002524,Insured HPLDSBHI,611110,Schools,CA,West,47,2195387.71,8256215.55,19,1,1e+06,5000,1.2957,0.9
POL002525,Insured ABMINMXL,611110,Schools,CA,West,28,1381565.79,2734833.07,31,2,2e+06,2500,0.6735,0.9
POL002526,Insured WSHEBEBU,452319,Retail,WA,West,31,2614528.57,9913196.12,13,0,1e+06,1000,1.4696,1.05
POL002527,Insured ZFDJTQVA,236220,Construction,IL,Midwest,15,817550.41,3075206.76,10,1,2e+06,2500,0.8464,1.35
POL002528,Insured DFMESNUG,611110,Schools,FL,South,58,3869028.53,10548952.44,8,0,1e+06,5000,1.0865,0.9
POL002529,Insured YEMZEVGT,236220,Construction,AZ,West,12,1233765.84,5125433.4,26,1,1e+06,2500,0.9734,1.35
POL002530,Insured CWTDICNM,452319,Retail,IL,Midwest,20,2299351.86,8522262.1,5,1,2e+06,5000,1.0233,1.05
POL002531,Insured RXVCCAPT,611110,Schools,TX,South,48,3388436.91,6928709.97,16,0,1e+06,5000,1.4765,0.9
POL002532,Insured ASWJMLIF,722511,Restaurants,PA,Northeast,15,1766091.56,5237470.51,32,1,1e+06,10000,1.0839,1.15
POL002533,Insured JCNVSBRB,722511,Restaurants,NC,South,8,821124.57,2789876.25,25,1,1e+06,2500,1.1394,1.15
POL002534,Insured KPTEPIRT,541330,Engineering Services,AZ,West,11,460476.5,1195204.3,11,1,2e+06,1000,1.1688,0.85
POL002535,Insured NHRUPUQQ,236220,Construction,AZ,West,15,1356847.97,3554797.89,12,1,2e+06,5000,0.8952,1.35
POL002536,Insured SAYLEOQH,452319,Retail,IL,Midwest,27,1710073.74,6262150.17,26,3,2e+06,2500,0.614,1.05
POL002537,Insured ZYOKSIPS,621111,Physician Offices,TX,South,41,4804748.49,15417388.45,6,0,2e+06,2500,0.7537,0.95
POL002538,Insured LUTOKWFK,452319,Retail,AZ,West,15,909338.66,2948315.45,9,1,5e+06,5000,0.7594,1.05
POL002539,Insured ZUMDXPTM,541330,Engineering Services,CA,West,39,4510980.07,18963191.59,26,0,1e+06,2500,0.7538,0.85
POL002540,Insured JRVTOAML,236220,Construction,PA,Northeast,5,355578.48,673752.76,16,1,2e+06,1000,1.9602,1.35
POL002541,Insured RPBCSDBR,722511,Restaurants,NC,South,51,4245448.91,18525477.84,13,1,2e+06,1000,0.603,1.15
POL002542,Insured QUIXCGCA,621111,Physician Offices,AZ,West,58,5771660.55,8660765.82,13,3,1e+06,2500,0.9274,0.95
POL002543,Insured IOVRSOKU,236220,Construction,NC,South,15,1844107.25,5287146.09,18,0,5e+06,1000,0.6044,1.35
POL002544,Insured BESKVYNN,621111,Physician Offices,WA,West,49,2358632.89,7731018.87,13,2,2e+06,2500,1.2025,0.95
POL002545,Insured REGHTHDS,812112,Beauty Salons,GA,South,24,1492981.74,2297388.84,17,3,1e+06,1000,1.0358,1.1
POL002546,Insured VDZCPYSM,611110,Schools,CA,West,42,4678507.69,18100771.11,4,1,2e+06,5000,1.1694,0.9
POL002547,Insured JHKQJBME,621111,Physician Offices,TX,South,56,2239250.25,6973321.07,11,1,5e+06,5000,0.6535,0.95
POL002548,Insured QFUAYXUO,236220,Construction,PA,Northeast,69,3320813.06,10461635.99,13,1,2e+06,2500,0.9216,1.35
POL002549,Insured ITCEOVRZ,541330,Engineering Services,PA,Northeast,6,292048.44,821592.98,9,1,2e+06,1000,0.9221,0.85
POL002550,Insured ZQKGVGUY,236220,Construction,WA,West,24,1062903.09,3204899.09,3,0,1e+06,10000,0.6848,1.35
POL002551,Insured QPOTWAOI,722511,Restaurants,FL,South,38,3688090.76,13378236.35,9,1,2e+06,2500,0.7397,1.15
POL002552,Insured CTYYISQI,812112,Beauty Salons,NY,Northeast,15,1700442.22,5735876.88,5,1,5e+06,5000,0.9254,1.1
POL002553,Insured PUUBSLMT,812112,Beauty Salons,NC,South,14,1085499.84,3102281.2,12,2,5e+06,10000,0.9902,1.1
POL002554,Insured YAEKVZUH,722511,Restaurants,IL,Midwest,23,1547189.5,4977906.25,5,1,2e+06,5000,0.9143,1.15
POL002555,Insured VNZWPVDS,812112,Beauty Salons,NC,South,16,936815.37,2935992.29,6,1,2e+06,1000,0.7546,1.1
POL002556,Insured OYSHTGRM,236220,Construction,WA,West,12,1005349.5,3845649.35,26,1,2e+06,5000,1.0255,1.35
POL002557,Insured XMHPNRVZ,611110,Schools,TX,South,21,1807475.91,2930582.47,11,1,2e+06,1000,0.821,0.9
POL002558,Insured GJKTPQIF,541330,Engineering Services,CA,West,9,758124.83,1534452.69,7,1,1e+06,5000,1.0619,0.85
POL002559,Insured PKQPLLQZ,812112,Beauty Salons,AZ,West,19,1778977.03,4186483.45,11,1,1e+06,2500,1.5231,1.1
POL002560,Insured UHWAKMXD,722511,Restaurants,GA,South,36,2729938.02,12061687.57,7,1,1e+06,5000,1.1406,1.15
POL002561,Insured BUJNPCJZ,541330,Engineering Services,PA,Northeast,39,4711082.13,13518516.05,13,1,1e+06,1000,1.2177,0.85
POL002562,Insured UZVVRSTB,611110,Schools,NC,South,41,2561799.47,6266156.73,16,0,2e+06,10000,0.8661,0.9
POL002563,Insured JJKWZWKG,236220,Construction,WA,West,75,5939824.61,15298300,8,2,1e+06,1000,1.1032,1.35
POL002564,Insured RQOXSCME,236220,Construction,NC,South,21,1936262.55,5864825.65,11,1,2e+06,1000,0.5307,1.35
POL002565,Insured YOKBNTXS,452319,Retail,NC,South,14,1513466.25,2624342.1,44,2,1e+06,2500,1.0244,1.05
POL002566,Insured NAFKCJEW,611110,Schools,CA,West,55,4760422.75,18083113.42,11,0,1e+06,2500,2.2234,0.9
POL002567,Insured YILGFJVD,722511,Restaurants,NC,South,31,1967767.87,5247522.75,16,0,1e+06,1000,0.9698,1.15
POL002568,Insured SCNDFDED,452319,Retail,CA,West,28,1156424.01,4347616.99,30,0,1e+06,1000,1.4926,1.05
POL002569,Insured BZVHSHQS,236220,Construction,TX,South,78,5450799.18,16832511.68,17,1,2e+06,5000,1.2842,1.35
POL002570,Insured LDBFRWVV,452319,Retail,PA,Northeast,22,1645851.67,6429068.91,22,1,2e+06,5000,0.8802,1.05
POL002571,Insured NKPXGRDA,722511,Restaurants,NY,Northeast,10,1248965.1,5429967.49,24,1,1e+06,10000,1.1546,1.15
POL002572,Insured PIKSUMUF,611110,Schools,CA,West,54,3875856.44,17243011.01,16,1,1e+06,10000,1.1025,0.9
POL002573,Insured UYQHSBRR,812112,Beauty Salons,AZ,West,30,1756634.2,3759052.5,6,0,2e+06,2500,1.2726,1.1
POL002574,Insured ESWTZOSZ,812112,Beauty Salons,WA,West,20,2318913.63,9283190.42,49,1,2e+06,1000,0.9478,1.1
POL002575,Insured QZKOQFOR,611110,Schools,TX,South,33,3389600.82,12722371.46,12,2,5e+06,5000,0.7648,0.9
POL002576,Insured XVKJJULK,812112,Beauty Salons,NC,South,68,6971652.83,11234720.48,19,4,2e+06,2500,1.8691,1.1
POL002577,Insured VMGJVCFB,621111,Physician Offices,CA,West,88,5396176.67,10223911.84,6,0,1e+06,5000,0.7425,0.95
POL002578,Insured DUECVIIP,722511,Restaurants,NC,South,30,1190497.57,3531504.42,12,1,2e+06,1000,1.4343,1.15
POL002579,Insured NKGTYXUZ,541330,Engineering Services,CA,West,32,2586706.65,8953694.19,9,1,1e+06,1000,1.0788,0.85
POL002580,Insured ERNWPJET,621111,Physician Offices,NY,Northeast,16,1072491.05,3116771.28,8,1,1e+06,1000,2.2009,0.95
POL002581,Insured SFVEQVMA,722511,Restaurants,IL,Midwest,28,2901694.85,8352443.27,6,0,2e+06,1000,1.0633,1.15
POL002582,Insured IWUVZQGJ,812112,Beauty Salons,NY,Northeast,62,5071372.55,21956868.73,16,1,1e+06,5000,1.1484,1.1
POL002583,Insured TBEBNSAG,611110,Schools,TX,South,30,3450239.1,6262369.37,4,0,2e+06,10000,0.9301,0.9
POL002584,Insured UNPSVBAW,621111,Physician Offices,WA,West,18,1068204.92,3683970.83,12,0,1e+06,10000,0.8614,0.95
POL002585,Insured LTCLXHPN,621111,Physician Offices,CA,West,65,4504462.89,17906450.84,12,0,2e+06,1000,1.0831,0.95
POL002586,Insured LWNDCWZR,236220,Construction,PA,Northeast,33,3060639.34,9503081.68,15,0,1e+06,10000,1.2214,1.35
POL002587,Insured UVYDVKER,812112,Beauty Salons,CA,West,19,2058997.12,4196572.26,6,0,2e+06,1000,1.233,1.1
POL002588,Insured JTVDAIFI,452319,Retail,IL,Midwest,60,7346589.61,19080547.55,14,0,5e+06,2500,1.1279,1.05
POL002589,Insured NRMDKAKV,452319,Retail,CA,West,79,8174947.93,27771532.14,41,2,1e+06,2500,1.2316,1.05
POL002590,Insured TWHJULJS,722511,Restaurants,NC,South,31,1267722.26,3945062.51,9,1,2e+06,1000,0.521,1.15
POL002591,Insured ILOKUBZW,541330,Engineering Services,NC,South,45,5067840.34,21195742.44,10,0,1e+06,1000,0.7821,0.85
POL002592,Insured UYGEEJQO,452319,Retail,PA,Northeast,45,2233108.8,9418795.93,6,1,1e+06,5000,0.9612,1.05
POL002593,Insured JWYIYSFA,236220,Construction,IL,Midwest,40,2543577.44,5552076.04,22,1,2e+06,5000,1.0979,1.35
POL002594,Insured HLQZGLTF,541330,Engineering Services,FL,South,29,3270920.2,9597171.14,30,1,2e+06,1000,0.5934,0.85
POL002595,Insured HRHRCYTJ,541330,Engineering Services,GA,South,38,2869495.41,5818592.24,24,0,1e+06,2500,1.0166,0.85
POL002596,Insured WWSKJBFD,812112,Beauty Salons,PA,Northeast,8,430123.24,839299.93,18,1,2e+06,1000,0.8297,1.1
POL002597,Insured GJIDOSRY,621111,Physician Offices,PA,Northeast,10,699974.92,2108899.6,21,2,2e+06,1000,1.6548,0.95
POL002598,Insured GNBJSYYO,452319,Retail,PA,Northeast,35,2451253.91,6140520.49,11,2,1e+06,1000,0.694,1.05
POL002599,Insured GGPFIXVC,541330,Engineering Services,CA,West,36,3445172.87,12727235.58,11,1,2e+06,10000,0.7083,0.85
POL002600,Insured CTUBOOOF,541330,Engineering Services,WA,West,7,628556.02,2341947.59,11,1,2e+06,1000,0.5297,0.85
POL002601,Insured YEWSTHCY,621111,Physician Offices,WA,West,34,3649869.21,10935103.1,10,1,2e+06,10000,0.9707,0.95
POL002602,Insured MZGDUXHG,541330,Engineering Services,TX,South,67,5130770.49,15391936.54,24,2,2e+06,2500,1.1184,0.85
POL002603,Insured XXWSKSHD,541330,Engineering Services,AZ,West,12,590675.81,2480599.24,24,2,5e+06,2500,1.0482,0.85
POL002604,Insured UEASUYWH,452319,Retail,NY,Northeast,17,693124.94,2654671.82,4,2,5e+06,25000,1.2081,1.05
POL002605,Insured JWVMJFGB,452319,Retail,GA,South,41,4930180.68,13013116.75,7,0,5e+06,1000,0.7813,1.05
POL002606,Insured NCDAUYYQ,236220,Construction,NY,Northeast,48,4034566.23,12695836.32,7,0,2e+06,5000,0.749,1.35
POL002607,Insured AEJWJOBA,541330,Engineering Services,CA,West,23,1825415.72,3168650.98,12,0,1e+06,10000,0.731,0.85
POL002608,Insured XSFTYOOY,812112,Beauty Salons,PA,Northeast,39,2201662.61,3644300.61,19,2,5e+06,2500,0.5577,1.1
POL002609,Insured ZBNRDMPQ,812112,Beauty Salons,NY,Northeast,5,304345.57,1323282.24,5,0,2e+06,5000,0.6889,1.1
POL002610,Insured GOMVDCPK,452319,Retail,WA,West,12,652261.15,2579069.65,13,3,1e+06,2500,0.981,1.05
POL002611,Insured YVXERGJA,621111,Physician Offices,FL,South,26,1120514.77,2528905.83,24,2,1e+06,5000,1.818,0.95
POL002612,Insured ZUGYBIYY,621111,Physician Offices,WA,West,13,881167.39,3170061.03,25,1,1e+06,1000,1.0557,0.95
POL002613,Insured TSEXNYYZ,621111,Physician Offices,FL,South,64,2576286.73,4385480.35,9,3,2e+06,1000,1.0401,0.95
POL002614,Insured LQXECMWZ,621111,Physician Offices,GA,South,11,439351.69,1080241.21,16,3,1e+06,1000,0.8058,0.95
POL002615,Insured BOWAJSMR,722511,Restaurants,WA,West,39,3222417.54,6847805.93,13,1,1e+06,2500,1.2425,1.15
POL002616,Insured WAEUVMLV,611110,Schools,TX,South,7,612353.34,1056406.19,32,1,1e+06,2500,0.895,0.9
POL002617,Insured IKTZJXGD,541330,Engineering Services,GA,South,15,1516646.79,4176018.04,17,1,1e+06,1000,1.0556,0.85
POL002618,Insured JDUJBVPQ,236220,Construction,PA,Northeast,16,810231.47,1662554.72,21,1,1e+06,10000,0.8944,1.35
POL002619,Insured KYWXPCZZ,611110,Schools,WA,West,26,1579008.43,7095412.53,19,0,1e+06,2500,0.8599,0.9
POL002620,Insured MZXPYUDQ,621111,Physician Offices,GA,South,22,2515674.6,7821453.84,16,0,2e+06,25000,1.3216,0.95
POL002621,Insured KXDLHNUV,722511,Restaurants,NY,Northeast,75,3801817.19,11027386.44,15,0,1e+06,25000,1.3581,1.15
POL002622,Insured MQAXLHGE,236220,Construction,TX,South,9,582557.38,1432462.16,18,1,1e+06,5000,1.2469,1.35
POL002623,Insured CHLNMVYA,621111,Physician Offices,AZ,West,72,5440711.33,9993253.09,11,0,1e+06,5000,1.4397,0.95
POL002624,Insured TOWHJONU,452319,Retail,CA,West,53,4122605.31,9132793.65,29,0,2e+06,2500,1.5481,1.05
POL002625,Insured ETJIXVHG,722511,Restaurants,GA,South,65,2836565.75,7282514.84,11,0,2e+06,5000,1.3923,1.15
POL002626,Insured EIVWQMTU,452319,Retail,PA,Northeast,105,11419525.43,45032791.95,6,1,1e+06,2500,1.3682,1.05
POL002627,Insured SUGINIAK,722511,Restaurants,AZ,West,16,797666.75,2494620.25,74,3,1e+06,1000,1.7657,1.15
POL002628,Insured RQTNJUJX,722511,Restaurants,FL,South,30,3148912.23,10496163.98,10,1,1e+06,10000,0.8856,1.15
POL002629,Insured SHTLHWQR,812112,Beauty Salons,TX,South,75,2923014.15,11802019.03,12,0,5e+06,2500,0.6977,1.1
POL002630,Insured DTEYCUQN,541330,Engineering Services,NC,South,7,604398.83,2286237.48,19,0,1e+06,5000,0.9415,0.85
POL002631,Insured SJGRVXDV,452319,Retail,PA,Northeast,9,749568.42,1294147.06,13,1,2e+06,25000,1.4046,1.05
POL002632,Insured PQYVDWVH,541330,Engineering Services,IL,Midwest,45,2222606.28,4577676.41,25,1,2e+06,10000,1.2783,0.85
POL002633,Insured YHCZYGED,812112,Beauty Salons,GA,South,4,387606.84,1325794.23,10,0,2e+06,1000,1.006,1.1
POL002634,Insured ACWWMXHM,611110,Schools,IL,Midwest,23,2409491.81,3758786.25,9,0,1e+06,5000,0.9635,0.9
POL002635,Insured QVNOFEUL,611110,Schools,IL,Midwest,24,2236919.89,6088108.87,18,0,5e+06,10000,1.5503,0.9
POL002636,Insured RRCTGBBV,621111,Physician Offices,TX,South,14,936529.3,2316521.68,6,1,2e+06,2500,1.6434,0.95
POL002637,Insured TSPYVPOD,611110,Schools,AZ,West,24,2415629.25,9445431.25,7,0,1e+06,5000,1.1549,0.9
POL002638,Insured JLIFFCPJ,541330,Engineering Services,GA,South,22,2020152.71,8675298.5,15,1,1e+06,1000,0.9441,0.85
POL002639,Insured SSZRAYZW,611110,Schools,TX,South,53,2955965.16,12046040.95,20,1,5e+06,5000,0.7445,0.9
POL002640,Insured ECJVDVGO,452319,Retail,WA,West,18,1580294.06,3543988.14,19,1,5e+06,25000,1.0552,1.05
POL002641,Insured ALBUXQAW,236220,Construction,WA,West,32,3123166.32,10110681.46,13,0,1e+06,2500,0.9281,1.35
POL002642,Insured KTKKEGVK,722511,Restaurants,TX,South,33,3677242.91,6552821.6,6,3,2e+06,2500,0.6939,1.15
POL002643,Insured HNPUMAJX,812112,Beauty Salons,GA,South,57,4303871.65,18067621.13,45,4,1e+06,5000,1.0127,1.1
POL002644,Insured JCIOIWOE,611110,Schools,PA,Northeast,11,856952.7,2554368.93,8,2,2e+06,5000,1.4503,0.9
POL002645,Insured IUBMKRZS,812112,Beauty Salons,CA,West,9,598521.47,1923363.83,12,1,5e+06,5000,1.0513,1.1
POL002646,Insured PKLRPRIT,541330,Engineering Services,CA,West,19,1983943.4,7483404.46,10,2,1e+06,1000,1.6846,0.85
POL002647,Insured QVMDOWXX,452319,Retail,NC,South,21,1684161.8,6067654.97,55,1,1e+06,2500,1.2693,1.05
POL002648,Insured CHQECTBO,812112,Beauty Salons,CA,West,26,2863878.44,10660141.43,22,0,5e+06,2500,1.0187,1.1
POL002649,Insured NYMCWELA,611110,Schools,FL,South,85,7336449.74,21228479.2,10,1,1e+06,2500,0.9144,0.9
POL002650,Insured FTXLONBB,236220,Construction,WA,West,42,3304252.69,11410323.63,17,1,1e+06,10000,1.0444,1.35
POL002651,Insured WXKHPWXT,236220,Construction,TX,South,16,715447.69,2192519.13,13,1,1e+06,5000,0.9829,1.35
POL002652,Insured QIYZFQRS,722511,Restaurants,NY,Northeast,34,1365912.18,4185847.83,14,1,2e+06,2500,0.6917,1.15
POL002653,Insured TRMAOEFD,611110,Schools,NY,Northeast,5,314970.16,1416346.92,24,3,5e+06,1000,0.8294,0.9
POL002654,Insured KLDPQWNX,541330,Engineering Services,AZ,West,63,7395684.69,24562767.98,14,1,5e+06,5000,0.9562,0.85
POL002655,Insured MWJQWOBE,812112,Beauty Salons,FL,South,25,3097385.11,11222947.98,19,2,5e+06,2500,1.2214,1.1
POL002656,Insured BPHFKQPB,452319,Retail,NY,Northeast,26,1561085.08,3548372.48,39,0,2e+06,5000,0.8403,1.05
POL002657,Insured HTEUIZAV,722511,Restaurants,IL,Midwest,24,2555410.28,3981328.22,4,2,2e+06,1000,1.3392,1.15
POL002658,Insured BEXGDFEX,611110,Schools,NY,Northeast,7,322777.32,1262024.16,13,2,1e+06,2500,1.295,0.9
POL002659,Insured ATLPPUEI,236220,Construction,WA,West,30,2934041.58,12992096.42,8,2,1e+06,5000,1.0819,1.35
POL002660,Insured TASNPUXG,812112,Beauty Salons,WA,West,39,2060496.87,4386261.52,12,0,1e+06,1000,0.7963,1.1
POL002661,Insured OFUYUGTL,621111,Physician Offices,IL,Midwest,55,6709311.88,25740306.22,18,2,1e+06,1000,0.74,0.95
POL002662,Insured KZYRTMAO,236220,Construction,NY,Northeast,20,2069464.56,5352305.79,17,2,1e+06,10000,1.3653,1.35
POL002663,Insured ODKDKNKP,812112,Beauty Salons,FL,South,18,2174493.5,8149107.72,6,0,1e+06,5000,0.8419,1.1
POL002664,Insured AOQILFIQ,722511,Restaurants,IL,Midwest,33,2965747.77,7911685,6,0,2e+06,5000,1.259,1.15
POL002665,Insured HKFZCWGG,621111,Physician Offices,IL,Midwest,13,1565828.63,3167464.22,10,1,1e+06,5000,1.0659,0.95
POL002666,Insured ZAVOTQYY,611110,Schools,PA,Northeast,13,709258.89,2786948.46,5,2,2e+06,5000,1.4243,0.9
POL002667,Insured XDJWCPGD,621111,Physician Offices,TX,South,12,1479963.89,2446034.25,7,2,5e+06,2500,1.6668,0.95
POL002668,Insured VJXDZLBQ,621111,Physician Offices,TX,South,56,2946107.63,8828662.07,11,1,2e+06,2500,1.4269,0.95
POL002669,Insured BZBQHLGY,722511,Restaurants,CA,West,9,972252.02,2847388.55,16,1,1e+06,10000,1.2098,1.15
POL002670,Insured DAQNPXAQ,452319,Retail,AZ,West,6,339379.06,809857.47,3,0,2e+06,10000,0.7652,1.05
POL002671,Insured WFTBIUMU,452319,Retail,NC,South,8,917319.84,2199314.53,33,0,1e+06,25000,1.1011,1.05
POL002672,Insured MOGGILWS,611110,Schools,TX,South,39,2222787.74,8310804.54,8,1,1e+06,1000,0.5012,0.9
POL002673,Insured NWJOVFOS,236220,Construction,NY,Northeast,15,1267021.72,2126554.65,7,0,2e+06,1000,0.6661,1.35
POL002674,Insured RDBSOSLU,611110,Schools,TX,South,17,1394723.26,5355421.39,31,0,2e+06,2500,0.6447,0.9
POL002675,Insured QFAWPTQE,812112,Beauty Salons,WA,West,6,510742.87,2196779.42,13,1,1e+06,5000,0.8042,1.1
POL002676,Insured STHITSED,722511,Restaurants,GA,South,22,2428406.75,3766335.27,9,3,1e+06,1000,1.5542,1.15
POL002677,Insured KAKRZVES,541330,Engineering Services,NC,South,9,950879.43,2713407.65,7,1,2e+06,1000,0.8192,0.85
POL002678,Insured FOIJRPUN,236220,Construction,FL,South,62,6572499.71,20971687.34,11,1,1e+06,1000,0.973,1.35
POL002679,Insured BVRXFZHU,452319,Retail,FL,South,21,1012891.66,3226996.37,21,0,1e+06,2500,1.0546,1.05
POL002680,Insured PNKTYWTD,236220,Construction,FL,South,9,656766.42,1984159.59,5,0,5e+06,5000,1.2307,1.35
POL002681,Insured TXRTWLMW,541330,Engineering Services,CA,West,12,643269.98,2634360.61,4,2,2e+06,2500,1.4732,0.85
POL002682,Insured UVCLJUWR,236220,Construction,NY,Northeast,40,2805180.87,6734878.49,8,4,1e+06,2500,0.8537,1.35
POL002683,Insured RNGSHTSH,541330,Engineering Services,AZ,West,30,2628299.56,9142916.91,3,4,2e+06,1000,0.8087,0.85
POL002684,Insured FXOGPONL,812112,Beauty Salons,PA,Northeast,8,860785.71,2056636.37,8,0,2e+06,1000,1.1025,1.1
POL002685,Insured HSQLDXRL,541330,Engineering Services,WA,West,16,1321059.67,4433993.78,4,0,2e+06,10000,0.8868,0.85
POL002686,Insured TEKXAGDC,722511,Restaurants,PA,Northeast,39,3364564.99,7428533.81,11,1,2e+06,25000,1.0332,1.15
POL002687,Insured OQNISIGI,236220,Construction,PA,Northeast,38,2624087.39,6815936.53,8,2,1e+06,5000,1.1504,1.35
POL002688,Insured SVOFTJJK,236220,Construction,PA,Northeast,13,1503296.81,3710151.12,9,3,5e+06,2500,1.2936,1.35
POL002689,Insured SWULMEYB,812112,Beauty Salons,GA,South,77,9236702.37,21870330.23,10,0,1e+06,1000,1.1351,1.1
POL002690,Insured PBINUKCM,452319,Retail,CA,West,34,1529026.63,5185997.61,15,0,2e+06,10000,1.1208,1.05
POL002691,Insured GIRVJVMZ,812112,Beauty Salons,CA,West,27,2948403.88,8723537.92,28,1,1e+06,1000,0.7818,1.1
POL002692,Insured PIVKUTIY,236220,Construction,GA,South,29,2150490.42,8868655.51,11,2,1e+06,2500,0.8109,1.35
POL002693,Insured SXSFOOQS,611110,Schools,IL,Midwest,31,3027357.26,11145295.77,18,2,2e+06,2500,1.2132,0.9
POL002694,Insured PMSIMCVX,236220,Construction,NC,South,25,2731566.31,4606334.87,15,1,5e+06,2500,1.1068,1.35
POL002695,Insured CISRUBWU,541330,Engineering Services,TX,South,20,1610601.06,2438272.64,11,1,1e+06,1000,1.1162,0.85
POL002696,Insured HVQDTWDL,452319,Retail,CA,West,19,1180527.9,5146926.69,4,1,2e+06,5000,1.2651,1.05
POL002697,Insured RAOJKTEZ,541330,Engineering Services,TX,South,32,1768737.22,6317646.22,5,0,5e+06,10000,1.4251,0.85
POL002698,Insured CMAYWDDW,611110,Schools,CA,West,12,1206336.25,3413401.76,6,1,5e+06,10000,1.2576,0.9
POL002699,Insured HFENMKXK,452319,Retail,NC,South,69,2639721.58,7183332.19,113,0,1e+06,10000,0.902,1.05
POL002700,Insured MJHXIOIZ,812112,Beauty Salons,GA,South,93,5861471.48,17043237.02,45,0,2e+06,10000,0.8621,1.1
POL002701,Insured SDGNNNWW,611110,Schools,CA,West,38,2241331.88,4626109.02,30,0,5e+06,5000,0.6299,0.9
POL002702,Insured FMDSZKUI,812112,Beauty Salons,AZ,West,68,6726274.83,27716201.74,8,0,1e+06,1000,1.1377,1.1
POL002703,Insured TMNCNKZK,611110,Schools,TX,South,18,1265741.02,2947984.72,5,1,1e+06,5000,0.4734,0.9
POL002704,Insured SGSXIFEZ,452319,Retail,AZ,West,43,3694164.6,8040500.42,10,1,2e+06,5000,1.3434,1.05
POL002705,Insured OXEXFRAL,452319,Retail,IL,Midwest,56,2588037.07,6140855.11,14,2,2e+06,25000,0.9215,1.05
POL002706,Insured QXHNQIWU,722511,Restaurants,GA,South,9,878122.83,2128436.21,23,1,1e+06,10000,0.9424,1.15
POL002707,Insured RROMKCMO,452319,Retail,FL,South,36,2500842.23,4707519.3,50,1,2e+06,2500,0.9074,1.05
POL002708,Insured WLDJSEIK,611110,Schools,FL,South,198,9881098.9,25138259.86,2,0,2e+06,1000,1.1782,0.9
POL002709,Insured DSLLQNHM,812112,Beauty Salons,GA,South,16,1415387.03,3319987.22,23,2,1e+06,1000,1.1229,1.1
POL002710,Insured RXCZSMGA,236220,Construction,FL,South,21,2447460.31,7181470.28,11,3,1e+06,1000,0.6649,1.35
POL002711,Insured DXNIDNQJ,722511,Restaurants,TX,South,10,947251.58,3525500.91,5,0,5e+06,10000,1.0167,1.15
POL002712,Insured CLNVJFNB,812112,Beauty Salons,AZ,West,17,1383098.43,5915452,7,0,1e+06,2500,0.9653,1.1
POL002713,Insured OMWHHYOU,611110,Schools,IL,Midwest,24,1610234.28,2931403.85,8,1,1e+06,10000,0.6553,0.9
POL002714,Insured GXUVFFDI,236220,Construction,NY,Northeast,14,1712043,7046751.11,5,1,2e+06,1000,0.6827,1.35
POL002715,Insured LYJQJGIC,236220,Construction,TX,South,13,1217096.8,2310717.53,10,0,1e+06,1000,1.477,1.35
POL002716,Insured WEZFTIMP,621111,Physician Offices,AZ,West,16,946562.92,2848048.91,6,0,5e+06,5000,1.8239,0.95
POL002717,Insured IUDIHGMU,236220,Construction,WA,West,61,3261774.97,5765777.32,3,1,1e+06,25000,0.7343,1.35
POL002718,Insured ULWSLFML,236220,Construction,NC,South,51,3842296.64,9691140.37,15,0,2e+06,1000,0.9569,1.35
POL002719,Insured LNDUEBTP,452319,Retail,FL,South,37,2800568.03,8803785.82,13,1,1e+06,1000,1.4501,1.05
POL002720,Insured KULNCIHN,611110,Schools,TX,South,20,2313357.13,8042220.98,12,0,1e+06,2500,1.1845,0.9
POL002721,Insured YHJLZNKO,541330,Engineering Services,NC,South,19,725430.71,2827201.55,11,1,2e+06,2500,1.0371,0.85
POL002722,Insured QFWDXUNG,812112,Beauty Salons,TX,South,81,7088538.01,22548743.57,10,3,2e+06,5000,1.049,1.1
POL002723,Insured DHSAOGUX,541330,Engineering Services,AZ,West,61,2570805.96,11448771.84,13,0,5e+06,10000,1.3457,0.85
POL002724,Insured VDIUOIHH,541330,Engineering Services,GA,South,69,6803095.08,14338058.84,28,0,1e+06,5000,0.7252,0.85
POL002725,Insured BJJFGLRQ,452319,Retail,AZ,West,41,4353136.61,16835503.22,3,0,1e+06,5000,1.6903,1.05
POL002726,Insured JTGEMIXO,722511,Restaurants,WA,West,27,2446710.04,7774051.12,10,0,1e+06,2500,0.8885,1.15
POL002727,Insured HIZESGIW,722511,Restaurants,NC,South,59,5890158.58,23010584.56,45,2,1e+06,2500,0.7764,1.15
POL002728,Insured AOMOXLZD,812112,Beauty Salons,NC,South,26,1250942.24,3301944.67,11,1,1e+06,10000,1.3182,1.1
POL002729,Insured LYTNHSJF,452319,Retail,NC,South,6,429191.84,1337514.48,9,1,1e+06,1000,0.7616,1.05
POL002730,Insured IHFBZLWZ,621111,Physician Offices,PA,Northeast,36,2477008.56,10438899.49,18,2,2e+06,1000,0.468,0.95
POL002731,Insured ANCHSNHL,236220,Construction,PA,Northeast,27,2619308.27,8460781.9,7,2,5e+06,25000,0.8357,1.35
POL002732,Insured JDHKPXCR,722511,Restaurants,IL,Midwest,19,1772105.49,7727969.66,13,2,5e+06,25000,0.9053,1.15
POL002733,Insured AODIVBHJ,541330,Engineering Services,TX,South,88,9500915.94,41632805.23,18,2,2e+06,2500,1.0107,0.85
POL002734,Insured WEKANBWE,541330,Engineering Services,TX,South,10,601737.94,1037931.6,30,3,5e+06,2500,0.9725,0.85
POL002735,Insured VLHDQUEW,621111,Physician Offices,GA,South,10,1100809.22,2718100.08,18,1,1e+06,10000,1.0989,0.95
POL002736,Insured OIIQMQVE,452319,Retail,WA,West,29,2176434.75,9787942.26,13,1,2e+06,5000,0.7925,1.05
POL002737,Insured MFUQJEXC,541330,Engineering Services,FL,South,39,4290485.87,12365398.52,18,0,2e+06,1000,0.9277,0.85
POL002738,Insured SNGUJPTJ,621111,Physician Offices,PA,Northeast,44,4380383.28,18193083.84,2,2,1e+06,5000,1.1571,0.95
POL002739,Insured AIHFQUZN,611110,Schools,PA,Northeast,7,280759.31,1040181.98,6,0,1e+06,5000,1.663,0.9
POL002740,Insured QRBVWXVD,722511,Restaurants,AZ,West,24,1707929.85,5823696.26,7,0,1e+06,5000,0.8261,1.15
POL002741,Insured QOBQVCIO,236220,Construction,FL,South,26,2855064.99,11816490.86,12,0,2e+06,5000,1.3667,1.35
POL002742,Insured XOHXEMHS,812112,Beauty Salons,CA,West,18,1630134.03,2657703.56,45,1,5e+06,10000,0.6771,1.1
POL002743,Insured QIPWDKNF,722511,Restaurants,GA,South,35,3682899.2,14567965.19,13,0,5e+06,5000,0.9112,1.15
POL002744,Insured FPTPYWDW,812112,Beauty Salons,FL,South,11,623294.16,2019945.83,15,1,2e+06,5000,1.1518,1.1
POL002745,Insured RJBPCHUU,621111,Physician Offices,NY,Northeast,10,904726.03,3670237.44,32,3,1e+06,5000,0.7844,0.95
POL002746,Insured QQAEAARQ,722511,Restaurants,AZ,West,4,156006.53,304338.6,26,1,1e+06,5000,2.4766,1.15
POL002747,Insured XMCGTGLF,611110,Schools,WA,West,20,1692551.05,3934824.64,36,0,1e+06,2500,0.8977,0.9
POL002748,Insured RXTVQXQA,812112,Beauty Salons,IL,Midwest,60,6278419.59,13608038.1,32,0,1e+06,1000,1.1656,1.1
POL002749,Insured ZFAVWJSA,611110,Schools,PA,Northeast,26,1806136.15,5008170.56,15,1,2e+06,5000,0.9746,0.9
POL002750,Insured VFILZDYT,812112,Beauty Salons,WA,West,29,1937683.18,7898117.54,4,2,2e+06,10000,1.2254,1.1
POL002751,Insured BWYBPFZT,611110,Schools,TX,South,55,6428374.39,11302961.34,2,0,5e+06,1000,1.0244,0.9
POL002752,Insured FLQYNBWZ,541330,Engineering Services,NY,Northeast,20,1262552.99,4688126.02,13,0,2e+06,2500,0.9831,0.85
POL002753,Insured QGKTJJQP,452319,Retail,WA,West,94,5650223.86,10492618.2,16,3,1e+06,5000,0.7396,1.05
POL002754,Insured XZLMWWAC,611110,Schools,WA,West,8,593643.06,2275079.67,11,2,1e+06,1000,1.673,0.9
POL002755,Insured FAWUBOIM,541330,Engineering Services,NY,Northeast,68,8396960.2,28154077.64,6,3,1e+06,10000,0.9912,0.85
POL002756,Insured KVMKOTLH,812112,Beauty Salons,NY,Northeast,10,1087015.2,4496696.2,8,3,1e+06,2500,1.1901,1.1
POL002757,Insured TFJMNBCK,621111,Physician Offices,TX,South,18,969534.26,4337854.64,10,0,2e+06,5000,1.0129,0.95
POL002758,Insured OBGJZIHH,722511,Restaurants,GA,South,58,6037700.25,23344672.61,16,0,2e+06,5000,1.1951,1.15
POL002759,Insured FCRHUTRI,452319,Retail,IL,Midwest,17,1737045.22,6549170.57,6,2,2e+06,25000,0.6579,1.05
POL002760,Insured UPJJQKNE,611110,Schools,NC,South,13,689327.9,2968999.18,20,0,1e+06,5000,1.005,0.9
POL002761,Insured NRJNKNPC,236220,Construction,CA,West,18,893936.02,1483632.49,6,1,1e+06,2500,0.8608,1.35
POL002762,Insured VNKRPBFT,452319,Retail,PA,Northeast,12,1291141.81,5367277.72,41,0,5e+06,1000,1.4536,1.05
POL002763,Insured LXRNSCBZ,236220,Construction,NC,South,14,1543979.74,4979872.34,12,0,2e+06,1000,0.8844,1.35
POL002764,Insured YMJCKQBY,611110,Schools,CA,West,12,500522.24,2045680.82,6,1,2e+06,25000,1.0349,0.9
POL002765,Insured YNLSMFSF,812112,Beauty Salons,GA,South,51,3081709.79,7245567.64,18,0,2e+06,2500,1.143,1.1
POL002766,Insured SBTSSDTP,541330,Engineering Services,NY,Northeast,38,3019561.57,9779579.49,6,0,2e+06,5000,0.9799,0.85
POL002767,Insured YNNTVNPM,812112,Beauty Salons,FL,South,14,1569443.95,3263293.17,19,0,2e+06,1000,0.7555,1.1
POL002768,Insured TQBCJKZC,722511,Restaurants,WA,West,38,1819189.22,4869120.81,15,1,5e+06,2500,0.9369,1.15
POL002769,Insured EJGRMRAZ,236220,Construction,TX,South,40,1910648.66,4329375.24,13,2,2e+06,10000,0.9918,1.35
POL002770,Insured JQMSBUPG,452319,Retail,NY,Northeast,49,4437508.87,17182784.46,10,2,5e+06,25000,1.4433,1.05
POL002771,Insured HNYHBULS,812112,Beauty Salons,TX,South,24,2202784.61,9766512.41,7,4,2e+06,2500,0.6257,1.1
POL002772,Insured VRFROCXW,452319,Retail,TX,South,83,8623197.38,13572331.32,51,3,1e+06,1000,1.0056,1.05
POL002773,Insured NNIIRABP,452319,Retail,PA,Northeast,25,2500798.81,8449337.75,19,2,2e+06,2500,0.8718,1.05
POL002774,Insured PCCIFXZQ,452319,Retail,NC,South,152,11497604.85,36401025.88,7,0,2e+06,2500,1.7965,1.05
POL002775,Insured TNTDRAZW,621111,Physician Offices,PA,Northeast,8,781751.65,1744448.82,9,0,1e+06,2500,1.144,0.95
POL002776,Insured LYFPERSK,812112,Beauty Salons,NY,Northeast,14,1209803.01,2163410.32,20,2,1e+06,10000,1.2557,1.1
POL002777,Insured BDPBJEDP,621111,Physician Offices,AZ,West,60,4553152.66,16437606.96,25,0,2e+06,2500,0.7461,0.95
POL002778,Insured NLKZWPPH,812112,Beauty Salons,PA,Northeast,29,2116343.22,7211190.44,7,1,1e+06,5000,0.7471,1.1
POL002779,Insured AVGOPUOX,452319,Retail,CA,West,11,730113.58,3007335.3,17,1,2e+06,5000,0.7216,1.05
POL002780,Insured FXCSSBKL,722511,Restaurants,CA,West,29,2687258.55,5835221.48,8,1,2e+06,1000,0.8013,1.15
POL002781,Insured PBFQGLBZ,611110,Schools,NY,Northeast,9,491016.4,1091023.54,17,0,5e+06,5000,0.9084,0.9
POL002782,Insured LZWWIUCR,722511,Restaurants,AZ,West,40,1726569.36,6625179.13,18,0,2e+06,1000,0.7085,1.15
POL002783,Insured ALMOHEYT,236220,Construction,CA,West,26,1834146.25,6383266.97,37,1,1e+06,2500,1.4279,1.35
POL002784,Insured DMUYRTBL,611110,Schools,PA,Northeast,29,1658430.39,4840420.48,7,1,1e+06,2500,0.9894,0.9
POL002785,Insured SGNYUETS,621111,Physician Offices,TX,South,16,1234002.5,3934674.09,5,2,2e+06,2500,1.5174,0.95
POL002786,Insured AEWEJWJK,722511,Restaurants,TX,South,18,687384.62,2642122.61,19,1,2e+06,1000,1.3217,1.15
POL002787,Insured JLEZZAPS,236220,Construction,IL,Midwest,15,942839.1,3352198.24,6,2,1e+06,2500,1.1458,1.35
POL002788,Insured WPMBEVSF,236220,Construction,TX,South,61,5067181.97,17262186.73,6,1,5e+06,1000,1.4248,1.35
POL002789,Insured UAXHUDST,722511,Restaurants,TX,South,9,575599.68,1757908.62,8,1,5e+06,1000,0.7998,1.15
POL002790,Insured GAFWTPZE,236220,Construction,PA,Northeast,44,5378737.31,23536295.93,4,0,2e+06,1000,1.6414,1.35
POL002791,Insured DAERJJQE,236220,Construction,FL,South,13,1311896.94,2685802.45,18,1,1e+06,5000,0.9102,1.35
POL002792,Insured OIQQHGFO,722511,Restaurants,IL,Midwest,77,5510822.05,9639001.15,15,1,2e+06,10000,0.8,1.15
POL002793,Insured RUSUGDBE,541330,Engineering Services,IL,Midwest,18,790739.97,1431982.61,12,0,1e+06,10000,1.0159,0.85
POL002794,Insured EXADFPHT,452319,Retail,CA,West,10,414127.6,1269345.81,13,0,2e+06,1000,0.8583,1.05
POL002795,Insured JWJEWRES,541330,Engineering Services,TX,South,14,1585518.44,4312676.46,15,0,5e+06,25000,1.1207,0.85
POL002796,Insured GKDYFRLT,452319,Retail,GA,South,49,4878318.91,9975897.14,9,2,2e+06,1000,1.0467,1.05
POL002797,Insured BNGJEXVA,722511,Restaurants,WA,West,22,856773.86,3598432.11,25,0,1e+06,2500,0.9845,1.15
POL002798,Insured OIBNCGJS,812112,Beauty Salons,FL,South,33,3645889.11,6964167,12,0,1e+06,5000,0.6528,1.1
POL002799,Insured EYZXMJEA,722511,Restaurants,NC,South,27,1603858.66,3348190.59,17,0,1e+06,1000,1.0497,1.15
POL002800,Insured WHEADUSW,236220,Construction,WA,West,8,433842.32,1409062.06,5,0,2e+06,2500,1.3115,1.35
POL002801,Insured JLHJOUQI,812112,Beauty Salons,NC,South,14,1160913.24,3632240.95,14,0,1e+06,10000,0.7142,1.1
POL002802,Insured XFHVXMEW,611110,Schools,NC,South,64,2441817.31,6981260.98,10,1,1e+06,10000,0.6127,0.9
POL002803,Insured NKKJWCHI,722511,Restaurants,PA,Northeast,12,1186888.82,2288248.31,10,2,2e+06,2500,0.9201,1.15
POL002804,Insured GCQBAPYB,611110,Schools,IL,Midwest,16,712965.81,2911809.54,9,1,1e+06,2500,0.943,0.9
POL002805,Insured ELQKWPWJ,722511,Restaurants,IL,Midwest,6,452575.03,796288.7,8,0,1e+06,5000,0.6152,1.15
POL002806,Insured VTDFBWXW,236220,Construction,WA,West,26,1327070.99,4562151.3,7,1,2e+06,5000,1.0214,1.35
POL002807,Insured LQEYZDUR,541330,Engineering Services,NC,South,9,1053921.43,3503254.42,13,3,1e+06,10000,1.3112,0.85
POL002808,Insured IRVBJNEI,541330,Engineering Services,IL,Midwest,18,2036930.24,7341556.18,12,0,1e+06,10000,0.6427,0.85
POL002809,Insured JOIGSJTT,236220,Construction,CA,West,40,4314772.13,14271759.46,31,2,1e+06,10000,0.8099,1.35
POL002810,Insured TEHGWLPV,611110,Schools,GA,South,75,5564199.83,9988002.39,9,1,5e+06,10000,0.7188,0.9
POL002811,Insured HTLPFIPI,236220,Construction,NY,Northeast,17,1912060.01,5176652.84,14,1,1e+06,10000,0.9969,1.35
POL002812,Insured GEXEWKZV,621111,Physician Offices,AZ,West,47,4797971.94,12403431.92,11,1,2e+06,1000,1.0052,0.95
POL002813,Insured KSTSRMNR,621111,Physician Offices,NY,Northeast,20,1702868.77,6263153.2,18,0,1e+06,2500,1.2136,0.95
POL002814,Insured QMONBNFL,236220,Construction,TX,South,47,2629793.1,8161580.23,7,2,1e+06,2500,0.7044,1.35
POL002815,Insured EULSSHHH,722511,Restaurants,PA,Northeast,26,1042892.42,1841232.35,15,0,2e+06,5000,1.1618,1.15
POL002816,Insured RSQBOUVU,611110,Schools,NC,South,16,953554.38,3456913.45,30,1,1e+06,1000,0.8232,0.9
POL002817,Insured XRJVVAXG,236220,Construction,NC,South,6,616526.08,1777751.18,9,3,2e+06,25000,1.2711,1.35
POL002818,Insured TQJDXZIL,236220,Construction,NY,Northeast,34,2478821.08,6087817.31,13,1,1e+06,1000,1.1574,1.35
POL002819,Insured WMZPBRTE,812112,Beauty Salons,NC,South,56,3874521.86,12008561.04,26,1,5e+06,5000,0.9423,1.1
POL002820,Insured MUCULJKZ,812112,Beauty Salons,WA,West,8,641522.78,2104393.04,3,1,1e+06,1000,1.3229,1.1
POL002821,Insured TWLVNXYS,541330,Engineering Services,WA,West,16,1608040.57,2922919.17,17,0,1e+06,1000,0.9533,0.85
POL002822,Insured CEXZEHNN,541330,Engineering Services,NY,Northeast,15,1832410.8,7693869.6,19,0,1e+06,1000,1.2148,0.85
POL002823,Insured YZLGUACC,812112,Beauty Salons,GA,South,42,2461711.42,5257355.23,23,1,1e+06,5000,0.5739,1.1
POL002824,Insured PTAZVJHO,722511,Restaurants,NY,Northeast,43,1802163.92,6552905.39,7,0,1e+06,2500,0.6028,1.15
POL002825,Insured ORGQWTGF,812112,Beauty Salons,CA,West,34,1556017.3,2508908.73,82,1,2e+06,10000,1.2764,1.1
POL002826,Insured PVFBYWMA,452319,Retail,CA,West,23,1149482.82,3513658.92,14,1,2e+06,5000,0.6401,1.05
POL002827,Insured BDYEHPPC,611110,Schools,CA,West,49,5438685.24,24230149.09,18,0,1e+06,2500,0.6681,0.9
POL002828,Insured ZOBITRZC,452319,Retail,CA,West,21,2307290.91,7694707.89,5,1,1e+06,2500,0.6607,1.05
POL002829,Insured QEQHOCAG,452319,Retail,CA,West,13,1046791.96,3071249.28,8,3,2e+06,5000,1.224,1.05
POL002830,Insured IYZCYUCX,236220,Construction,NY,Northeast,107,7316702.45,12323055.12,17,0,1e+06,1000,0.9981,1.35
POL002831,Insured DQTXVWJA,621111,Physician Offices,TX,South,28,1757672.08,6309297.44,33,1,5e+06,1000,0.8677,0.95
POL002832,Insured JCGPCBMU,611110,Schools,AZ,West,25,1831574.39,2989862.88,6,1,1e+06,2500,0.8333,0.9
POL002833,Insured ZWHLCJQY,621111,Physician Offices,NC,South,54,2665307.12,9008810.95,54,0,2e+06,1000,0.6944,0.95
POL002834,Insured CXGYJXVA,236220,Construction,AZ,West,16,1155730.42,2981337.47,26,2,1e+06,1000,1.7877,1.35
POL002835,Insured FTOALICM,621111,Physician Offices,PA,Northeast,8,667083.94,1816995.59,34,4,2e+06,10000,1.6321,0.95
POL002836,Insured NFEALCFL,236220,Construction,CA,West,16,808680.65,1915233.49,11,3,5e+06,2500,1.2756,1.35
POL002837,Insured HDIWVRDS,452319,Retail,AZ,West,10,720389.42,1523410.73,24,0,1e+06,2500,1.0807,1.05
POL002838,Insured DHJAUSIO,452319,Retail,WA,West,13,1590563.94,6114315.72,37,1,5e+06,2500,0.8086,1.05
POL002839,Insured WPNQZLVN,236220,Construction,TX,South,4,445453.5,1153173.56,9,0,2e+06,1000,0.9111,1.35
POL002840,Insured UYYWRCPJ,812112,Beauty Salons,NY,Northeast,14,726525.4,2551390.04,12,1,1e+06,1000,0.8423,1.1
POL002841,Insured NWFCPEGL,611110,Schools,CA,West,11,563676.4,1695285.09,12,0,5e+06,2500,1.0274,0.9
POL002842,Insured RMOSQAYO,621111,Physician Offices,PA,Northeast,55,2909597.71,5721200.93,7,1,2e+06,1000,0.5869,0.95
POL002843,Insured VKMYLQXJ,452319,Retail,IL,Midwest,73,5234083.11,8906433.17,4,0,1e+06,25000,0.8375,1.05
POL002844,Insured UZCYNLBQ,452319,Retail,PA,Northeast,46,5149614.66,12779211.89,11,2,5e+06,1000,0.6304,1.05
POL002845,Insured OCCZTXUT,236220,Construction,FL,South,41,4171583.83,11778069.81,4,0,5e+06,2500,0.6845,1.35
POL002846,Insured BYCWVPUL,541330,Engineering Services,NY,Northeast,74,4265394.04,11866190.28,15,0,5e+06,2500,1.0717,0.85
POL002847,Insured KDQPTOZU,236220,Construction,PA,Northeast,21,1061981.66,4079830.84,15,1,1e+06,2500,0.8844,1.35
POL002848,Insured EZJMIBHZ,452319,Retail,NC,South,13,850178.92,2945041.61,5,2,2e+06,2500,0.8301,1.05
POL002849,Insured KLILFXYQ,541330,Engineering Services,IL,Midwest,7,453430.95,1403759.09,2,0,1e+06,2500,0.8226,0.85
POL002850,Insured HSXRRLZS,621111,Physician Offices,CA,West,11,872471.74,2267306.59,18,0,2e+06,2500,0.738,0.95
POL002851,Insured WEITIYSN,621111,Physician Offices,NC,South,41,5031399.58,12996979.27,8,2,5e+06,2500,0.7885,0.95
POL002852,Insured AUFAQDPR,621111,Physician Offices,PA,Northeast,5,365998.57,1271901.11,15,1,1e+06,5000,0.9893,0.95
POL002853,Insured JQUMDFNV,236220,Construction,CA,West,18,1200936.27,2964170.98,49,1,1e+06,5000,0.8137,1.35
POL002854,Insured QZWTJIDL,236220,Construction,TX,South,130,10765617.32,20029331.97,9,2,2e+06,1000,0.8921,1.35
POL002855,Insured GUSJRQGQ,812112,Beauty Salons,IL,Midwest,33,1567988.11,5149345.65,14,2,2e+06,2500,1.6169,1.1
POL002856,Insured GAUHUOZM,452319,Retail,TX,South,52,3657119.35,9095230.07,12,1,1e+06,1000,1.055,1.05
POL002857,Insured IQBEOKFN,722511,Restaurants,PA,Northeast,22,1646629.44,7155513.47,11,0,5e+06,10000,0.7676,1.15
POL002858,Insured CFXUATBE,236220,Construction,NC,South,46,1959738.94,8335975.37,14,1,1e+06,25000,0.5128,1.35
POL002859,Insured EZEVKLPO,541330,Engineering Services,NY,Northeast,20,2404254.48,7233388.34,28,0,1e+06,2500,0.7968,0.85
POL002860,Insured SQWXRNIP,452319,Retail,PA,Northeast,21,852611.94,2863104.63,45,1,1e+06,5000,0.7186,1.05
POL002861,Insured MEZGVKEB,611110,Schools,PA,Northeast,17,911961.33,1595460.23,15,0,2e+06,5000,1.0769,0.9
POL002862,Insured ASCTQLME,812112,Beauty Salons,GA,South,86,10468270,30883709.77,32,1,1e+06,5000,1.0035,1.1
POL002863,Insured BUKTYCGK,541330,Engineering Services,NC,South,13,590461.17,2035128.08,8,3,1e+06,1000,0.8196,0.85
POL002864,Insured FYTIHHRJ,452319,Retail,PA,Northeast,20,1901429.95,3377570.29,11,0,1e+06,5000,0.9151,1.05
POL002865,Insured BEZBOJYO,722511,Restaurants,AZ,West,25,2767200.49,8820997.74,7,0,2e+06,2500,0.7777,1.15
POL002866,Insured PZMOFWFT,541330,Engineering Services,NC,South,28,1866994.56,3878848.52,6,1,1e+06,10000,1.4871,0.85
POL002867,Insured TLSDGGOD,812112,Beauty Salons,GA,South,21,1426195.14,2240407.25,4,1,1e+06,1000,0.986,1.1
POL002868,Insured JCSGSWWM,621111,Physician Offices,AZ,West,5,546851.38,1198866.21,16,2,1e+06,2500,1.0674,0.95
POL002869,Insured KUROHYJP,722511,Restaurants,WA,West,42,4560107.67,16125426.9,28,1,1e+06,2500,1.2305,1.15
POL002870,Insured ACRJFJVD,452319,Retail,FL,South,7,318051.64,800199.02,12,4,5e+06,5000,1.2609,1.05
POL002871,Insured VJHNWHBA,621111,Physician Offices,CA,West,68,4963298.08,17785972.38,17,0,1e+06,2500,0.9914,0.95
POL002872,Insured QTNOCZYW,722511,Restaurants,IL,Midwest,26,2919136.73,8244194.45,6,1,5e+06,1000,1.1335,1.15
POL002873,Insured TVPWKISA,452319,Retail,WA,West,14,1123838.77,2390954.45,5,0,5e+06,2500,0.908,1.05
POL002874,Insured MIKRPLLO,236220,Construction,FL,South,21,1844959.78,5530078.26,5,2,2e+06,5000,1.4408,1.35
POL002875,Insured HYDYYRNT,541330,Engineering Services,FL,South,44,3351023.19,8349310.28,19,0,1e+06,1000,0.5423,0.85
POL002876,Insured JFCPOLZX,621111,Physician Offices,CA,West,30,1372200.54,4102669.22,14,0,1e+06,2500,1.8231,0.95
POL002877,Insured BGODDKRB,541330,Engineering Services,WA,West,29,2126941.04,7458146.96,17,1,5e+06,1000,0.6756,0.85
POL002878,Insured NAQTIFDS,452319,Retail,AZ,West,11,509626.69,1774811.31,5,0,1e+06,5000,1.085,1.05
POL002879,Insured XTHMSMZT,621111,Physician Offices,CA,West,72,5982265.01,26190078.61,15,2,1e+06,5000,0.8637,0.95
POL002880,Insured SFWNQRIA,621111,Physician Offices,IL,Midwest,48,4361115.84,17340105.33,10,1,1e+06,1000,0.7988,0.95
POL002881,Insured EDIXFNXA,236220,Construction,NY,Northeast,11,1070516.04,2621784.46,9,0,5e+06,1000,1.0421,1.35
POL002882,Insured CTLQZOAT,621111,Physician Offices,IL,Midwest,23,1706309.78,7625956.74,7,0,2e+06,10000,1.7331,0.95
POL002883,Insured PWEOVTVC,812112,Beauty Salons,FL,South,35,3272018.76,13197900.9,35,0,2e+06,2500,0.9002,1.1
POL002884,Insured IZZGENEA,722511,Restaurants,NY,Northeast,45,5361949.1,19874030.18,45,1,2e+06,2500,1.0097,1.15
POL002885,Insured JAQXEFWI,611110,Schools,WA,West,9,739959.74,1239797.26,7,3,2e+06,10000,1.747,0.9
POL002886,Insured MVHDUYSK,541330,Engineering Services,NC,South,33,3977254.56,11527754.05,45,0,1e+06,10000,1.0107,0.85
POL002887,Insured ACEWMAFD,722511,Restaurants,NY,Northeast,19,2332725.61,3687817.93,9,1,5e+06,1000,1.0365,1.15
POL002888,Insured JXBBFAGP,541330,Engineering Services,AZ,West,21,1092907.07,1797161.87,9,1,1e+06,5000,0.5557,0.85
POL002889,Insured AFOXVKKF,812112,Beauty Salons,WA,West,24,1368387.79,6128183.35,15,1,1e+06,1000,1.0839,1.1
POL002890,Insured BNUVQICW,541330,Engineering Services,AZ,West,23,2261402.59,8403964.99,11,0,1e+06,2500,0.8984,0.85
POL002891,Insured IUPBOCBB,611110,Schools,WA,West,21,1117014.19,4944279.86,16,2,1e+06,2500,1.1001,0.9
POL002892,Insured YNPYQAJQ,611110,Schools,FL,South,70,3978700.46,17386078.28,22,1,1e+06,2500,0.7068,0.9
POL002893,Insured CTVFUXET,722511,Restaurants,NY,Northeast,7,583603.71,1917999.19,11,2,1e+06,10000,1.1383,1.15
POL002894,Insured HRXWMVPH,722511,Restaurants,FL,South,56,3144349.4,12641640.92,26,1,2e+06,2500,1.0664,1.15
POL002895,Insured LVNWBYVL,236220,Construction,WA,West,16,993254.92,2421135.68,30,1,1e+06,1000,2.0791,1.35
POL002896,Insured QLYWUBVL,236220,Construction,TX,South,21,1334974.99,4669195,13,2,2e+06,10000,1.0163,1.35
POL002897,Insured DLANQBRA,621111,Physician Offices,AZ,West,9,1023175.4,4050397.46,28,0,5e+06,1000,1.0863,0.95
POL002898,Insured BDNOQJXQ,611110,Schools,TX,South,25,2744251.01,11500997.84,21,0,2e+06,10000,0.6161,0.9
POL002899,Insured EIQLLCHV,236220,Construction,AZ,West,31,2656177.24,7615508.32,8,4,2e+06,2500,1.1027,1.35
POL002900,Insured KIQDMZGM,722511,Restaurants,NC,South,16,1593294.23,5352768.48,21,0,2e+06,1000,0.7111,1.15
POL002901,Insured SLLSJZHA,541330,Engineering Services,IL,Midwest,11,1075310,2826280.31,7,1,2e+06,1000,0.7501,0.85
POL002902,Insured GCEKRYGK,541330,Engineering Services,NY,Northeast,216,13671966.93,33378364.38,8,0,1e+06,5000,0.9148,0.85
POL002903,Insured ETBRTYPO,722511,Restaurants,GA,South,62,7460627.13,20585682.91,13,0,1e+06,5000,1.331,1.15
POL002904,Insured TAKIBLYG,812112,Beauty Salons,FL,South,41,2580815.09,4734664.07,5,1,1e+06,2500,1.5306,1.1
POL002905,Insured RDPIDGXV,541330,Engineering Services,NY,Northeast,62,5920232.57,13908862.35,8,1,5e+06,5000,1.0023,0.85
POL002906,Insured PLPLQJEF,541330,Engineering Services,GA,South,15,1861505.07,3370013.55,24,1,1e+06,1000,0.7149,0.85
POL002907,Insured WPCVLXOH,236220,Construction,TX,South,20,1896130.73,4441600.32,19,0,2e+06,5000,1.2408,1.35
POL002908,Insured SJVTRLWV,541330,Engineering Services,WA,West,11,757183.62,1732313.11,26,0,1e+06,5000,0.8663,0.85
POL002909,Insured HCWHHHYE,621111,Physician Offices,AZ,West,11,620849.81,2056813.26,2,2,2e+06,2500,1.3215,0.95
POL002910,Insured TCLYTOMO,812112,Beauty Salons,TX,South,179,9423899.81,37393525.72,7,0,5e+06,2500,0.706,1.1
POL002911,Insured RYCXZHJY,452319,Retail,PA,Northeast,66,5146939.11,13326407.32,20,1,2e+06,5000,1.2659,1.05
POL002912,Insured HDQKSCPW,452319,Retail,TX,South,8,412371.35,1059717.09,6,0,1e+06,5000,0.8575,1.05
POL002913,Insured YUTHFZQH,452319,Retail,NC,South,39,2305255.16,5210015.23,9,2,1e+06,10000,0.728,1.05
POL002914,Insured MFKKCOJV,621111,Physician Offices,GA,South,10,588019.23,1764843.61,62,1,1e+06,5000,0.687,0.95
POL002915,Insured HNIERTZQ,541330,Engineering Services,TX,South,8,590313.1,1573171.77,19,2,2e+06,1000,0.8065,0.85
POL002916,Insured IKYYAGLM,452319,Retail,GA,South,26,1693722.87,3848284.21,7,2,1e+06,1000,0.7236,1.05
POL002917,Insured FKSQXUFE,621111,Physician Offices,AZ,West,17,1289896.72,5461569.13,8,4,2e+06,1000,1.071,0.95
POL002918,Insured SGSYZBLI,541330,Engineering Services,PA,Northeast,31,1842052.77,7726971.39,15,0,5e+06,5000,1.1972,0.85
POL002919,Insured GLHFNBNI,236220,Construction,AZ,West,17,1881830.99,3411730.01,7,0,2e+06,25000,0.9781,1.35
POL002920,Insured GEWIBNWF,611110,Schools,AZ,West,27,2691815.67,4750808.15,6,1,1e+06,1000,1.0618,0.9
POL002921,Insured WKNAUVNA,621111,Physician Offices,CA,West,22,1322357.75,5446500.16,28,2,1e+06,1000,0.7336,0.95
POL002922,Insured ASQTLHGJ,236220,Construction,CA,West,20,1209756.08,2922023.7,16,0,1e+06,2500,0.7851,1.35
POL002923,Insured HLYMFMCQ,236220,Construction,NC,South,18,784190.59,2687983.3,9,4,1e+06,2500,0.9912,1.35
POL002924,Insured OCYKKKZA,722511,Restaurants,AZ,West,9,573987.7,1665850.86,15,0,1e+06,1000,1.3921,1.15
POL002925,Insured DQYHONBT,722511,Restaurants,IL,Midwest,25,3028367.19,11055549.32,2,1,1e+06,10000,1.0775,1.15
POL002926,Insured MQFUZBXB,621111,Physician Offices,FL,South,49,3071670.85,6387813.64,15,0,1e+06,1000,0.6502,0.95
POL002927,Insured KBAYBEDL,611110,Schools,CA,West,12,1072836.45,2468705.18,4,1,1e+06,5000,1.4978,0.9
POL002928,Insured OITBRCHL,611110,Schools,NY,Northeast,73,3838542.05,7451727.53,8,0,1e+06,2500,0.7458,0.9
POL002929,Insured JXRWLEPW,812112,Beauty Salons,PA,Northeast,11,644745.45,2740974.54,11,1,1e+06,2500,1.1217,1.1
POL002930,Insured SHUTCKPN,611110,Schools,FL,South,10,592786.32,1578396.41,19,1,2e+06,25000,1.3691,0.9
POL002931,Insured HZGVFJXX,611110,Schools,AZ,West,3,120082.53,408295.19,10,0,2e+06,1000,0.979,0.9
POL002932,Insured CVTAGPRN,812112,Beauty Salons,WA,West,13,511277.91,1671262.31,25,4,1e+06,5000,1.1527,1.1
POL002933,Insured DJWYPJKS,812112,Beauty Salons,TX,South,31,3355600.37,12313616.88,15,1,1e+06,5000,0.9811,1.1
POL002934,Insured VYQYYFEQ,812112,Beauty Salons,GA,South,38,4124403.01,13786114.91,3,0,1e+06,25000,0.7292,1.1
POL002935,Insured QOXLPPYM,236220,Construction,CA,West,10,678427.23,1533252.06,19,0,1e+06,5000,1.1066,1.35
POL002936,Insured FZZQYHUZ,812112,Beauty Salons,AZ,West,13,1353780.07,4488502.41,13,0,1e+06,10000,0.7616,1.1
POL002937,Insured RCBCTMRM,611110,Schools,IL,Midwest,28,1392328.33,3457698.46,23,0,1e+06,1000,1.0305,0.9
POL002938,Insured BMBUPTTV,722511,Restaurants,TX,South,6,406660.69,821678.72,7,1,1e+06,5000,0.7995,1.15
POL002939,Insured MVLMAQLL,621111,Physician Offices,NC,South,79,8142964.7,33565202.11,26,3,2e+06,2500,1.9301,0.95
POL002940,Insured BNQGNMNQ,621111,Physician Offices,AZ,West,13,679562.35,1941998.69,13,0,1e+06,25000,0.797,0.95
POL002941,Insured HIJVHBQR,621111,Physician Offices,NY,Northeast,114,7585830.49,15004710.42,7,0,1e+06,1000,0.9614,0.95
POL002942,Insured LJIKEVWA,722511,Restaurants,GA,South,37,2665280.1,4430896.15,12,1,2e+06,10000,0.6697,1.15
POL002943,Insured UKFEBWHR,236220,Construction,AZ,West,9,484547.43,1975473.22,9,2,2e+06,2500,1.1444,1.35
POL002944,Insured JQVQNEDG,812112,Beauty Salons,PA,Northeast,19,1305473.35,4516494.46,28,0,2e+06,5000,1.1569,1.1
POL002945,Insured LKCKIPMO,541330,Engineering Services,WA,West,15,1827636.24,7139146.68,20,1,5e+06,5000,1.0829,0.85
POL002946,Insured VSNVBWRB,621111,Physician Offices,WA,West,9,943402.2,2733684.59,12,4,5e+06,5000,1.5953,0.95
POL002947,Insured LXTSRBMX,812112,Beauty Salons,TX,South,9,831275.76,2823747.13,11,0,1e+06,2500,0.9244,1.1
POL002948,Insured AANTTPYF,722511,Restaurants,IL,Midwest,56,2285476.13,8926193.88,7,0,1e+06,2500,0.8857,1.15
POL002949,Insured ZAIAYGMF,541330,Engineering Services,NY,Northeast,37,3776742.45,13952985.07,5,1,2e+06,5000,0.5539,0.85
POL002950,Insured QCLDBIAK,812112,Beauty Salons,CA,West,109,10535427.33,43260850.68,6,1,2e+06,1000,0.84,1.1
POL002951,Insured EVXCFLTD,722511,Restaurants,NC,South,36,3509449.67,11733786.06,15,0,1e+06,2500,0.7134,1.15
POL002952,Insured ZQAGSEXL,541330,Engineering Services,TX,South,11,808139.05,3098821.17,5,0,2e+06,5000,1.3288,0.85
POL002953,Insured LXCSBJQP,452319,Retail,PA,Northeast,14,789465.17,3368244,4,1,1e+06,1000,0.8285,1.05
POL002954,Insured QYVMQXNW,541330,Engineering Services,IL,Midwest,14,1725199.01,5753513.45,27,2,5e+06,10000,0.8174,0.85
POL002955,Insured ZSWWGBBW,812112,Beauty Salons,FL,South,60,5243835.43,8587753.44,14,0,1e+06,2500,0.4481,1.1
POL002956,Insured DJHZHQTE,621111,Physician Offices,NY,Northeast,10,614541.84,1223004.98,5,1,5e+06,2500,0.4953,0.95
POL002957,Insured WXORUYAD,452319,Retail,CA,West,8,471521.51,1398428.92,10,2,1e+06,5000,1.1432,1.05
POL002958,Insured ZORFGZFW,611110,Schools,TX,South,9,594411.77,1928785.45,6,0,2e+06,5000,0.9194,0.9
POL002959,Insured PDHHERIV,621111,Physician Offices,PA,Northeast,52,4151224.47,16059905.76,27,2,5e+06,5000,0.7985,0.95
POL002960,Insured ZWVHXDZC,452319,Retail,IL,Midwest,35,3714921.42,16041949.38,10,0,1e+06,2500,1.3048,1.05
POL002961,Insured KXYGJFRY,611110,Schools,AZ,West,27,2689171.76,5053461.54,32,5,1e+06,10000,1.8272,0.9
POL002962,Insured BYSNPZGY,621111,Physician Offices,IL,Midwest,19,1964500.54,8356397.79,32,1,2e+06,1000,1.4994,0.95
POL002963,Insured CEKNWAHH,452319,Retail,GA,South,54,2824648.88,10407663.69,37,0,2e+06,1000,1.3449,1.05
POL002964,Insured INZMERSZ,452319,Retail,TX,South,35,2783798.04,10947968.51,17,0,2e+06,2500,1.3249,1.05
POL002965,Insured QGVIFNZN,541330,Engineering Services,CA,West,10,881278.18,3385265.43,10,0,1e+06,2500,1.0054,0.85
POL002966,Insured RYMZNMYD,611110,Schools,NY,Northeast,30,1365181.55,4970378.13,31,1,2e+06,5000,1.0734,0.9
POL002967,Insured UOMINXFD,541330,Engineering Services,NC,South,19,850189.11,2452124.86,9,1,2e+06,2500,0.6085,0.85
POL002968,Insured NPSNRHFL,722511,Restaurants,NC,South,44,3726882.44,15631035.18,17,1,1e+06,1000,1.2048,1.15
POL002969,Insured JELEWMCY,452319,Retail,FL,South,35,1921479.52,8083748.66,21,0,1e+06,2500,1.3797,1.05
POL002970,Insured FKCMWBIR,621111,Physician Offices,TX,South,59,5215525.89,8143179.42,6,1,2e+06,10000,0.7955,0.95
POL002971,Insured GOLXIXGN,541330,Engineering Services,NY,Northeast,37,3481054.51,12463773.37,46,2,5e+06,5000,0.8622,0.85
POL002972,Insured ACBYPHAB,452319,Retail,CA,West,9,912408.01,3306304.74,26,2,1e+06,25000,1.3239,1.05
POL002973,Insured YDNIHFXF,621111,Physician Offices,TX,South,39,1587166.55,3588612.58,7,2,5e+06,10000,1.1064,0.95
POL002974,Insured EEMSSNJW,812112,Beauty Salons,CA,West,44,5364197,17723630.53,16,0,2e+06,5000,1.2677,1.1
POL002975,Insured VBPIOGRG,452319,Retail,WA,West,12,1433347.1,6006329.61,8,0,2e+06,10000,1.1054,1.05
POL002976,Insured LHUTXMJX,541330,Engineering Services,AZ,West,16,692930.82,2145468.62,6,1,2e+06,25000,0.945,0.85
POL002977,Insured JYEMAIPL,541330,Engineering Services,CA,West,41,2294738.38,6132984.61,13,0,2e+06,5000,0.8595,0.85
POL002978,Insured JZQOLNGB,812112,Beauty Salons,GA,South,27,1093149.42,2508943.75,12,3,1e+06,2500,0.682,1.1
POL002979,Insured VHNMNEIH,236220,Construction,NC,South,26,1558331.4,4010893.58,4,1,2e+06,5000,1.3276,1.35
POL002980,Insured UITALRYW,541330,Engineering Services,AZ,West,6,413389.65,1775776.76,15,0,1e+06,1000,0.9546,0.85
POL002981,Insured RZUGYQLP,611110,Schools,GA,South,114,7374866.1,31909988.02,39,1,2e+06,10000,1.0133,0.9
POL002982,Insured QNVTYSCE,722511,Restaurants,FL,South,7,685457.38,1112128.73,11,3,1e+06,2500,0.829,1.15
POL002983,Insured PYQNOZXD,452319,Retail,AZ,West,13,1048360.81,3984051.96,5,3,2e+06,2500,0.756,1.05
POL002984,Insured VFHSPKTD,541330,Engineering Services,CA,West,71,7955120.31,28234481.54,8,0,1e+06,2500,1.1525,0.85
POL002985,Insured REFPHHMW,812112,Beauty Salons,NY,Northeast,10,424484.65,1404150.21,8,1,2e+06,25000,0.7228,1.1
POL002986,Insured AEHBGPDB,722511,Restaurants,WA,West,16,640267.32,1923487.47,8,0,2e+06,5000,0.7009,1.15
POL002987,Insured FKLPAQZY,621111,Physician Offices,IL,Midwest,38,3143325.67,6364934.91,75,4,2e+06,5000,0.8112,0.95
POL002988,Insured KOIVNXOM,722511,Restaurants,NY,Northeast,4,196307.78,676745.06,18,0,1e+06,2500,0.782,1.15
POL002989,Insured SFJSKMUZ,621111,Physician Offices,NY,Northeast,13,740136.17,2090355.12,19,0,1e+06,2500,0.6943,0.95
POL002990,Insured TZCKOJCQ,722511,Restaurants,GA,South,25,1267774.91,5432865.31,18,0,1e+06,2500,1.5308,1.15
POL002991,Insured PWYHINPJ,452319,Retail,GA,South,94,3771405.84,10638958.49,16,0,1e+06,1000,1.087,1.05
POL002992,Insured UQMUYJCV,722511,Restaurants,AZ,West,2,102487.24,263165.42,35,3,5e+06,2500,1.0323,1.15
POL002993,Insured FWJMNUPL,541330,Engineering Services,AZ,West,59,5121208.55,9855001.19,7,2,1e+06,2500,2.6211,0.85
POL002994,Insured YFDULOYA,611110,Schools,NC,South,23,2267832.44,5620968.86,13,0,2e+06,2500,2.0816,0.9
POL002995,Insured DEPQHXSA,452319,Retail,NC,South,125,5708333.98,14730091.37,14,0,2e+06,1000,1.2188,1.05
POL002996,Insured CKZMCVQR,541330,Engineering Services,AZ,West,14,594689.08,2079782.81,25,0,1e+06,1000,0.9119,0.85
POL002997,Insured DQSQDBYO,812112,Beauty Salons,AZ,West,26,1860749.16,7156065.58,11,1,2e+06,10000,0.9315,1.1
POL002998,Insured KMIXYLJC,621111,Physician Offices,NY,Northeast,38,3639582.08,7380376.98,33,1,2e+06,2500,1.2924,0.95
POL002999,Insured GKGPPDXE,541330,Engineering Services,WA,West,60,3817344.76,14692239.39,13,2,1e+06,2500,0.8136,0.85
POL003000,Insured GSKHVOWJ,722511,Restaurants,TX,South,13,504722.17,1050521.47,4,1,1e+06,5000,1.7921,1.15
POL003001,Insured ZBNGLFKJ,611110,Schools,IL,Midwest,71,6492380.72,24636505.88,25,1,2e+06,1000,0.7427,0.9
POL003002,Insured QMFUASLY,611110,Schools,FL,South,29,1690310.88,7542420.89,7,0,1e+06,10000,0.7914,0.9
POL003003,Insured TWIQSFUE,611110,Schools,TX,South,10,994107.5,2063915.93,21,1,1e+06,25000,0.5988,0.9
POL003004,Insured RAWNTSZB,621111,Physician Offices,IL,Midwest,13,935749.61,2957456.47,11,0,2e+06,5000,1.911,0.95
POL003005,Insured BEULVTOE,611110,Schools,NC,South,50,2974134.96,8101584.47,19,1,2e+06,10000,0.8094,0.9
POL003006,Insured NQZRYSKT,452319,Retail,PA,Northeast,8,488775.5,1746968.28,8,1,2e+06,1000,1.0332,1.05
POL003007,Insured YLKWVHYD,621111,Physician Offices,TX,South,32,1876422.76,3689482.64,8,0,5e+06,2500,0.9377,0.95
POL003008,Insured JBNTIFHA,541330,Engineering Services,AZ,West,73,7640978.96,15134179.59,6,0,2e+06,5000,1.041,0.85
POL003009,Insured HBCEHMRQ,621111,Physician Offices,NC,South,24,1329158.04,3660548.81,9,1,1e+06,10000,0.6575,0.95
POL003010,Insured PEVMOWYF,722511,Restaurants,WA,West,12,1110371.8,2576492.31,11,1,1e+06,1000,0.7737,1.15
POL003011,Insured NCZVXOWS,611110,Schools,PA,Northeast,22,1803455.04,6641749.05,11,0,1e+06,5000,1.0159,0.9
POL003012,Insured UZWPTWEU,541330,Engineering Services,CA,West,24,2977436.45,6183241.88,38,0,2e+06,5000,1.0902,0.85
POL003013,Insured NUKJHSYX,621111,Physician Offices,PA,Northeast,12,900649.19,1930975.54,25,2,2e+06,1000,0.9966,0.95
POL003014,Insured LEGAPWXL,722511,Restaurants,WA,West,140,8891764.29,19212476.03,9,0,5e+06,1000,1.9921,1.15
POL003015,Insured ALUOHOHP,541330,Engineering Services,WA,West,12,1346886.97,4423411.05,24,0,1e+06,1000,0.7018,0.85
POL003016,Insured OKKCSSTR,722511,Restaurants,AZ,West,10,1062212.16,2312590.27,3,0,2e+06,10000,1.6252,1.15
POL003017,Insured SEUPQIVI,812112,Beauty Salons,GA,South,50,3936797.72,15943853.04,8,1,1e+06,1000,1.1432,1.1
POL003018,Insured SQGYZYJD,812112,Beauty Salons,WA,West,77,5098328.4,14013323.99,4,2,2e+06,1000,0.6526,1.1
POL003019,Insured GQVBJVTL,621111,Physician Offices,NY,Northeast,17,1504456.73,5956075.26,10,0,5e+06,5000,0.9816,0.95
POL003020,Insured VQXLRRCJ,621111,Physician Offices,WA,West,32,3174698.42,6081912.29,35,1,5e+06,1000,1.0006,0.95
POL003021,Insured LAZBYRSY,236220,Construction,GA,South,16,1847431.3,3455596.35,60,3,2e+06,2500,0.9418,1.35
POL003022,Insured WWYYYTRZ,722511,Restaurants,AZ,West,24,1127622.44,4116778.17,15,0,2e+06,2500,0.7811,1.15
POL003023,Insured JNMIUCXC,611110,Schools,WA,West,2,120326.01,539748.63,33,2,5e+06,1000,1.4474,0.9
POL003024,Insured MMEWWJGR,236220,Construction,IL,Midwest,97,7252240.73,20335148.29,16,3,2e+06,2500,0.8431,1.35
POL003025,Insured BOJOYFAF,722511,Restaurants,PA,Northeast,16,1342894.4,3718258.68,11,1,1e+06,1000,0.8645,1.15
POL003026,Insured SQZQWSRN,611110,Schools,FL,South,28,2984499.31,10355174.03,6,1,1e+06,2500,0.7768,0.9
POL003027,Insured ZWNHGNPW,722511,Restaurants,NY,Northeast,12,507437.44,1477878.39,16,0,1e+06,1000,1.0099,1.15
POL003028,Insured RQXKGIHQ,812112,Beauty Salons,NY,Northeast,26,3228048.03,12161602.74,26,0,2e+06,1000,1.2726,1.1
POL003029,Insured NYFSOSTH,722511,Restaurants,FL,South,31,3674194.15,8141402.7,9,2,1e+06,2500,1.0936,1.15
POL003030,Insured ROPLUNCR,621111,Physician Offices,WA,West,11,734286.23,3142685.02,5,1,5e+06,2500,0.9289,0.95
POL003031,Insured MFSNIXNN,722511,Restaurants,WA,West,29,2263014.8,4789084.61,4,0,2e+06,25000,0.8584,1.15
POL003032,Insured MJCNQKWD,621111,Physician Offices,CA,West,4,488845.16,1468634.95,9,1,2e+06,2500,1.0964,0.95
POL003033,Insured YNIORJJO,812112,Beauty Salons,TX,South,47,2431152.19,5662746.44,10,3,2e+06,2500,0.9985,1.1
POL003034,Insured DAOSIESO,541330,Engineering Services,FL,South,72,7364812.2,27135133.98,6,0,5e+06,1000,1.2088,0.85
POL003035,Insured XYKIUSLE,541330,Engineering Services,TX,South,27,1852359.86,5772564.83,7,0,5e+06,2500,1.0792,0.85
POL003036,Insured JXWYMPGC,452319,Retail,IL,Midwest,11,1330923.37,4659160.71,5,0,5e+06,2500,1.009,1.05
POL003037,Insured LFYUONNY,621111,Physician Offices,NY,Northeast,196,19110259.25,33427337.38,22,1,1e+06,5000,0.8118,0.95
POL003038,Insured YLDSLACX,611110,Schools,GA,South,14,601024.99,1760735.78,13,0,1e+06,1000,1.8091,0.9
POL003039,Insured KOXUDDES,611110,Schools,WA,West,17,2041674.4,6215479.53,27,1,5e+06,25000,1.3353,0.9
POL003040,Insured WZZOPYIQ,541330,Engineering Services,PA,Northeast,21,1335655.4,4843159.83,7,2,2e+06,10000,1.1747,0.85
POL003041,Insured ISCYESVV,812112,Beauty Salons,TX,South,36,4256623.69,13009802.65,30,0,1e+06,2500,0.9158,1.1
POL003042,Insured QJXZOXVJ,621111,Physician Offices,FL,South,10,433481.59,1288071.32,51,1,5e+06,1000,0.9273,0.95
POL003043,Insured SYRCFGVN,236220,Construction,TX,South,109,9882785.64,43643767.09,12,4,1e+06,2500,0.4472,1.35
POL003044,Insured NHDCVEMA,452319,Retail,NY,Northeast,42,1946241.97,4326060.49,11,0,2e+06,10000,1.0823,1.05
POL003045,Insured WLWIUMVF,621111,Physician Offices,IL,Midwest,12,1360358.41,5541815.36,12,0,1e+06,2500,0.5548,0.95
POL003046,Insured DQXSKMQU,541330,Engineering Services,NC,South,26,2033198.26,6128099.66,14,0,1e+06,1000,0.6106,0.85
POL003047,Insured KOLVCWPV,452319,Retail,TX,South,14,859061.83,1725447.8,15,2,2e+06,5000,0.9113,1.05
POL003048,Insured PQBGTJUS,452319,Retail,FL,South,35,3968560.51,14668616.87,8,1,5e+06,1000,1.2777,1.05
POL003049,Insured ZGLNRFMZ,236220,Construction,TX,South,48,4569324.98,9619553.48,5,0,1e+06,1000,0.9819,1.35
POL003050,Insured YSGKOZBB,236220,Construction,FL,South,31,1599479.48,3966689.57,7,0,1e+06,5000,1.0737,1.35
POL003051,Insured BXBNLQMH,452319,Retail,NY,Northeast,20,2313835.83,9582057.2,16,0,5e+06,5000,1.1583,1.05
POL003052,Insured OPSFALHI,812112,Beauty Salons,WA,West,13,652185.29,2693790.23,24,1,1e+06,1000,0.6533,1.1
POL003053,Insured AZKTQYMB,812112,Beauty Salons,AZ,West,52,2295381.7,7105219.6,13,1,1e+06,5000,1.1424,1.1
POL003054,Insured REKDQJNR,611110,Schools,NC,South,32,3749800.74,15894996.95,26,0,2e+06,1000,0.7472,0.9
POL003055,Insured ZHJOPHQS,452319,Retail,FL,South,21,1032887.46,4317045.73,16,1,2e+06,1000,1.1757,1.05
POL003056,Insured LXFTQOZV,452319,Retail,TX,South,26,2920427.93,7561109.2,11,1,1e+06,1000,0.5243,1.05
POL003057,Insured CICDNAVN,722511,Restaurants,WA,West,6,392066.65,1255820.51,19,1,1e+06,1000,0.8295,1.15
POL003058,Insured QOPJIESI,812112,Beauty Salons,CA,West,21,1432852.35,4056901.89,11,0,1e+06,10000,0.4935,1.1
POL003059,Insured KTYLOCGE,236220,Construction,WA,West,25,2320165.79,5112342.67,12,1,2e+06,2500,0.8907,1.35
POL003060,Insured OFRGUVWE,236220,Construction,TX,South,23,1590669.09,4234847.28,8,0,5e+06,1000,1.0083,1.35
POL003061,Insured XFDHIGWE,611110,Schools,FL,South,69,5083496.13,16584780.49,13,1,1e+06,25000,1.0073,0.9
POL003062,Insured MCFSNXVB,812112,Beauty Salons,CA,West,17,1802639.32,6085966.76,20,3,1e+06,10000,0.9084,1.1
POL003063,Insured KTGTIZTR,452319,Retail,AZ,West,27,2501940.57,10992397.3,10,0,5e+06,1000,1.0196,1.05
POL003064,Insured CLUIKNRP,812112,Beauty Salons,PA,Northeast,28,3058702.29,10841486.86,20,2,2e+06,25000,1.5411,1.1
POL003065,Insured PDRAIVVC,452319,Retail,TX,South,19,1470931.44,3575090,5,0,1e+06,1000,2.1021,1.05
POL003066,Insured CDQTTOMU,541330,Engineering Services,CA,West,31,3294611.54,7236604.26,14,0,2e+06,1000,0.719,0.85
POL003067,Insured RGMJMTCS,236220,Construction,AZ,West,18,1079426.11,2713880.02,23,2,1e+06,5000,1.0325,1.35
POL003068,Insured AGOSUPGF,812112,Beauty Salons,TX,South,14,598937.14,2065707.11,4,1,2e+06,2500,0.7794,1.1
POL003069,Insured RRWOUZAS,541330,Engineering Services,NC,South,11,489142.65,1186213.73,15,1,1e+06,5000,0.75,0.85
POL003070,Insured TEBLCEZJ,812112,Beauty Salons,GA,South,27,2124216.97,5546928.6,27,2,5e+06,5000,0.7906,1.1
POL003071,Insured GOAERAFB,812112,Beauty Salons,FL,South,29,3366830.01,8029596.78,13,1,1e+06,5000,1.2553,1.1
POL003072,Insured CNALIISK,611110,Schools,IL,Midwest,17,1844285.47,8151050.83,35,1,5e+06,5000,1.0507,0.9
POL003073,Insured ZNPEQHLS,452319,Retail,AZ,West,19,1351870.18,4204922.63,20,0,1e+06,5000,0.7734,1.05
POL003074,Insured BAQJYCVO,812112,Beauty Salons,CA,West,47,4817409.62,19044710.71,14,0,2e+06,5000,1.1358,1.1
POL003075,Insured ZXPWUFJT,812112,Beauty Salons,IL,Midwest,39,3551159.62,11703746.36,20,2,2e+06,5000,0.9319,1.1
POL003076,Insured BKTRAZQW,621111,Physician Offices,TX,South,16,1797192.42,7137152.3,7,0,1e+06,5000,1.4081,0.95
POL003077,Insured KNFMDJCC,722511,Restaurants,CA,West,12,777970.05,2969101.38,8,1,1e+06,2500,1.0059,1.15
POL003078,Insured GFVGXINS,621111,Physician Offices,WA,West,25,2039758.6,3242570.34,5,0,1e+06,1000,0.9772,0.95
POL003079,Insured VJMQPCSN,812112,Beauty Salons,CA,West,27,1267744.29,4827572.94,16,2,1e+06,2500,0.5424,1.1
POL003080,Insured KYOAWHPM,541330,Engineering Services,NY,Northeast,6,731931.31,3177109.44,8,0,5e+06,1000,0.6591,0.85
POL003081,Insured SCCLXKJL,236220,Construction,AZ,West,11,866306.22,1434840.53,8,0,2e+06,10000,0.6818,1.35
POL003082,Insured XSTGLNXU,812112,Beauty Salons,PA,Northeast,62,3751190.61,12330938.52,7,2,1e+06,2500,1.3674,1.1
POL003083,Insured PMZADWOK,236220,Construction,NC,South,46,3312180.6,11311979.78,21,1,1e+06,25000,1.067,1.35
POL003084,Insured ERGKBBIK,722511,Restaurants,PA,Northeast,8,864129.77,2198119.25,11,0,2e+06,1000,0.8314,1.15
POL003085,Insured UCMZNEKA,236220,Construction,WA,West,62,3622631.33,9876828.86,5,2,2e+06,1000,0.8534,1.35
POL003086,Insured BGIJRQTC,236220,Construction,TX,South,15,1129827.5,2272609.57,20,0,1e+06,1000,0.8924,1.35
POL003087,Insured RQNZFQYD,722511,Restaurants,AZ,West,24,1725881.12,4840658.43,3,0,1e+06,5000,1.4984,1.15
POL003088,Insured CXANIZDY,236220,Construction,TX,South,14,1694820.34,6654329.8,20,1,2e+06,5000,0.8106,1.35
POL003089,Insured LSRRUWTR,452319,Retail,FL,South,133,13468469.55,33223253.12,7,1,5e+06,1000,0.7641,1.05
POL003090,Insured QPZASWAU,236220,Construction,PA,Northeast,16,1193533.12,4402655.06,13,0,5e+06,10000,0.544,1.35
POL003091,Insured BWXRMULC,722511,Restaurants,PA,Northeast,44,4722478.98,9077608.18,19,0,2e+06,2500,0.8827,1.15
POL003092,Insured UMLWODMQ,722511,Restaurants,GA,South,15,1467731.18,6065390.53,41,3,1e+06,5000,1.2184,1.15
POL003093,Insured FLHPAUIV,541330,Engineering Services,GA,South,17,1606115.65,6739575.99,16,0,1e+06,1000,1.3727,0.85
POL003094,Insured BEVSQSEX,611110,Schools,AZ,West,18,2001353.22,5622794,15,0,2e+06,1000,1.9573,0.9
POL003095,Insured MHKOKMMR,621111,Physician Offices,NC,South,87,4230866.93,14379541.98,22,1,2e+06,10000,1.3356,0.95
POL003096,Insured OXBXLAUY,812112,Beauty Salons,NC,South,10,1181655.95,4288101.3,8,0,5e+06,10000,1.3874,1.1
POL003097,Insured FQWUYMTN,722511,Restaurants,AZ,West,57,6936073.17,12606500.89,4,0,1e+06,5000,1.0796,1.15
POL003098,Insured ZVECDEQY,812112,Beauty Salons,GA,South,20,2181852.54,6851294.75,4,0,1e+06,1000,1.3527,1.1
POL003099,Insured JDYVVFGP,611110,Schools,GA,South,59,6503144.18,10637586.03,8,1,2e+06,1000,1.5854,0.9
POL003100,Insured GPDIAZSA,611110,Schools,NC,South,22,1952913.63,6794637.06,15,0,1e+06,2500,1.1635,0.9
POL003101,Insured YYOGQXDJ,611110,Schools,NY,Northeast,13,951759.13,4058065.52,27,2,1e+06,5000,0.6528,0.9
POL003102,Insured IXMYPCCE,621111,Physician Offices,NY,Northeast,21,882743.48,2569464.57,22,1,2e+06,5000,1.7377,0.95
POL003103,Insured VXTUXPRI,722511,Restaurants,WA,West,17,1375579.6,3195140.32,8,0,1e+06,10000,1.3458,1.15
POL003104,Insured XBVEAQSE,541330,Engineering Services,IL,Midwest,13,1461458.34,3488003.77,21,0,2e+06,1000,0.9436,0.85
POL003105,Insured NJXMNRMW,236220,Construction,GA,South,86,4060463.37,11491996.8,22,1,2e+06,1000,1.0202,1.35
POL003106,Insured JNFBTBSZ,722511,Restaurants,PA,Northeast,53,6267477.13,11864512.65,4,0,2e+06,2500,0.4798,1.15
POL003107,Insured HICENTIE,452319,Retail,PA,Northeast,16,1923061.32,8558042.44,3,4,2e+06,5000,1.8765,1.05
POL003108,Insured TZZIZBDG,611110,Schools,NC,South,27,1720816.36,4448389.67,6,1,1e+06,10000,1.3434,0.9
POL003109,Insured BDOFEGOO,621111,Physician Offices,WA,West,7,755978.25,2956792.47,2,0,2e+06,10000,2.0224,0.95
POL003110,Insured WJYHWFRZ,452319,Retail,IL,Midwest,32,3729550.79,13379524.2,36,0,1e+06,2500,0.9335,1.05
POL003111,Insured RHHYMAND,621111,Physician Offices,PA,Northeast,21,1975784.91,4548557.77,17,2,2e+06,2500,1.2448,0.95
POL003112,Insured HGTAQNIT,541330,Engineering Services,GA,South,12,1462751.03,3179637.42,6,0,1e+06,10000,0.6704,0.85
POL003113,Insured MPASQIHW,541330,Engineering Services,CA,West,46,2535474.87,8721479.54,15,0,1e+06,5000,1.8849,0.85
POL003114,Insured WCSBQFRH,812112,Beauty Salons,NC,South,12,1360423.87,4913700.38,33,1,1e+06,5000,1.1076,1.1
POL003115,Insured HAEZZHON,812112,Beauty Salons,FL,South,27,2663195.41,5496202,25,1,1e+06,1000,0.7541,1.1
POL003116,Insured WYCKXIDF,812112,Beauty Salons,WA,West,67,4430929.5,7476651.77,8,1,5e+06,1000,0.9844,1.1
POL003117,Insured VQLOHTHY,236220,Construction,NC,South,55,2707763.22,7026629.34,29,1,1e+06,2500,1.1654,1.35
POL003118,Insured HOSFLTDD,621111,Physician Offices,FL,South,27,1868642.16,3698411.48,22,1,5e+06,5000,1.2446,0.95
POL003119,Insured LAITVZAE,621111,Physician Offices,GA,South,61,6778424.94,22528377.78,7,0,1e+06,1000,0.9108,0.95
POL003120,Insured WOFDGKPU,812112,Beauty Salons,IL,Midwest,33,1899030.48,3659085.83,19,2,2e+06,2500,1.7492,1.1
POL003121,Insured KOZIIPOH,621111,Physician Offices,NY,Northeast,19,1298845.99,3624295.93,13,2,1e+06,2500,1.1815,0.95
POL003122,Insured BHFGYIJK,541330,Engineering Services,WA,West,16,653409.71,2634051.94,13,1,5e+06,2500,0.8774,0.85
POL003123,Insured TJQFZSTM,452319,Retail,GA,South,52,5873271.89,23663037.5,21,1,5e+06,1000,1.0183,1.05
POL003124,Insured KVWXEWKD,722511,Restaurants,FL,South,43,1958648.22,7373810.58,8,1,2e+06,2500,1.0783,1.15
POL003125,Insured PGIZJGZN,621111,Physician Offices,NC,South,49,3975494.49,13740340.96,18,1,1e+06,1000,1.1377,0.95
POL003126,Insured GCVOFZRJ,452319,Retail,CA,West,11,968102.45,3407446.6,25,2,5e+06,1000,1.1257,1.05
POL003127,Insured XRUMNCPU,621111,Physician Offices,NY,Northeast,59,4457341.93,16180719.58,11,0,2e+06,2500,1.0159,0.95
POL003128,Insured RRHYWFOT,452319,Retail,TX,South,11,471987.17,2102804.98,14,0,1e+06,1000,1.5375,1.05
POL003129,Insured BMUCJULG,722511,Restaurants,PA,Northeast,99,11652828.69,33061676.18,4,0,1e+06,10000,0.8967,1.15
POL003130,Insured WGCBSBPW,541330,Engineering Services,WA,West,24,1705452.93,6148678.96,6,1,5e+06,10000,0.5425,0.85
POL003131,Insured TTWLLIVJ,452319,Retail,TX,South,12,1383829.88,5586633.51,29,0,2e+06,2500,0.6823,1.05
POL003132,Insured QUSERKUV,812112,Beauty Salons,AZ,West,9,798707.06,1679477.67,8,1,1e+06,1000,1.1894,1.1
POL003133,Insured PPYXVAKX,722511,Restaurants,IL,Midwest,146,15874753.64,52049981.33,9,0,1e+06,2500,1.3471,1.15
POL003134,Insured PAGEPAHB,611110,Schools,NC,South,18,838377.89,2548727.27,11,2,1e+06,10000,0.7496,0.9
POL003135,Insured QOCXPCVP,611110,Schools,FL,South,25,2161722.65,3417940.18,17,2,1e+06,2500,0.9839,0.9
POL003136,Insured TOJFUNPY,452319,Retail,FL,South,35,4117832.87,17249394.15,27,1,1e+06,5000,0.8174,1.05
POL003137,Insured QMCSAEZY,541330,Engineering Services,AZ,West,79,4517788.31,18817040.3,3,1,2e+06,2500,1.0032,0.85
POL003138,Insured XUFLFGGU,722511,Restaurants,TX,South,41,4081133.42,10565007.91,21,2,2e+06,1000,1.5589,1.15
POL003139,Insured PJHNPRCB,236220,Construction,TX,South,127,6688358.59,29928992.13,19,3,1e+06,2500,0.951,1.35
POL003140,Insured GTRSQDGK,812112,Beauty Salons,NY,Northeast,57,4071820.66,12909547.49,5,0,2e+06,2500,1.136,1.1
POL003141,Insured SXDWTSTN,611110,Schools,TX,South,35,2590002.59,7910679.31,7,0,2e+06,5000,1.5407,0.9
POL003142,Insured DIWYIUWZ,236220,Construction,WA,West,64,7513142.06,29228497.31,6,1,5e+06,10000,1.4913,1.35
POL003143,Insured EUJCXYIU,541330,Engineering Services,AZ,West,11,911956.39,3211537.54,33,2,1e+06,5000,1.0231,0.85
POL003144,Insured AUZRKDXA,722511,Restaurants,NY,Northeast,11,545696.68,2425122.07,16,0,1e+06,1000,0.6764,1.15
POL003145,Insured BRCXHVDO,611110,Schools,PA,Northeast,24,1245886.72,1912612.54,7,0,1e+06,2500,0.7689,0.9
POL003146,Insured RIIAMBIW,812112,Beauty Salons,NY,Northeast,12,1201283.22,4434851.97,17,2,2e+06,5000,1.1616,1.1
POL003147,Insured URJKYJYG,621111,Physician Offices,AZ,West,27,1608585.24,6188671.35,5,2,1e+06,10000,0.8632,0.95
POL003148,Insured TTXFXVOF,621111,Physician Offices,AZ,West,85,3956882.26,16955346.07,12,1,2e+06,5000,0.7604,0.95
POL003149,Insured CWEOUVAM,812112,Beauty Salons,NY,Northeast,77,7876194.08,19588744.26,27,1,5e+06,10000,0.8717,1.1
POL003150,Insured YCUVMMNB,722511,Restaurants,WA,West,21,1052370.94,3292284.73,9,0,2e+06,1000,0.9279,1.15
POL003151,Insured PAELGYNK,722511,Restaurants,IL,Midwest,7,705384.64,1630222.73,5,1,1e+06,1000,1.7652,1.15
POL003152,Insured KWZPGUIH,812112,Beauty Salons,IL,Midwest,12,964752.36,2744265.64,13,0,2e+06,2500,1.1456,1.1
POL003153,Insured HDCCMZBA,541330,Engineering Services,WA,West,41,3849852.1,13396814.91,12,1,1e+06,5000,1.5026,0.85
POL003154,Insured AXPOMPXB,621111,Physician Offices,NC,South,11,927481.6,2345822.4,8,1,2e+06,25000,1.1527,0.95
POL003155,Insured KOLZEDSF,541330,Engineering Services,NC,South,16,1985345.99,5645643.4,11,1,5e+06,10000,0.7423,0.85
POL003156,Insured KZBEEPUH,236220,Construction,CA,West,53,5023032.58,14615287.53,11,2,2e+06,1000,0.6204,1.35
POL003157,Insured UDBPFMGJ,621111,Physician Offices,NY,Northeast,7,778308.72,1423769.19,46,0,2e+06,1000,1.4113,0.95
POL003158,Insured VQHHPKVF,236220,Construction,WA,West,46,2298468.43,8695634.1,8,1,1e+06,10000,0.6719,1.35
POL003159,Insured AMXKSSQW,621111,Physician Offices,NC,South,21,948578.53,3193637.62,12,1,1e+06,2500,0.95,0.95
POL003160,Insured UZFNZALU,812112,Beauty Salons,CA,West,68,2766451.2,11214441.77,3,0,1e+06,5000,0.6676,1.1
POL003161,Insured UNSFNSMF,722511,Restaurants,TX,South,22,2199850.97,5245885.16,10,0,1e+06,5000,1.2439,1.15
POL003162,Insured LUSGHHYU,722511,Restaurants,GA,South,17,1088171.76,4312761.12,15,1,1e+06,10000,1.0328,1.15
POL003163,Insured OWKXFSHI,236220,Construction,FL,South,32,3841584.65,10086961.25,16,2,5e+06,2500,0.7998,1.35
POL003164,Insured ICUYZMMA,611110,Schools,PA,Northeast,8,728674.18,1331202.53,16,0,2e+06,1000,0.6053,0.9
POL003165,Insured DDVJSYIN,812112,Beauty Salons,WA,West,43,4149247.83,10865353.15,17,0,5e+06,10000,1.2451,1.1
POL003166,Insured SWXDEUQM,722511,Restaurants,NC,South,23,1138037.38,2316640.89,6,2,2e+06,5000,1.4032,1.15
POL003167,Insured YNRKRMRK,812112,Beauty Salons,CA,West,95,11621397.66,25502145.4,30,2,5e+06,10000,1.2506,1.1
POL003168,Insured KHDCRPDF,722511,Restaurants,CA,West,55,3980137.44,9567434.63,10,1,2e+06,1000,1.2195,1.15
POL003169,Insured LYZTBIEU,812112,Beauty Salons,AZ,West,35,3668172.34,15087444.97,6,2,1e+06,2500,0.9457,1.1
POL003170,Insured YMTIXZQA,812112,Beauty Salons,CA,West,45,3241216.93,8167191.16,16,2,2e+06,2500,1.7434,1.1
POL003171,Insured UYALKJIM,722511,Restaurants,CA,West,31,1585505.65,6744602.15,13,1,1e+06,5000,1.3472,1.15
POL003172,Insured AGMZHHTS,452319,Retail,AZ,West,81,8740262.39,25311619.59,17,1,2e+06,25000,1.035,1.05
POL003173,Insured DCLGCXED,541330,Engineering Services,CA,West,12,1492215.11,6013363.03,19,1,2e+06,5000,1.301,0.85
POL003174,Insured CCYMQGXT,452319,Retail,TX,South,15,1110657.91,2094131.01,9,0,1e+06,5000,1.0987,1.05
POL003175,Insured GUDJQLDW,541330,Engineering Services,IL,Midwest,55,6397653.05,27192003.84,18,0,2e+06,25000,1.6098,0.85
POL003176,Insured PCWMJZDH,812112,Beauty Salons,PA,Northeast,29,2185551.38,5342414.22,10,1,1e+06,5000,1.1171,1.1
POL003177,Insured KYYHSMTD,722511,Restaurants,IL,Midwest,108,9795539.93,19740667.36,36,2,2e+06,1000,1.5235,1.15
POL003178,Insured MLTMFEMB,611110,Schools,NC,South,66,4066923,9814816.46,12,0,2e+06,5000,1.0667,0.9
POL003179,Insured HJQZSDNA,236220,Construction,FL,South,16,635112.67,1154164.47,6,0,1e+06,5000,1.3034,1.35
POL003180,Insured YDAGDTRO,722511,Restaurants,AZ,West,23,993265.9,2795193.13,16,0,2e+06,2500,0.8237,1.15
POL003181,Insured ZTVBBWPL,611110,Schools,FL,South,25,2511523.73,8135429.38,6,1,1e+06,2500,0.8664,0.9
POL003182,Insured YCTDYEUZ,722511,Restaurants,GA,South,38,4136080.62,14285636.33,13,0,1e+06,5000,0.8958,1.15
POL003183,Insured OYBKYSAC,541330,Engineering Services,WA,West,60,6307422.41,25287204.36,8,0,2e+06,5000,1.1751,0.85
POL003184,Insured EJPFQIAM,236220,Construction,WA,West,25,2846228.75,6161691.36,16,3,1e+06,2500,0.9717,1.35
POL003185,Insured UMAPWLHD,452319,Retail,IL,Midwest,27,3191179.28,6324473.4,23,0,1e+06,2500,1.0756,1.05
POL003186,Insured KCFDNEBQ,452319,Retail,AZ,West,22,2416759.93,5503521.9,6,1,5e+06,25000,1.0064,1.05
POL003187,Insured ZZEBTSVN,611110,Schools,CA,West,11,509711.56,1935563.03,10,0,2e+06,1000,1.7741,0.9
POL003188,Insured QREHIRQW,722511,Restaurants,TX,South,18,1105214.34,4682143.75,24,1,1e+06,5000,1.8316,1.15
POL003189,Insured HMZURDAL,621111,Physician Offices,GA,South,32,2624445.24,7548362.09,16,2,1e+06,1000,0.8892,0.95
POL003190,Insured PMVQFHSK,236220,Construction,NY,Northeast,119,7248227.28,20837394.09,16,1,1e+06,5000,0.8357,1.35
POL003191,Insured GEERAFNI,611110,Schools,CA,West,5,621611.37,1083866.92,5,1,1e+06,10000,0.8468,0.9
POL003192,Insured GHSYSLQV,541330,Engineering Services,AZ,West,43,4484098.82,8104464.43,6,0,1e+06,5000,1.3246,0.85
POL003193,Insured LGJEKRFC,452319,Retail,AZ,West,35,2436148.57,7697653.86,13,0,1e+06,5000,0.5817,1.05
POL003194,Insured DWQVRFQP,236220,Construction,AZ,West,13,801083.38,1599592.8,6,0,1e+06,5000,0.8538,1.35
POL003195,Insured LCIPQVZO,452319,Retail,IL,Midwest,20,1227927.18,4684155.21,19,3,1e+06,10000,0.7744,1.05
POL003196,Insured TOVTKNJH,611110,Schools,NC,South,50,5610926.69,14637899.57,10,0,5e+06,1000,0.8403,0.9
POL003197,Insured QPZHSJUZ,621111,Physician Offices,CA,West,120,7940848.33,16650232.14,12,0,2e+06,1000,1.0946,0.95
POL003198,Insured JDUDQVJY,452319,Retail,GA,South,36,3945009.34,8110221.49,10,1,5e+06,1000,0.9531,1.05
POL003199,Insured IUWLNTWR,611110,Schools,CA,West,29,1654764.96,6414397.46,16,1,1e+06,25000,1.1186,0.9
POL003200,Insured KHZOFHYT,611110,Schools,GA,South,34,4046851.08,15160122.61,32,2,2e+06,5000,0.7653,0.9
POL003201,Insured LLWCSRKA,541330,Engineering Services,PA,Northeast,14,1436688.62,4550095.29,8,1,1e+06,1000,1.69,0.85
POL003202,Insured YWMRSOEO,541330,Engineering Services,FL,South,137,10225134.92,26632856.79,9,1,1e+06,2500,0.5058,0.85
POL003203,Insured ZCLUGHCB,722511,Restaurants,GA,South,32,2436782.48,4400056.25,11,0,2e+06,1000,0.9448,1.15
POL003204,Insured PQPCZLWT,621111,Physician Offices,FL,South,8,433175.7,1665441.88,18,1,2e+06,1000,0.7393,0.95
POL003205,Insured LLFKGCJY,236220,Construction,TX,South,32,3170463.03,13135566.24,13,1,5e+06,2500,1.4337,1.35
POL003206,Insured MNBZKVLC,541330,Engineering Services,AZ,West,14,1376284.55,2966962.56,8,1,1e+06,1000,0.9167,0.85
POL003207,Insured QADBOVCR,236220,Construction,AZ,West,23,2434641.12,7383109.49,3,1,1e+06,2500,1.5378,1.35
POL003208,Insured TRBOUMWN,452319,Retail,CA,West,38,1507886,3881735.38,6,2,2e+06,5000,1.3892,1.05
POL003209,Insured PHWWYZOI,452319,Retail,PA,Northeast,5,462001.83,1874439.26,32,1,1e+06,5000,1.1336,1.05
POL003210,Insured KXLBDOLZ,611110,Schools,WA,West,19,1609475.53,4248437.68,18,2,5e+06,5000,0.8532,0.9
POL003211,Insured GWZPRTXC,236220,Construction,WA,West,76,2930352.87,10252566.91,19,2,2e+06,5000,1.3958,1.35
POL003212,Insured JEFSEYZH,722511,Restaurants,TX,South,57,6670586.68,12156306.25,5,2,2e+06,2500,0.6749,1.15
POL003213,Insured PVZEIDWY,611110,Schools,TX,South,45,4298809.46,15585042.96,14,4,2e+06,1000,0.7637,0.9
POL003214,Insured LOCWHVQS,812112,Beauty Salons,PA,Northeast,9,789576.44,1840389.17,7,1,5e+06,5000,1.4897,1.1
POL003215,Insured TQRAMGEF,452319,Retail,NY,Northeast,20,2219205.59,7417738.66,14,0,2e+06,1000,0.9064,1.05
POL003216,Insured BZWTGUGG,621111,Physician Offices,NC,South,45,5484410.73,13806561.64,9,2,1e+06,1000,1.471,0.95
POL003217,Insured LQVXNXHB,621111,Physician Offices,WA,West,41,3826302.82,14245689.01,5,1,5e+06,1000,1.2095,0.95
POL003218,Insured HFMUTTJT,722511,Restaurants,GA,South,18,2207833.2,4193551.37,14,1,2e+06,5000,1.1307,1.15
POL003219,Insured PPRNEPOD,722511,Restaurants,FL,South,76,8759718.22,29727671.86,15,2,1e+06,2500,0.642,1.15
POL003220,Insured HUDKMCQL,236220,Construction,TX,South,16,884941.3,3648699.98,14,2,1e+06,1000,0.6128,1.35
POL003221,Insured AWSJQQKH,812112,Beauty Salons,TX,South,114,10887758.68,20440148.11,6,1,1e+06,5000,1.2804,1.1
POL003222,Insured UIQUUHXK,621111,Physician Offices,NY,Northeast,18,1940011.35,6501547,2,1,2e+06,25000,1.2442,0.95
POL003223,Insured VMDDLXWH,722511,Restaurants,FL,South,11,604762.29,1976416.84,20,1,1e+06,1000,0.9709,1.15
POL003224,Insured QIFMDXHP,611110,Schools,NC,South,39,2506127.85,7363284.48,11,0,1e+06,1000,0.7871,0.9
POL003225,Insured DXBRKRJJ,611110,Schools,GA,South,44,2487641.44,4112156.68,6,3,2e+06,1000,1.0799,0.9
POL003226,Insured XNJGPAMN,812112,Beauty Salons,CA,West,33,3119355.84,5386302.26,17,2,2e+06,5000,0.5991,1.1
POL003227,Insured TDNCCBFR,236220,Construction,TX,South,10,1117457.83,2742795.9,16,0,1e+06,2500,0.6737,1.35
POL003228,Insured ZQXUTFNO,541330,Engineering Services,IL,Midwest,13,1142001.28,2284206.11,10,4,1e+06,1000,1.4978,0.85
POL003229,Insured IIAZUTGH,452319,Retail,WA,West,29,3163676.4,10257538.33,26,2,5e+06,25000,1.0602,1.05
POL003230,Insured ISAPFFAJ,452319,Retail,PA,Northeast,20,2021569.65,7591102.17,14,0,1e+06,1000,1.3088,1.05
POL003231,Insured XGTWJNYY,236220,Construction,AZ,West,47,5819861.89,16242072.66,12,1,1e+06,25000,1.5169,1.35
POL003232,Insured WLMKBTRB,236220,Construction,TX,South,18,852549.12,3835741.03,21,1,5e+06,25000,0.8398,1.35
POL003233,Insured MCUDQYMB,722511,Restaurants,IL,Midwest,71,3131239.5,8521348.65,10,2,1e+06,5000,1.2085,1.15
POL003234,Insured INLWAKNO,611110,Schools,IL,Midwest,16,1598094.93,2654275.47,52,0,2e+06,5000,1.0011,0.9
POL003235,Insured QHJXZBCP,541330,Engineering Services,AZ,West,17,1466952.28,5789251.09,8,1,1e+06,10000,1.3581,0.85
POL003236,Insured OGLNKLCY,236220,Construction,NC,South,61,3646008.77,6110013.47,26,2,1e+06,2500,1.3049,1.35
POL003237,Insured WOXAMJZP,621111,Physician Offices,NC,South,49,4169541,8909657.23,18,0,5e+06,2500,1.1308,0.95
POL003238,Insured NKMLTAIM,611110,Schools,PA,Northeast,47,3605168.03,11002412.03,14,0,1e+06,5000,0.6831,0.9
POL003239,Insured PXYQMEUY,236220,Construction,PA,Northeast,6,719765.58,1991702.5,14,1,1e+06,5000,1.4535,1.35
POL003240,Insured JSWFNXFL,236220,Construction,IL,Midwest,25,1198934.27,3759113.81,2,2,5e+06,1000,0.9825,1.35
POL003241,Insured DEAPMMDS,722511,Restaurants,WA,West,10,1108837.39,3064018.11,7,3,5e+06,5000,1.2888,1.15
POL003242,Insured NBTUSKQH,722511,Restaurants,CA,West,13,1129283.75,2701680.99,4,1,5e+06,2500,1.0247,1.15
POL003243,Insured OWFOWTFI,722511,Restaurants,FL,South,6,303303.99,917256.91,22,0,1e+06,1000,1.0833,1.15
POL003244,Insured WATXFVMV,452319,Retail,AZ,West,21,1690388.83,4876013.43,7,2,1e+06,2500,0.7044,1.05
POL003245,Insured UXWWDJAX,621111,Physician Offices,WA,West,24,1438225.58,5990715.33,8,0,2e+06,5000,1.3549,0.95
POL003246,Insured UIKHKXOE,621111,Physician Offices,FL,South,39,3354219.86,14780152.18,7,1,1e+06,2500,0.9662,0.95
POL003247,Insured QYRPARGL,236220,Construction,TX,South,11,857606.83,3474408.98,17,3,1e+06,2500,0.7408,1.35
POL003248,Insured HIAGSBTD,611110,Schools,PA,Northeast,33,2017799.39,5131989.42,42,0,1e+06,1000,1.2295,0.9
POL003249,Insured WURFKMIL,621111,Physician Offices,WA,West,53,6048500.81,22783687.06,15,0,1e+06,2500,0.6609,0.95
POL003250,Insured FJLGBACA,611110,Schools,GA,South,88,8629132.29,35884356.34,35,0,1e+06,5000,0.9728,0.9
POL003251,Insured KMREGIRI,621111,Physician Offices,FL,South,34,3079957.08,9740543.6,36,0,2e+06,2500,1.1504,0.95
POL003252,Insured ROMOSSLH,611110,Schools,NC,South,67,4891691.42,16066368.51,8,0,5e+06,1000,1.5183,0.9
POL003253,Insured JWHEYOKW,812112,Beauty Salons,TX,South,11,1055980.65,4652702.06,9,1,1e+06,2500,1.3376,1.1
POL003254,Insured LXEMVHQT,621111,Physician Offices,PA,Northeast,74,4750561.86,12240105.49,8,2,1e+06,2500,0.9997,0.95
POL003255,Insured EOXJMUHK,621111,Physician Offices,PA,Northeast,26,3049524.27,10659473.08,14,1,1e+06,1000,1.3818,0.95
POL003256,Insured TIXXLFKR,722511,Restaurants,NY,Northeast,125,8387289.99,29079595.7,15,3,2e+06,2500,1.0199,1.15
POL003257,Insured FBTMMTFS,722511,Restaurants,NY,Northeast,33,3701389.23,7959147.62,9,4,1e+06,2500,1.0848,1.15
POL003258,Insured WQCXWSPK,722511,Restaurants,PA,Northeast,35,1552100.86,4133237.65,9,1,1e+06,2500,0.8799,1.15
POL003259,Insured QTZGPZGR,541330,Engineering Services,GA,South,17,1493832.13,3227955.93,4,0,2e+06,2500,0.8633,0.85
POL003260,Insured PUFLYLUB,236220,Construction,TX,South,75,6855618.78,20484649.7,16,1,2e+06,5000,1.5199,1.35
POL003261,Insured XEBTOSYX,722511,Restaurants,FL,South,47,2156346.07,7142148.18,9,0,1e+06,10000,1.5234,1.15
POL003262,Insured GTACIBSC,452319,Retail,CA,West,51,4987548.96,8040624.99,8,1,1e+06,2500,1.7217,1.05
POL003263,Insured KOWPVPAZ,611110,Schools,FL,South,27,3201885.62,12057398.46,12,1,1e+06,10000,0.7327,0.9
POL003264,Insured MRBXRDBD,812112,Beauty Salons,NC,South,62,4043063.55,10628603.93,12,3,1e+06,2500,1.0689,1.1
POL003265,Insured EVKJAUGF,621111,Physician Offices,CA,West,13,1583543.62,3651587.26,9,0,2e+06,2500,1.4216,0.95
POL003266,Insured EIDVOBLJ,812112,Beauty Salons,FL,South,31,2746976.04,4408839.13,10,3,1e+06,2500,0.8552,1.1
POL003267,Insured JJQOMBLD,611110,Schools,IL,Midwest,14,1297252.76,3801694.08,14,0,1e+06,1000,1.0576,0.9
POL003268,Insured CGRWBENC,722511,Restaurants,WA,West,35,4350315.06,17714180.92,11,0,1e+06,1000,0.9039,1.15
POL003269,Insured MAGKARXY,452319,Retail,NC,South,32,2371672.74,9731941.65,8,0,2e+06,2500,1.3235,1.05
POL003270,Insured QKOKTUPR,236220,Construction,GA,South,32,1376217.46,2705582.67,17,0,5e+06,2500,1.2178,1.35
POL003271,Insured OROOSVTQ,611110,Schools,IL,Midwest,11,1065871.09,2285513.57,22,1,5e+06,5000,1.271,0.9
POL003272,Insured OAPNNMCP,621111,Physician Offices,FL,South,30,1628831.97,7157335.77,10,0,1e+06,1000,0.9644,0.95
POL003273,Insured WUGNPLJO,621111,Physician Offices,IL,Midwest,39,3245499.49,14012160.11,10,1,2e+06,10000,1.1516,0.95
POL003274,Insured VCQJRZXH,621111,Physician Offices,FL,South,17,2111817.44,9033426.95,8,0,1e+06,2500,1.6533,0.95
POL003275,Insured HMYIWCQD,812112,Beauty Salons,AZ,West,97,8029201.09,23274946.77,9,3,1e+06,10000,1.3911,1.1
POL003276,Insured VVQUQEGH,621111,Physician Offices,AZ,West,26,2721482.63,10580028.21,6,1,1e+06,1000,0.5945,0.95
POL003277,Insured GLECQXMB,812112,Beauty Salons,IL,Midwest,77,7403218.56,20366556.24,12,1,1e+06,25000,0.7465,1.1
POL003278,Insured JWINTHSC,722511,Restaurants,TX,South,9,484125,1314621.09,33,2,5e+06,5000,1.0224,1.15
POL003279,Insured ENTCVLCO,452319,Retail,PA,Northeast,25,2500574.37,9906846.31,18,1,1e+06,2500,1.1587,1.05
POL003280,Insured THYFWZCX,236220,Construction,WA,West,6,228330.77,640199.83,6,2,2e+06,5000,1.0885,1.35
POL003281,Insured GWOWKDWF,236220,Construction,CA,West,48,5967262.16,14435820.91,16,0,1e+06,10000,1.2825,1.35
POL003282,Insured KDYKASHS,541330,Engineering Services,IL,Midwest,22,1403987.45,3423865.01,19,1,2e+06,5000,0.7764,0.85
POL003283,Insured MYEBBJXH,611110,Schools,NC,South,55,4871532.87,14410369.12,13,2,1e+06,5000,1.0676,0.9
POL003284,Insured SPGJRYJX,541330,Engineering Services,FL,South,7,733085.02,2190084.66,12,2,5e+06,10000,0.9866,0.85
POL003285,Insured ANUVNLIK,621111,Physician Offices,NC,South,22,1720427.06,6431106.26,2,0,2e+06,25000,1.5457,0.95
POL003286,Insured JSVYJUCE,541330,Engineering Services,AZ,West,12,1322594.52,4647014.35,24,0,2e+06,10000,1.5682,0.85
POL003287,Insured PMMLHARR,452319,Retail,NC,South,36,4257709.1,11033510.65,7,0,1e+06,1000,1.2005,1.05
POL003288,Insured NJYFVCAD,722511,Restaurants,WA,West,9,847916.31,2232558.95,15,1,2e+06,2500,1.2505,1.15
POL003289,Insured VFIMZDWJ,621111,Physician Offices,WA,West,40,2297821.21,7331413.02,5,0,1e+06,10000,0.636,0.95
POL003290,Insured EJFMEFHO,541330,Engineering Services,CA,West,31,2594350.24,8929626.18,12,1,1e+06,1000,1.1225,0.85
POL003291,Insured JORLMGYD,541330,Engineering Services,PA,Northeast,59,3286599.56,6743821.21,17,1,1e+06,5000,0.8129,0.85
POL003292,Insured NZCGVCSL,621111,Physician Offices,TX,South,16,1584583.02,5409462.85,7,0,5e+06,25000,1.1721,0.95
POL003293,Insured EBKXALAL,621111,Physician Offices,CA,West,29,2297711.61,7295213.34,20,0,2e+06,10000,0.7426,0.95
POL003294,Insured ZZPMUXVX,236220,Construction,AZ,West,20,2438008.69,9289590.42,18,2,1e+06,10000,0.6527,1.35
POL003295,Insured CJKUFNAR,812112,Beauty Salons,PA,Northeast,27,1815408.11,5052767.5,39,1,1e+06,2500,2.056,1.1
POL003296,Insured GFDCCKIC,236220,Construction,TX,South,100,5660946.5,21118098.81,23,2,2e+06,2500,1.2761,1.35
POL003297,Insured ITJBISJJ,611110,Schools,CA,West,6,552741.57,1574366.56,16,0,1e+06,2500,0.7797,0.9
POL003298,Insured URJORWSV,611110,Schools,CA,West,76,5203700.58,11511064.76,26,0,2e+06,1000,0.5267,0.9
POL003299,Insured OQTPUAHR,452319,Retail,IL,Midwest,24,1188917.24,3355313.98,17,1,1e+06,10000,0.8407,1.05
POL003300,Insured WHVJUSXO,541330,Engineering Services,NC,South,82,8999983.31,37867310.79,13,0,5e+06,1000,0.6001,0.85
POL003301,Insured HTGJJSWH,236220,Construction,WA,West,20,1232843.69,2417876.24,13,3,5e+06,2500,1.2457,1.35
POL003302,Insured MWVJWUYO,236220,Construction,GA,South,60,4098265.31,14084679.33,15,1,2e+06,10000,0.8155,1.35
POL003303,Insured FHRFRDFW,722511,Restaurants,TX,South,15,1490773.17,2457929.91,6,0,1e+06,10000,1.0698,1.15
POL003304,Insured HQPKYMUY,236220,Construction,NC,South,20,1989062.47,7185793.88,14,0,1e+06,2500,1.2909,1.35
POL003305,Insured ESZSSJPA,541330,Engineering Services,NY,Northeast,13,596091.22,927701.26,14,1,2e+06,5000,1.0043,0.85
POL003306,Insured DFMNDVVE,452319,Retail,GA,South,54,3787605.89,6264969.32,10,0,1e+06,10000,0.8714,1.05
POL003307,Insured LPAIZIZI,452319,Retail,TX,South,27,1054015.27,1678426.12,25,0,1e+06,2500,0.561,1.05
POL003308,Insured LNKQIPEA,452319,Retail,NC,South,46,5738610.25,15710235.37,9,1,1e+06,5000,1.2658,1.05
POL003309,Insured BUHSLICQ,722511,Restaurants,AZ,West,4,401760.29,812412.34,45,1,2e+06,10000,0.7071,1.15
POL003310,Insured TRGNKUNU,621111,Physician Offices,CA,West,26,2139280.19,7677869.88,5,0,1e+06,1000,0.7769,0.95
POL003311,Insured PWMPNBFP,812112,Beauty Salons,NY,Northeast,33,2026674.61,6586207.02,12,0,1e+06,2500,1.207,1.1
POL003312,Insured AEGTXKNL,812112,Beauty Salons,IL,Midwest,12,1469741.33,6349870.02,18,2,1e+06,10000,1.1887,1.1
POL003313,Insured LCMFDUTK,236220,Construction,IL,Midwest,11,508711.21,1881327.01,20,2,5e+06,2500,1.6417,1.35
POL003314,Insured RQKROBRW,611110,Schools,WA,West,11,1000227.69,1726351.5,5,2,2e+06,5000,0.96,0.9
POL003315,Insured UNCQGKFG,452319,Retail,PA,Northeast,14,639413.35,1511802.91,6,0,5e+06,2500,0.9515,1.05
POL003316,Insured WOAITJGD,541330,Engineering Services,PA,Northeast,18,1481403.7,6046431.32,17,0,2e+06,10000,1.6901,0.85
POL003317,Insured XYYZJZAI,611110,Schools,AZ,West,68,6891725.53,29972249.2,8,2,5e+06,5000,0.7838,0.9
POL003318,Insured RCZKAZWA,236220,Construction,AZ,West,6,729474.87,1207431.34,10,0,2e+06,10000,1.0965,1.35
POL003319,Insured TNYJDOHE,236220,Construction,WA,West,30,3711993.61,15310655.78,5,0,1e+06,5000,1.3672,1.35
POL003320,Insured IIARZCMG,722511,Restaurants,AZ,West,27,2316993.29,6598145.94,21,2,1e+06,2500,0.5511,1.15
POL003321,Insured AVLUGJIL,452319,Retail,PA,Northeast,9,535232.95,967769.53,6,3,5e+06,5000,0.9548,1.05
POL003322,Insured XMEMFUJA,236220,Construction,FL,South,15,1715669.84,5079329.12,8,1,5e+06,2500,1.5819,1.35
POL003323,Insured VYEZOBYC,236220,Construction,IL,Midwest,28,2761273.05,10908915.25,30,2,2e+06,2500,1.241,1.35
POL003324,Insured SITSQPTJ,611110,Schools,FL,South,13,1468448.49,3210223.24,11,2,1e+06,10000,1.1139,0.9
POL003325,Insured GXFOSVDT,611110,Schools,GA,South,15,1301535.17,4450461.35,25,1,1e+06,2500,1.5916,0.9
POL003326,Insured BPKLIBHK,541330,Engineering Services,TX,South,18,904186.89,3607274.01,18,1,1e+06,2500,0.9458,0.85
POL003327,Insured ENYSOPDC,452319,Retail,PA,Northeast,56,2793229.18,12150877.15,17,2,1e+06,5000,0.6927,1.05
POL003328,Insured SRNUADGU,236220,Construction,NC,South,27,1494260.84,5422209.35,6,3,1e+06,2500,0.7219,1.35
POL003329,Insured DAJKVPCJ,812112,Beauty Salons,PA,Northeast,27,1107581.33,3011251.34,24,4,1e+06,1000,1.4218,1.1
POL003330,Insured XVNCDQKK,452319,Retail,NC,South,25,2666889.99,6644779.77,11,0,1e+06,5000,1.1376,1.05
POL003331,Insured ZBUCVKKX,722511,Restaurants,PA,Northeast,13,585490.25,2325536.71,23,1,1e+06,1000,0.8271,1.15
POL003332,Insured URMLQAPW,611110,Schools,AZ,West,6,367671.72,1540029.96,14,0,2e+06,25000,0.9004,0.9
POL003333,Insured CSIOOZXO,236220,Construction,NC,South,26,3117240.11,6539386.77,7,0,2e+06,2500,0.7247,1.35
POL003334,Insured EWWKOHSX,722511,Restaurants,CA,West,8,934135.23,3203287.97,25,0,2e+06,10000,0.9898,1.15
POL003335,Insured KHPRRCWL,611110,Schools,AZ,West,168,15385895.09,59467788.94,11,1,1e+06,10000,1.2727,0.9
POL003336,Insured ZNNIKHYG,621111,Physician Offices,AZ,West,20,1310563.58,3143254.78,16,1,5e+06,1000,1.0015,0.95
POL003337,Insured LZJBCVYT,621111,Physician Offices,NY,Northeast,14,868778.46,2969228.74,9,0,2e+06,10000,1.3031,0.95
POL003338,Insured CSDULPVZ,236220,Construction,GA,South,42,3553561.59,6699885.81,4,1,2e+06,5000,0.8074,1.35
POL003339,Insured KFYXKUMU,722511,Restaurants,PA,Northeast,17,1989725.8,6863557.51,4,0,2e+06,1000,0.5785,1.15
POL003340,Insured XDNJLAYQ,452319,Retail,TX,South,24,1715783,4151253.07,11,1,2e+06,2500,0.9112,1.05
POL003341,Insured DPMGTIBG,541330,Engineering Services,PA,Northeast,26,2492157.58,5849733.2,15,0,1e+06,5000,0.7162,0.85
POL003342,Insured RRMEECKT,541330,Engineering Services,PA,Northeast,13,509590.09,912519.52,7,0,1e+06,1000,1.1703,0.85
POL003343,Insured SQMZBSDD,722511,Restaurants,WA,West,24,2755211.23,9509376.28,9,1,1e+06,10000,0.7896,1.15
POL003344,Insured CDLQNUSO,236220,Construction,NY,Northeast,37,4288873.08,9036731.99,24,0,2e+06,5000,1.3436,1.35
POL003345,Insured HTPGRVMJ,236220,Construction,TX,South,52,6022530.19,10524671.57,30,2,1e+06,2500,0.8844,1.35
POL003346,Insured HHPIVSMT,621111,Physician Offices,IL,Midwest,36,3608614.9,14914649,8,0,1e+06,1000,1.7165,0.95
POL003347,Insured WUVOOXHB,812112,Beauty Salons,TX,South,30,2831060.3,10789403.4,8,1,1e+06,1000,0.9722,1.1
POL003348,Insured SSAUKHXP,621111,Physician Offices,NC,South,59,2828688.28,6648304.17,4,1,5e+06,2500,1.0336,0.95
POL003349,Insured ZKCJLJLT,541330,Engineering Services,TX,South,30,1527821.94,5328002.65,18,1,1e+06,5000,0.6971,0.85
POL003350,Insured MLDNAABS,541330,Engineering Services,NY,Northeast,12,995054.83,3878720.73,24,2,1e+06,1000,0.9306,0.85
POL003351,Insured IFYNIAPH,812112,Beauty Salons,FL,South,49,3461734.24,6248512.91,10,0,1e+06,5000,1.5581,1.1
POL003352,Insured MLHEUDQV,812112,Beauty Salons,CA,West,41,2167779.49,4975072.45,37,0,1e+06,5000,0.7464,1.1
POL003353,Insured KOVKOCCN,611110,Schools,PA,Northeast,8,324178.17,1012407.09,3,0,5e+06,1000,1.3318,0.9
POL003354,Insured VBDOZKHQ,812112,Beauty Salons,NC,South,9,819571.53,2952663.77,12,1,2e+06,1000,0.987,1.1
POL003355,Insured EEKVBTOQ,236220,Construction,NC,South,4,231897.54,694326.92,6,0,5e+06,2500,0.6349,1.35
POL003356,Insured XZPAYBJC,452319,Retail,FL,South,6,454472.62,707526.17,6,1,2e+06,5000,0.5723,1.05
POL003357,Insured PIYELEIB,812112,Beauty Salons,WA,West,46,5148268.54,9627222.99,5,0,2e+06,25000,1.1094,1.1
POL003358,Insured HJDYZMIP,611110,Schools,PA,Northeast,18,1256205.09,2438593.55,9,1,1e+06,2500,1.021,0.9
POL003359,Insured LUUPHNUF,621111,Physician Offices,IL,Midwest,31,3461031.74,12508100.65,11,1,1e+06,25000,1.1011,0.95
POL003360,Insured KDLVUWZJ,611110,Schools,NC,South,14,976551.55,1958317.21,7,0,1e+06,2500,0.8779,0.9
POL003361,Insured ZAKCAVCZ,452319,Retail,PA,Northeast,27,2581317.95,7202981.86,7,0,1e+06,1000,1.6701,1.05
POL003362,Insured ACUZYUGT,452319,Retail,IL,Midwest,20,1731476.71,5605420.51,16,2,1e+06,1000,1.6627,1.05
POL003363,Insured TCEOWBJL,611110,Schools,AZ,West,60,6072829.35,10086420.48,8,0,2e+06,5000,1.0734,0.9
POL003364,Insured KBFFZOJM,236220,Construction,WA,West,5,227676.49,829555.63,10,1,1e+06,1000,0.8221,1.35
POL003365,Insured XHWAKIRC,611110,Schools,AZ,West,4,345985.89,1071748.21,16,1,2e+06,1000,1.6776,0.9
POL003366,Insured FVYBLOEH,452319,Retail,FL,South,25,3082975.85,8134712.45,7,2,1e+06,5000,1.2148,1.05
POL003367,Insured TFZTAPUV,452319,Retail,CA,West,38,1481311.79,5228501.87,13,0,5e+06,5000,0.6172,1.05
POL003368,Insured KDATGBJT,541330,Engineering Services,GA,South,12,894211.09,2765493.72,7,1,1e+06,5000,0.9343,0.85
POL003369,Insured PYXUOLWT,452319,Retail,GA,South,22,1145954.51,4954469.73,10,0,2e+06,10000,0.8406,1.05
POL003370,Insured BQSYTPCZ,621111,Physician Offices,TX,South,35,4027103.63,9587319.8,32,2,1e+06,1000,1.0086,0.95
POL003371,Insured VKEWOOCS,236220,Construction,FL,South,33,1504264.93,4455448.94,27,1,2e+06,2500,1.0706,1.35
POL003372,Insured MXAWAAXT,812112,Beauty Salons,NC,South,10,691167.61,1953103.72,11,0,5e+06,2500,1.0625,1.1
POL003373,Insured FXUPOHIE,812112,Beauty Salons,CA,West,9,420428.51,1043887.7,5,0,1e+06,1000,1.018,1.1
POL003374,Insured GRRCSEMF,452319,Retail,NY,Northeast,10,641554.26,1938968.53,9,2,2e+06,10000,0.8579,1.05
POL003375,Insured DOGJPMCD,236220,Construction,NC,South,54,3531058.88,15371447.35,18,3,2e+06,2500,0.8101,1.35
POL003376,Insured TWWAOKMJ,812112,Beauty Salons,NC,South,26,2298539.89,7565623.39,33,1,1e+06,1000,1.1221,1.1
POL003377,Insured OPYBLOMZ,812112,Beauty Salons,PA,Northeast,62,7373962.97,20920794.81,34,2,1e+06,1000,1.187,1.1
POL003378,Insured LHVNYFSU,611110,Schools,NC,South,27,1533599.64,3106725.18,7,1,1e+06,25000,0.8769,0.9
POL003379,Insured BDEIFDHG,722511,Restaurants,IL,Midwest,31,3688966.43,11369379.76,14,0,1e+06,2500,1.1236,1.15
POL003380,Insured AXBVHIVE,722511,Restaurants,TX,South,19,2224038.67,3526719.45,21,3,2e+06,2500,0.9624,1.15
POL003381,Insured IMPOVCWG,541330,Engineering Services,NC,South,15,1820506.52,4303689.58,9,2,1e+06,1000,1.6974,0.85
POL003382,Insured XMHYSNGZ,621111,Physician Offices,FL,South,8,967647.82,3741244.42,15,0,1e+06,1000,0.865,0.95
POL003383,Insured EXSRBGKL,541330,Engineering Services,PA,Northeast,6,712280.52,1245901.08,8,0,1e+06,5000,2.4627,0.85
POL003384,Insured VQHVIDEL,452319,Retail,CA,West,19,1837572.66,6514788.87,7,1,1e+06,1000,1.4114,1.05
POL003385,Insured MKNJCQYL,611110,Schools,NC,South,26,2712622.73,9360034.93,8,1,1e+06,5000,1.4214,0.9
POL003386,Insured ULLPTIIZ,541330,Engineering Services,CA,West,33,1562010.65,4708861.86,17,0,5e+06,1000,1.1664,0.85
POL003387,Insured ZQYUNIVW,812112,Beauty Salons,NC,South,36,1601285.01,6279639.42,19,2,2e+06,2500,1.1005,1.1
POL003388,Insured QLHLAODQ,621111,Physician Offices,CA,West,39,2705155.83,7172517.64,42,1,1e+06,5000,0.5409,0.95
POL003389,Insured PDMIDUAG,812112,Beauty Salons,GA,South,22,1500279.05,3755650.85,8,0,1e+06,2500,0.9983,1.1
POL003390,Insured IMHXAUHO,812112,Beauty Salons,CA,West,6,608268.34,2321637.71,10,1,2e+06,5000,0.7735,1.1
POL003391,Insured XJBTUKDT,611110,Schools,AZ,West,21,2190406.59,6282865.49,6,0,1e+06,1000,1.0006,0.9
POL003392,Insured SANXVDMO,236220,Construction,TX,South,115,13317680.7,58151698.62,4,0,1e+06,5000,1.5923,1.35
POL003393,Insured DOYJLVVG,541330,Engineering Services,TX,South,58,3872504.87,6202666.01,12,2,1e+06,2500,1.423,0.85
POL003394,Insured RTFBWPEV,611110,Schools,WA,West,52,2996714.4,7407027.93,38,1,2e+06,10000,0.6885,0.9
POL003395,Insured KAQMFXKS,621111,Physician Offices,NC,South,36,3530247.74,7514061.09,23,2,5e+06,2500,0.9584,0.95
POL003396,Insured CIOJXLWU,621111,Physician Offices,PA,Northeast,11,815117.61,2227779.28,6,2,1e+06,2500,2.0635,0.95
POL003397,Insured CROGMCFR,452319,Retail,IL,Midwest,15,1625497.56,2725570.85,7,0,5e+06,1000,0.7369,1.05
POL003398,Insured RSRTXVXP,452319,Retail,GA,South,10,1163663.92,2034659.95,17,0,2e+06,1000,1.5866,1.05
POL003399,Insured OXHEBRTP,722511,Restaurants,CA,West,5,455609.74,1867669.16,17,0,1e+06,2500,0.7852,1.15
POL003400,Insured UCOCNUOE,621111,Physician Offices,PA,Northeast,30,3687026.44,8786776.37,8,0,1e+06,2500,1.2012,0.95
POL003401,Insured FRWAOFYZ,452319,Retail,NC,South,7,446198.84,1695198.29,7,0,1e+06,5000,1.9192,1.05
POL003402,Insured TKZQJNIM,452319,Retail,IL,Midwest,42,2770237.13,12378993.22,11,1,1e+06,2500,0.8361,1.05
POL003403,Insured ZRXZYEDW,611110,Schools,AZ,West,13,1293159.54,5592050.32,50,1,1e+06,5000,0.7079,0.9
POL003404,Insured FTIPQQZV,722511,Restaurants,IL,Midwest,64,5415807.71,23394525.52,17,1,2e+06,5000,1.7828,1.15
POL003405,Insured ZPEUQEHU,452319,Retail,GA,South,28,3043961.1,12274844.52,23,1,1e+06,10000,0.5959,1.05
POL003406,Insured QQWMWHAP,452319,Retail,PA,Northeast,39,4640799,13448244.41,23,1,2e+06,5000,0.6218,1.05
POL003407,Insured FPRLEURO,236220,Construction,AZ,West,16,979682.3,1975131.45,20,0,1e+06,5000,0.9459,1.35
POL003408,Insured BJJASJPC,541330,Engineering Services,AZ,West,5,397132.02,992524.28,8,1,2e+06,2500,0.9962,0.85
POL003409,Insured ERHJEIAO,611110,Schools,NY,Northeast,20,2477571.59,8464243.08,22,2,1e+06,2500,1.4246,0.9
POL003410,Insured ZQCKMVQA,722511,Restaurants,CA,West,23,2723725.48,6522127.41,15,2,1e+06,2500,0.9367,1.15
POL003411,Insured JLMFONYG,621111,Physician Offices,TX,South,14,1341918.03,4257288.69,6,1,1e+06,2500,1.2478,0.95
POL003412,Insured SWYYDWNM,611110,Schools,NY,Northeast,28,2831167.07,6773358.99,19,2,1e+06,2500,1.7566,0.9
POL003413,Insured EHAFHMCF,812112,Beauty Salons,PA,Northeast,5,252113.34,605217.33,13,1,2e+06,1000,1.529,1.1
POL003414,Insured AKSYSVPJ,541330,Engineering Services,GA,South,16,925937.82,2746943.24,17,1,5e+06,5000,0.7377,0.85
POL003415,Insured CXMEYLEG,236220,Construction,TX,South,19,958204.1,3401088.23,11,1,1e+06,2500,1.0689,1.35
POL003416,Insured UVVZERZT,452319,Retail,IL,Midwest,22,2159454.69,8728675.22,10,2,2e+06,10000,0.7554,1.05
POL003417,Insured RXUSGPMF,722511,Restaurants,NY,Northeast,27,1680223.35,7537861.37,6,0,1e+06,1000,0.9069,1.15
POL003418,Insured ELORXRLX,812112,Beauty Salons,NC,South,8,805433.73,2723399.29,16,1,2e+06,2500,1.2855,1.1
POL003419,Insured KMGROTWX,621111,Physician Offices,FL,South,70,4067175.34,11005928.27,12,0,1e+06,2500,0.832,0.95
POL003420,Insured KRBXBAAJ,722511,Restaurants,PA,Northeast,31,3748691.86,8775454.97,10,0,1e+06,5000,0.9913,1.15
POL003421,Insured VMWALGCD,611110,Schools,FL,South,15,1446174.12,5223369.77,31,1,2e+06,2500,0.5923,0.9
POL003422,Insured JFEZNXRX,452319,Retail,NC,South,23,2210013.49,4616883.52,11,0,5e+06,2500,1.1062,1.05
POL003423,Insured JGDZSGKQ,812112,Beauty Salons,TX,South,5,425436.97,1385893.2,9,2,1e+06,10000,0.8019,1.1
POL003424,Insured KAZGGGKF,452319,Retail,IL,Midwest,31,3825295.36,8561645.28,5,1,5e+06,2500,1.1224,1.05
POL003425,Insured IBUBIHJM,236220,Construction,NY,Northeast,37,1864455.01,3120022.39,45,1,2e+06,25000,0.7999,1.35
POL003426,Insured CUMHDISA,611110,Schools,NC,South,47,3996892.72,10781047,8,1,1e+06,1000,1.1032,0.9
POL003427,Insured VXLQLTMH,722511,Restaurants,NC,South,16,1541399.8,3563743.47,14,0,1e+06,5000,1.0306,1.15
POL003428,Insured EVJWBAUK,541330,Engineering Services,FL,South,10,901720.59,3322580.91,15,1,1e+06,2500,1.0648,0.85
POL003429,Insured GZUDREQN,452319,Retail,GA,South,21,1824441.57,5787204.14,32,0,1e+06,5000,0.7288,1.05
POL003430,Insured HJYHOEUK,452319,Retail,TX,South,11,1289840.16,3138736.96,19,0,1e+06,5000,0.8685,1.05
POL003431,Insured LNKCCRVP,452319,Retail,GA,South,37,2412692.61,4768374.87,6,0,2e+06,2500,1.0228,1.05
POL003432,Insured TNGXOEEP,452319,Retail,CA,West,11,598016.78,2104469.34,21,0,1e+06,10000,1.3173,1.05
POL003433,Insured INWNPWCE,722511,Restaurants,IL,Midwest,69,4230122.27,18999360.73,46,0,5e+06,1000,0.5917,1.15
POL003434,Insured ENBQNOXL,541330,Engineering Services,IL,Midwest,20,1263735.57,4804376.93,7,1,2e+06,5000,1.5533,0.85
POL003435,Insured KYNHZPPZ,812112,Beauty Salons,CA,West,8,888041.85,3919139.45,12,0,1e+06,5000,0.6691,1.1
POL003436,Insured XWFPTBYS,621111,Physician Offices,CA,West,34,3407656.76,10268296.16,26,0,2e+06,2500,0.9193,0.95
POL003437,Insured JKVMZMTR,452319,Retail,GA,South,18,2110627.12,5891060.06,5,0,2e+06,1000,0.9987,1.05
POL003438,Insured LMJGMTJW,541330,Engineering Services,TX,South,55,5309712.19,8369288.7,8,2,1e+06,25000,0.9809,0.85
POL003439,Insured VPALZIUC,812112,Beauty Salons,PA,Northeast,19,921942.25,1900992.09,11,4,2e+06,5000,1.3185,1.1
POL003440,Insured DQQJZPCA,722511,Restaurants,PA,Northeast,22,2614417.34,5788955.52,27,1,1e+06,2500,0.9014,1.15
POL003441,Insured CHNXJEJY,621111,Physician Offices,IL,Midwest,89,3920941.91,12824484.72,4,1,1e+06,1000,0.9229,0.95
POL003442,Insured RPDAMZJU,812112,Beauty Salons,FL,South,36,3268477.47,6216809.55,19,1,1e+06,2500,1.0781,1.1
POL003443,Insured ZZBOSJZU,812112,Beauty Salons,GA,South,38,4436545.14,10881487.57,12,0,2e+06,5000,0.9452,1.1
POL003444,Insured RYXIQFPL,236220,Construction,PA,Northeast,10,902382.83,3938141.18,11,2,2e+06,10000,0.6344,1.35
POL003445,Insured NFEWECIH,722511,Restaurants,WA,West,21,1044872.79,1639209.93,26,2,2e+06,1000,1.334,1.15
POL003446,Insured JRSJBPYS,812112,Beauty Salons,CA,West,26,2043248.63,4695346.39,24,2,1e+06,1000,0.7657,1.1
POL003447,Insured YAXNVRPB,621111,Physician Offices,NC,South,30,3411829.38,8764837.58,7,1,2e+06,2500,0.995,0.95
POL003448,Insured LDTSVEZV,621111,Physician Offices,NY,Northeast,40,3660369.81,7228685.3,17,2,1e+06,1000,1.296,0.95
POL003449,Insured NZGWADVV,236220,Construction,WA,West,6,444089.6,1859902.74,18,3,5e+06,25000,1.3981,1.35
POL003450,Insured BUNBJKGU,541330,Engineering Services,AZ,West,32,2802730.76,5757390.3,25,0,2e+06,1000,0.9775,0.85
POL003451,Insured WRZEXKJC,611110,Schools,FL,South,37,1448518.98,2763564.78,55,0,5e+06,2500,1.1901,0.9
POL003452,Insured LTWGAJXD,541330,Engineering Services,CA,West,81,8444878.22,29123364.59,39,1,5e+06,10000,0.8542,0.85
POL003453,Insured NUXPHHXT,611110,Schools,PA,Northeast,25,2627030.44,6638643.2,37,0,1e+06,2500,0.5533,0.9
POL003454,Insured XVUMJBOW,722511,Restaurants,NY,Northeast,13,604111.9,2150951.47,27,1,1e+06,10000,1.8073,1.15
POL003455,Insured YCFTOCZQ,236220,Construction,FL,South,13,1261174.75,4022188.15,14,2,1e+06,2500,1.1319,1.35
POL003456,Insured NHHBPIAX,236220,Construction,NY,Northeast,21,1634001.29,2901667.56,13,0,1e+06,5000,1.2147,1.35
POL003457,Insured NAKCNQYP,236220,Construction,NC,South,44,1683458.88,4285473.85,5,1,2e+06,2500,0.9101,1.35
POL003458,Insured WVRCZHTG,812112,Beauty Salons,PA,Northeast,16,1759742.78,5330661.45,8,0,1e+06,5000,0.8953,1.1
POL003459,Insured PSEUDJQT,621111,Physician Offices,GA,South,68,7523497.23,26217695.72,35,1,1e+06,1000,1.022,0.95
POL003460,Insured TDLSVAXW,722511,Restaurants,NY,Northeast,10,941638.57,1971157.65,4,2,1e+06,2500,0.9595,1.15
POL003461,Insured PTNLUJAL,621111,Physician Offices,CA,West,120,10515541.62,47139902.21,4,1,1e+06,10000,1.3261,0.95
POL003462,Insured GYLUXHSH,541330,Engineering Services,GA,South,4,399469.21,1382034.82,17,0,1e+06,5000,0.9223,0.85
POL003463,Insured NNAYYJNJ,812112,Beauty Salons,FL,South,25,2479735.27,5395467.57,19,3,5e+06,10000,0.6036,1.1
POL003464,Insured CAWYGLIO,722511,Restaurants,IL,Midwest,14,1704877,5640036.39,5,1,2e+06,1000,0.894,1.15
POL003465,Insured QUUWBATV,452319,Retail,CA,West,23,1900584.77,5098491.46,17,1,2e+06,10000,0.9527,1.05
POL003466,Insured DKEKVHQD,722511,Restaurants,NC,South,15,1701460.37,5773824.84,30,2,5e+06,2500,0.9671,1.15
POL003467,Insured ENCBYSUQ,236220,Construction,NY,Northeast,32,3961013.65,9636231.04,10,0,5e+06,1000,1.0324,1.35
POL003468,Insured NLONUWXW,722511,Restaurants,FL,South,40,1965515.47,4685461.19,8,2,5e+06,25000,0.8783,1.15
POL003469,Insured KCZBIOQN,722511,Restaurants,IL,Midwest,10,985453.4,3214581.22,5,1,2e+06,1000,0.5448,1.15
POL003470,Insured LNKYSBLT,452319,Retail,IL,Midwest,54,6743459.03,28309073.98,13,2,2e+06,2500,0.6697,1.05
POL003471,Insured OMLPYYED,722511,Restaurants,NY,Northeast,64,5382417.89,19527114.9,16,0,1e+06,1000,1.5473,1.15
POL003472,Insured DSGWPZEJ,452319,Retail,CA,West,22,1264556.4,2425999.55,12,0,1e+06,5000,0.8631,1.05
POL003473,Insured QJKFZYVU,722511,Restaurants,IL,Midwest,17,2019536.31,5402793.37,13,1,2e+06,5000,0.7667,1.15
POL003474,Insured NLYESCKX,452319,Retail,TX,South,7,761598.97,2348975.52,10,1,1e+06,5000,1.2966,1.05
POL003475,Insured URWZENPU,452319,Retail,NC,South,23,2220823.36,6296298.85,10,1,1e+06,2500,0.758,1.05
POL003476,Insured YSVIQFHB,541330,Engineering Services,TX,South,173,9900527.51,30632826.06,23,1,1e+06,2500,1.6987,0.85
POL003477,Insured BAZBNOEA,722511,Restaurants,TX,South,34,3051339.45,12559234.61,18,0,1e+06,1000,1.0192,1.15
POL003478,Insured MBEHEMYQ,236220,Construction,NC,South,51,3860897.75,6086940.78,17,0,1e+06,1000,0.8683,1.35
POL003479,Insured TBSZDEPX,722511,Restaurants,IL,Midwest,55,2645214.08,7594556.64,13,2,1e+06,1000,0.6994,1.15
POL003480,Insured HNFGRLMG,236220,Construction,IL,Midwest,21,2147107.27,7369000.26,35,1,1e+06,2500,1.0111,1.35
POL003481,Insured NETWRXKN,541330,Engineering Services,AZ,West,35,4264222.76,14674043.11,7,0,5e+06,5000,0.6965,0.85
POL003482,Insured RQVSJFOV,812112,Beauty Salons,NC,South,97,8451917.74,24442619.9,14,1,2e+06,1000,1.1628,1.1
POL003483,Insured ZSZRCWEX,236220,Construction,CA,West,54,5592636.62,17023123.42,23,1,1e+06,5000,0.7066,1.35
POL003484,Insured XZYVWPGB,611110,Schools,TX,South,21,931015.51,2193240.75,32,2,1e+06,10000,1.1041,0.9
POL003485,Insured JUZRSAZC,236220,Construction,CA,West,178,14676973.13,26727774.89,9,2,2e+06,10000,1.1675,1.35
POL003486,Insured FWJYKRBF,621111,Physician Offices,CA,West,14,851069.61,2845291.17,8,0,2e+06,1000,0.5748,0.95
POL003487,Insured UTOKXQIT,621111,Physician Offices,PA,Northeast,51,3125440.57,11117916.05,11,1,5e+06,2500,1.4153,0.95
POL003488,Insured SGQRUUEN,541330,Engineering Services,NC,South,84,6688991.04,21090173.79,11,1,1e+06,1000,1.1027,0.85
POL003489,Insured VLJRLXQU,812112,Beauty Salons,IL,Midwest,29,2521665.01,10035012.73,7,2,5e+06,5000,1.9591,1.1
POL003490,Insured EDUOAGUE,611110,Schools,TX,South,7,858302.62,1327117.31,12,0,1e+06,5000,1.7134,0.9
POL003491,Insured TSJFOTLD,452319,Retail,NC,South,10,1058893.1,2076836.55,17,0,1e+06,2500,1.0222,1.05
POL003492,Insured WYIKQUDJ,611110,Schools,PA,Northeast,26,1286721.24,5630717.39,23,1,1e+06,5000,1.6331,0.9
POL003493,Insured SVTWNODA,621111,Physician Offices,PA,Northeast,18,2242329.76,8216949.83,3,1,1e+06,2500,1.0564,0.95
POL003494,Insured MUORUIET,452319,Retail,FL,South,88,4213066.5,10568372.39,14,1,1e+06,10000,0.9513,1.05
POL003495,Insured JZNJNVDU,812112,Beauty Salons,NY,Northeast,142,13164458.09,40485182.56,35,0,2e+06,1000,1.1785,1.1
POL003496,Insured UTNSKSHY,812112,Beauty Salons,WA,West,11,1049824.34,4416323.91,37,0,2e+06,2500,0.9205,1.1
POL003497,Insured KEVBPUYT,621111,Physician Offices,IL,Midwest,13,1406923.88,3796580.99,13,0,2e+06,2500,1.4971,0.95
POL003498,Insured BPVCKEMV,452319,Retail,AZ,West,83,5114192.94,18776768.8,24,1,1e+06,2500,0.9785,1.05
POL003499,Insured JNMBJKKL,541330,Engineering Services,IL,Midwest,49,3984739.21,17316573.94,9,0,2e+06,2500,0.7761,0.85
POL003500,Insured FEGMVKOB,611110,Schools,NY,Northeast,85,4946450.91,21925418.59,13,0,1e+06,5000,1.3078,0.9
POL003501,Insured HJXUAWYY,722511,Restaurants,CA,West,13,524017.69,1914580.39,14,1,1e+06,2500,0.8275,1.15
POL003502,Insured RKYNNGIQ,621111,Physician Offices,NY,Northeast,52,4226354.98,11362306.02,7,2,1e+06,2500,0.9018,0.95
POL003503,Insured LTUBNDYE,621111,Physician Offices,TX,South,164,12023586.85,30283809.69,8,1,2e+06,2500,0.6457,0.95
POL003504,Insured GQLZEXNR,812112,Beauty Salons,IL,Midwest,4,313583.41,804479.05,12,1,5e+06,2500,0.9053,1.1
POL003505,Insured PFCHZPAU,722511,Restaurants,FL,South,30,3534877.66,14978578.69,50,3,1e+06,1000,0.8963,1.15
POL003506,Insured AIUHJLPF,611110,Schools,AZ,West,4,219342.5,899390.32,13,0,1e+06,1000,1.0429,0.9
POL003507,Insured OARAWLDF,452319,Retail,FL,South,21,1487371.52,6356541.83,4,0,2e+06,10000,0.9978,1.05
POL003508,Insured KLSYUHQH,236220,Construction,GA,South,15,732132.79,3179096.22,15,1,1e+06,10000,1.3341,1.35
POL003509,Insured WQEKIMHY,236220,Construction,WA,West,58,3035983.93,9611903.38,6,1,2e+06,2500,0.9737,1.35
POL003510,Insured HLRSXOVE,611110,Schools,TX,South,54,3588061.83,10406143.13,20,0,2e+06,1000,1.0537,0.9
POL003511,Insured NCMRVRJE,236220,Construction,CA,West,17,872766.24,1710657.59,12,2,1e+06,1000,1.4832,1.35
POL003512,Insured DRBQWDPK,452319,Retail,NC,South,93,9740093.37,28103034.74,4,0,5e+06,2500,1.5007,1.05
POL003513,Insured WSGPUHGK,611110,Schools,TX,South,42,2204939.94,9129112.11,5,2,1e+06,25000,1.1016,0.9
POL003514,Insured BTAHQQUH,541330,Engineering Services,AZ,West,49,3380504.58,13052520.13,21,0,2e+06,5000,1.0706,0.85
POL003515,Insured QKRQVBDF,611110,Schools,FL,South,7,648943.56,2172737.78,10,0,5e+06,5000,1.007,0.9
POL003516,Insured EQXTJFBC,611110,Schools,NC,South,125,10608477.79,45800221.8,30,1,1e+06,1000,1.4532,0.9
POL003517,Insured ZJDAGZUO,621111,Physician Offices,AZ,West,27,1042546.92,3754283.63,8,0,5e+06,1000,0.8665,0.95
POL003518,Insured LBCITZLO,541330,Engineering Services,IL,Midwest,59,4773933.93,10334879,24,2,2e+06,10000,0.5502,0.85
POL003519,Insured ZYKDVAWX,722511,Restaurants,NY,Northeast,51,2340173.52,6872570.35,23,0,2e+06,25000,0.6247,1.15
POL003520,Insured JMHHZXXM,812112,Beauty Salons,NY,Northeast,65,4430831.72,19459795.26,8,1,1e+06,2500,1.0119,1.1
POL003521,Insured XWPIDIHO,611110,Schools,PA,Northeast,27,1497451.62,4359814.74,20,0,1e+06,2500,1.2511,0.9
POL003522,Insured QGQAFHEI,236220,Construction,WA,West,63,2437336.91,6442793.71,21,0,1e+06,2500,0.8747,1.35
POL003523,Insured PUZGRVON,722511,Restaurants,PA,Northeast,17,2022824.1,3356552.88,11,0,2e+06,10000,0.6032,1.15
POL003524,Insured IEUYOYOY,722511,Restaurants,GA,South,9,381131.38,1215756.52,6,0,1e+06,25000,1.046,1.15
POL003525,Insured LSLJWPDE,541330,Engineering Services,TX,South,16,1205219.33,2378312.71,8,1,2e+06,1000,0.7798,0.85
POL003526,Insured FITHOELF,541330,Engineering Services,NY,Northeast,81,9588409.62,16955567.17,6,0,1e+06,25000,1.0991,0.85
POL003527,Insured LCSADHOW,722511,Restaurants,GA,South,68,6323642.07,14717767.79,14,0,5e+06,5000,1.6505,1.15
POL003528,Insured EKLEQPVZ,812112,Beauty Salons,AZ,West,88,3414931.96,12777374.2,18,0,1e+06,5000,1.1061,1.1
POL003529,Insured PXRBVPPD,722511,Restaurants,GA,South,271,22813630.19,98429637.24,6,1,2e+06,5000,0.6506,1.15
POL003530,Insured NDPTEOZL,541330,Engineering Services,TX,South,53,5325945.68,19371247.27,16,2,1e+06,5000,1.0244,0.85
POL003531,Insured WBLXDFOD,236220,Construction,NY,Northeast,6,422806.45,1797189.86,9,1,1e+06,1000,1.1322,1.35
POL003532,Insured MVHUXKJW,812112,Beauty Salons,WA,West,16,1712166.71,4274956.39,7,2,1e+06,2500,0.991,1.1
POL003533,Insured TLMMVOCJ,722511,Restaurants,FL,South,26,1559927.13,3776757.5,22,3,2e+06,2500,0.9154,1.15
POL003534,Insured VIRRDFBJ,236220,Construction,FL,South,90,6033708.12,11631027.08,9,0,2e+06,1000,1.9222,1.35
POL003535,Insured HJNMTKAK,541330,Engineering Services,AZ,West,139,14631151.94,59738098.96,23,1,1e+06,1000,0.9827,0.85
POL003536,Insured LSIYMPGJ,812112,Beauty Salons,AZ,West,52,4469061.2,16052827.54,6,3,1e+06,5000,0.7602,1.1
POL003537,Insured WNPIUNTU,611110,Schools,CA,West,14,574810.52,2414148.57,10,0,1e+06,2500,0.9225,0.9
POL003538,Insured OLFGEZCU,812112,Beauty Salons,IL,Midwest,28,2266823.46,8827192.28,19,1,1e+06,10000,0.6094,1.1
POL003539,Insured VHXGQMPC,541330,Engineering Services,AZ,West,27,1311284.88,5313409.26,30,1,1e+06,2500,2.1561,0.85
POL003540,Insured KYVWMJLJ,452319,Retail,AZ,West,22,2554137.85,5915891.74,13,1,1e+06,1000,0.7804,1.05
POL003541,Insured JYANZXOC,452319,Retail,GA,South,12,772181.32,2600553.48,14,0,1e+06,1000,1.1362,1.05
POL003542,Insured KRELDCEO,541330,Engineering Services,CA,West,14,600944.26,2285416.71,10,2,5e+06,5000,1.0156,0.85
POL003543,Insured AMFRMGLJ,611110,Schools,IL,Midwest,43,3033732.24,7240199.02,12,0,2e+06,1000,1.0072,0.9
POL003544,Insured PJUNNHKJ,621111,Physician Offices,GA,South,16,991042.08,3295537.24,14,1,2e+06,1000,0.9117,0.95
POL003545,Insured KNGAXALO,722511,Restaurants,FL,South,34,2729589.04,7866679.35,13,0,2e+06,25000,0.8482,1.15
POL003546,Insured LHPYLAIY,541330,Engineering Services,CA,West,5,407489.76,1181779.96,15,0,1e+06,2500,1.224,0.85
POL003547,Insured CYQGWAOH,722511,Restaurants,IL,Midwest,12,933110.33,2440138.27,12,2,5e+06,10000,1.3494,1.15
POL003548,Insured UYBYXWQE,541330,Engineering Services,NC,South,30,3374062.48,8844388.37,8,0,2e+06,5000,1.1296,0.85
POL003549,Insured SHNWXGGS,452319,Retail,NY,Northeast,60,5275652.55,9220418.86,10,2,5e+06,2500,0.9081,1.05
POL003550,Insured CNVMFDWK,611110,Schools,GA,South,15,1158041.76,3134349.9,26,1,2e+06,1000,1.4774,0.9
POL003551,Insured SYMZETCX,812112,Beauty Salons,CA,West,9,551138,1397684.63,34,0,1e+06,2500,0.8156,1.1
POL003552,Insured WETDBDAF,722511,Restaurants,GA,South,88,6947086.66,29247597.73,6,0,5e+06,1000,1.4078,1.15
POL003553,Insured VMUFGYUN,541330,Engineering Services,IL,Midwest,88,10851679.45,26383106.24,6,0,2e+06,2500,1.1057,0.85
POL003554,Insured NMKOOYWR,452319,Retail,CA,West,36,2823169.9,12148911.44,8,1,1e+06,2500,1.2027,1.05
POL003555,Insured YBIMAKOQ,452319,Retail,FL,South,33,4004105.46,17264873.88,18,0,2e+06,25000,0.712,1.05
POL003556,Insured ILXYDVSG,452319,Retail,IL,Midwest,53,4794223.62,10388522.96,14,0,1e+06,10000,1.1763,1.05
POL003557,Insured NKQENSSP,236220,Construction,WA,West,48,3416295.3,14677720.38,22,0,5e+06,2500,1.0184,1.35
POL003558,Insured KIKGRRWG,541330,Engineering Services,PA,Northeast,23,949435.88,1714463.3,12,0,2e+06,2500,1.3564,0.85
POL003559,Insured GMVQFCYE,236220,Construction,WA,West,45,2946921.21,6899813.42,41,2,2e+06,2500,0.8352,1.35
POL003560,Insured NMTPAUFP,236220,Construction,GA,South,26,1600814.91,3127483.21,9,2,5e+06,10000,0.9082,1.35
POL003561,Insured ZWMKDOML,236220,Construction,IL,Midwest,24,1388559.36,3656700.27,8,1,2e+06,2500,1.0504,1.35
POL003562,Insured GFHMCRXG,621111,Physician Offices,NY,Northeast,6,323641.55,1197064.44,10,0,1e+06,2500,0.8635,0.95
POL003563,Insured QTWPWLRU,236220,Construction,NY,Northeast,19,1597235.68,3677485.7,8,2,1e+06,2500,1.6412,1.35
POL003564,Insured FPLEUPYE,611110,Schools,CA,West,4,271714.04,1197496.87,11,0,1e+06,1000,0.8215,0.9
POL003565,Insured QGYFFYHG,236220,Construction,TX,South,14,739930.06,2051448.3,5,4,2e+06,2500,0.8848,1.35
POL003566,Insured PIZPEMGI,611110,Schools,PA,Northeast,30,2026063.2,5155393.9,5,2,1e+06,10000,0.4762,0.9
POL003567,Insured RZYVJXGK,621111,Physician Offices,NY,Northeast,16,1233066.13,2309797.66,6,1,1e+06,2500,0.7304,0.95
POL003568,Insured EOMEGGYO,541330,Engineering Services,GA,South,28,2564877.64,10812917.42,7,0,5e+06,10000,0.6407,0.85
POL003569,Insured GOFOJSQD,621111,Physician Offices,CA,West,35,3850124.82,7893748.03,18,0,2e+06,5000,1.1463,0.95
POL003570,Insured CBONPPGW,621111,Physician Offices,FL,South,39,3356641.34,5088690.1,11,0,1e+06,2500,0.9856,0.95
POL003571,Insured LRSGWDOH,236220,Construction,NC,South,12,1276006.8,4741741.52,25,1,1e+06,2500,1.2793,1.35
POL003572,Insured HQVIUEPL,621111,Physician Offices,WA,West,18,1930110.73,5153141.71,10,1,2e+06,2500,1.0665,0.95
POL003573,Insured EAEKGTFX,621111,Physician Offices,NC,South,49,3027396.2,10009628.82,12,0,1e+06,5000,0.7392,0.95
POL003574,Insured INHXMYOA,812112,Beauty Salons,IL,Midwest,17,1922195.86,7594838.14,4,1,2e+06,10000,0.9638,1.1
POL003575,Insured QHQTHYVJ,541330,Engineering Services,NC,South,56,3715369.36,14822408.87,6,1,2e+06,2500,0.8284,0.85
POL003576,Insured AOVVRCME,611110,Schools,AZ,West,20,867115.32,2439144.69,22,0,1e+06,5000,0.9741,0.9
POL003577,Insured NHSJDPIM,236220,Construction,GA,South,19,1723527.06,5078281.37,11,2,1e+06,5000,1.6208,1.35
POL003578,Insured QPAFRJKG,812112,Beauty Salons,NY,Northeast,31,1451913.23,5488346.03,11,2,5e+06,10000,1.0399,1.1
POL003579,Insured UWNYVICZ,236220,Construction,NY,Northeast,4,464822.31,1429615.41,2,1,2e+06,1000,1.0304,1.35
POL003580,Insured LJKVSMVO,812112,Beauty Salons,AZ,West,95,9766563.97,22086808.29,9,2,1e+06,1000,1.0102,1.1
POL003581,Insured NMQDFJVQ,541330,Engineering Services,TX,South,86,5227264.53,12229962.48,25,1,1e+06,2500,1.1337,0.85
POL003582,Insured NFFQJPHC,452319,Retail,WA,West,25,1941335.89,6286815.69,10,3,1e+06,1000,1.188,1.05
POL003583,Insured WSBUCICB,452319,Retail,NY,Northeast,71,8146548.74,35902276.27,9,1,2e+06,1000,1.0237,1.05
POL003584,Insured YBTPWPER,621111,Physician Offices,GA,South,15,1778955.37,5753138.33,50,3,2e+06,5000,0.9591,0.95
POL003585,Insured AIZQXUIG,452319,Retail,AZ,West,18,1077533.47,3667866.87,8,1,2e+06,10000,1.0009,1.05
POL003586,Insured BXEKMHFD,812112,Beauty Salons,GA,South,9,818663.27,3527601.01,11,1,1e+06,1000,0.4349,1.1
POL003587,Insured FWCPYNAK,722511,Restaurants,PA,Northeast,58,6021591.12,22042232.56,5,1,2e+06,1000,0.8392,1.15
POL003588,Insured ASMTVVAV,812112,Beauty Salons,PA,Northeast,15,717477.66,2645062.93,17,0,2e+06,2500,0.8791,1.1
POL003589,Insured HWUZVWQY,452319,Retail,PA,Northeast,19,944072.17,3820774.65,23,1,1e+06,2500,1.1919,1.05
POL003590,Insured BUBVQIUC,236220,Construction,AZ,West,18,1509194,4374232.24,10,1,1e+06,2500,0.6596,1.35
POL003591,Insured AUPEHISO,452319,Retail,TX,South,112,12330440.55,47539092.48,16,0,1e+06,2500,0.912,1.05
POL003592,Insured UAQLFUZY,722511,Restaurants,NY,Northeast,71,6197198.59,12788565.74,19,2,1e+06,1000,1.0122,1.15
POL003593,Insured OTKDIEBU,452319,Retail,WA,West,32,2109645.06,3976209.22,9,0,2e+06,5000,1.2501,1.05
POL003594,Insured GLUYRIYG,812112,Beauty Salons,FL,South,31,1324781.91,5726047.56,8,2,1e+06,1000,0.7455,1.1
POL003595,Insured EGSXNGBO,812112,Beauty Salons,FL,South,8,812764.11,3190844.81,2,2,1e+06,1000,1.1552,1.1
POL003596,Insured FGNCODKA,236220,Construction,TX,South,17,1191597.98,3037958.13,4,0,2e+06,1000,1.3657,1.35
POL003597,Insured DNBFFFJP,236220,Construction,IL,Midwest,43,3456788.6,12312086.77,15,2,1e+06,5000,1.3158,1.35
POL003598,Insured DROWVPRF,541330,Engineering Services,FL,South,10,457537.57,893222.89,9,0,2e+06,5000,2.0324,0.85
POL003599,Insured TLPGUWWK,812112,Beauty Salons,NY,Northeast,11,1121822.83,4238545.38,13,1,1e+06,25000,0.7775,1.1
POL003600,Insured DDSNCZLY,541330,Engineering Services,TX,South,8,590561.12,1863056.32,5,0,1e+06,1000,1.0755,0.85
POL003601,Insured BBQZEWMH,722511,Restaurants,CA,West,31,1223273.47,4251302.58,27,0,2e+06,10000,0.8412,1.15
POL003602,Insured ASVTYHBQ,611110,Schools,NY,Northeast,34,1658348.14,7280425.21,9,1,1e+06,10000,0.9288,0.9
POL003603,Insured CGEANPZO,452319,Retail,AZ,West,76,6650069.53,11677893.96,17,0,1e+06,1000,0.8071,1.05
POL003604,Insured GJLXNPFH,722511,Restaurants,NY,Northeast,52,5269227.48,11349541.79,15,0,1e+06,2500,0.6376,1.15
POL003605,Insured EAHSNSUD,452319,Retail,IL,Midwest,26,1474605.48,2395839.87,24,1,2e+06,2500,1.2066,1.05
POL003606,Insured ENJRQSGJ,452319,Retail,IL,Midwest,25,1164235.83,4215731.68,17,0,1e+06,1000,1.2112,1.05
POL003607,Insured ICHGRSKF,621111,Physician Offices,AZ,West,13,862243.41,3336918.33,9,1,2e+06,2500,0.8964,0.95
POL003608,Insured NBQWAPJG,541330,Engineering Services,WA,West,30,2177399.16,3618958.91,10,0,1e+06,2500,1.2187,0.85
POL003609,Insured BZRCBAEG,621111,Physician Offices,FL,South,18,831108.15,2355222.21,9,2,1e+06,5000,0.7516,0.95
POL003610,Insured VFKQQKZL,541330,Engineering Services,NC,South,160,17957674.31,27071727.15,13,0,5e+06,2500,0.7967,0.85
POL003611,Insured YISMYABM,541330,Engineering Services,NC,South,24,1691326.66,3676267.12,8,1,2e+06,2500,1.7282,0.85
POL003612,Insured CSYXAQJS,621111,Physician Offices,PA,Northeast,180,14102267.51,51031186.1,33,1,2e+06,5000,1.299,0.95
POL003613,Insured UPMWSXIK,541330,Engineering Services,TX,South,19,1085814.32,3950916.85,26,1,2e+06,10000,0.869,0.85
POL003614,Insured VWMQKAMT,812112,Beauty Salons,FL,South,20,2398202.58,3938034.44,30,2,2e+06,2500,1.1055,1.1
POL003615,Insured ZZLRYTHD,452319,Retail,TX,South,30,3648168.54,6388980.81,36,1,2e+06,1000,0.9052,1.05
POL003616,Insured KVGWJKAY,812112,Beauty Salons,AZ,West,18,809519.3,3603242.25,30,1,1e+06,5000,1.3604,1.1
POL003617,Insured BBJGDEGT,621111,Physician Offices,PA,Northeast,14,617807.97,1529967.26,8,0,5e+06,2500,0.8533,0.95
POL003618,Insured JVGRZIKI,812112,Beauty Salons,AZ,West,7,618300.41,2210707.01,3,1,1e+06,5000,0.5901,1.1
POL003619,Insured FACEJOLH,452319,Retail,NY,Northeast,19,1935470.36,2955981.96,3,0,1e+06,2500,0.9964,1.05
POL003620,Insured KWAWINWY,541330,Engineering Services,TX,South,40,3075126.3,10528453.38,5,0,1e+06,5000,1.4765,0.85
POL003621,Insured XSUMXOYY,621111,Physician Offices,CA,West,52,5045399.66,15647624.53,16,1,2e+06,5000,0.8958,0.95
POL003622,Insured UMUWYIYM,236220,Construction,PA,Northeast,6,283858.67,1060739.44,8,1,5e+06,10000,1.0931,1.35
POL003623,Insured JBFKCDSD,722511,Restaurants,GA,South,13,1338927.57,2044394.86,6,0,2e+06,5000,0.7648,1.15
POL003624,Insured AFSPBWER,236220,Construction,NY,Northeast,13,1533936.03,5857238.75,20,1,2e+06,1000,1.1357,1.35
POL003625,Insured GZYHSIZS,541330,Engineering Services,IL,Midwest,28,2458648.23,6562616.11,20,1,2e+06,2500,1.3223,0.85
POL003626,Insured OQOOSMQD,452319,Retail,TX,South,18,812469.36,2352677.17,7,0,1e+06,5000,0.6717,1.05
POL003627,Insured ZLEHHVRF,611110,Schools,TX,South,17,1690199.69,6544488.03,7,2,2e+06,5000,0.8157,0.9
POL003628,Insured LMENPVFO,812112,Beauty Salons,CA,West,10,427561.57,1460783.87,12,0,5e+06,10000,0.8763,1.1
POL003629,Insured UCJHZSTL,621111,Physician Offices,NC,South,19,2367246.34,9914699.18,8,1,1e+06,5000,1.088,0.95
POL003630,Insured ONXUDFRZ,452319,Retail,AZ,West,12,1404779.45,5074782.55,13,1,2e+06,5000,1.0645,1.05
POL003631,Insured FMWYLDJU,722511,Restaurants,CA,West,12,961255.04,2507295.6,4,1,1e+06,2500,0.798,1.15
POL003632,Insured UUDXZQIU,236220,Construction,NC,South,15,1860429.13,4569396.59,11,1,2e+06,1000,0.9553,1.35
POL003633,Insured RWGUIKUH,621111,Physician Offices,CA,West,48,4515604.04,9651107.48,10,1,2e+06,2500,1.2136,0.95
POL003634,Insured IKPXURCF,722511,Restaurants,AZ,West,66,3628981.19,13285807.59,11,3,2e+06,2500,0.9837,1.15
POL003635,Insured CKHCXNGM,722511,Restaurants,PA,Northeast,25,1432198.48,3684717,24,1,5e+06,10000,1.2849,1.15
POL003636,Insured AYKVUEKE,236220,Construction,IL,Midwest,53,4495080.98,7524790.49,6,2,1e+06,25000,1.7897,1.35
POL003637,Insured LEAQNKOE,611110,Schools,GA,South,35,2181277.25,6997844.05,9,1,1e+06,2500,1.207,0.9
POL003638,Insured AKYVGROV,621111,Physician Offices,NY,Northeast,17,1952218.35,4984670.27,9,0,5e+06,5000,0.8589,0.95
POL003639,Insured GUWLTEEA,611110,Schools,GA,South,41,4698238.5,13809349.6,18,2,5e+06,25000,1.1558,0.9
POL003640,Insured BXPLWJHI,452319,Retail,NY,Northeast,48,5787360.14,25901278.5,17,0,2e+06,2500,1.1994,1.05
POL003641,Insured ORZOKFGX,236220,Construction,GA,South,51,2053958.96,7519829.92,21,4,1e+06,5000,0.9779,1.35
POL003642,Insured SVFLMAXN,621111,Physician Offices,CA,West,54,6745880.23,18551964.57,5,0,1e+06,10000,0.7572,0.95
POL003643,Insured NPVRCXTX,541330,Engineering Services,AZ,West,57,6182472.02,9590104.11,24,0,2e+06,1000,0.8051,0.85
POL003644,Insured JAJHIEFU,621111,Physician Offices,WA,West,45,1894841.05,6080866.29,6,0,2e+06,1000,1.0674,0.95
POL003645,Insured EQLKJKMM,722511,Restaurants,TX,South,48,4076416.13,10144849.81,6,2,2e+06,2500,1.2058,1.15
POL003646,Insured VNOWXOGG,236220,Construction,PA,Northeast,19,1025019.16,2126286.31,6,1,2e+06,2500,1.0765,1.35
POL003647,Insured FCWSZWKZ,621111,Physician Offices,IL,Midwest,24,1225931.39,3936620.94,25,2,1e+06,2500,0.7405,0.95
POL003648,Insured GSZHJKBD,812112,Beauty Salons,AZ,West,23,1404674.44,3614355.07,32,0,1e+06,1000,0.7937,1.1
POL003649,Insured MWIIUKPS,722511,Restaurants,PA,Northeast,35,3787667.34,16332630.44,38,0,1e+06,5000,1.1382,1.15
POL003650,Insured NYSNCKLV,722511,Restaurants,TX,South,15,1216892.19,1942551.92,15,1,2e+06,5000,0.7025,1.15
POL003651,Insured GEMMHXRB,621111,Physician Offices,AZ,West,19,1261649.23,5570542.35,8,0,1e+06,2500,0.7845,0.95
POL003652,Insured SRJBNANY,621111,Physician Offices,WA,West,13,830329.75,2908233.73,10,0,2e+06,2500,1.3637,0.95
POL003653,Insured DYNKLRSI,611110,Schools,NC,South,20,1850128.23,4638561.28,8,2,5e+06,25000,1.0633,0.9
POL003654,Insured LNRSECYP,452319,Retail,IL,Midwest,97,5014164.57,7724186.16,6,0,1e+06,1000,0.759,1.05
POL003655,Insured XMNUDNCG,621111,Physician Offices,TX,South,15,1826168.91,5698471.14,10,2,1e+06,5000,1.0311,0.95
POL003656,Insured UHODJIFY,611110,Schools,NC,South,12,899306.13,3255585.43,45,1,2e+06,5000,0.7603,0.9
POL003657,Insured JPWCYVCZ,236220,Construction,IL,Midwest,41,3108033.45,6775352.81,5,1,2e+06,1000,0.6935,1.35
POL003658,Insured SLFOQKWB,452319,Retail,IL,Midwest,9,634462.61,1987514.16,5,0,5e+06,1000,0.6012,1.05
POL003659,Insured YWTINGOS,541330,Engineering Services,AZ,West,39,2016927.35,4393785.1,30,0,2e+06,5000,0.6393,0.85
POL003660,Insured JIANDWYV,452319,Retail,PA,Northeast,11,1024806.28,3854485.29,16,1,1e+06,5000,0.7319,1.05
POL003661,Insured ZBDNLCOV,621111,Physician Offices,TX,South,36,2651928.6,5881590.87,15,2,2e+06,2500,1.1235,0.95
POL003662,Insured ZXIWLEMJ,236220,Construction,IL,Midwest,103,4014536.16,15272300.71,32,0,1e+06,2500,0.8521,1.35
POL003663,Insured EKULDOHR,236220,Construction,PA,Northeast,60,6503992.16,18115864.1,9,0,2e+06,25000,1.128,1.35
POL003664,Insured LMJXJBAZ,621111,Physician Offices,WA,West,58,4160706,14169782.6,18,1,2e+06,5000,1.0982,0.95
POL003665,Insured ZXLYNLWS,722511,Restaurants,CA,West,13,557389.1,1439627.73,6,1,1e+06,25000,1.6336,1.15
POL003666,Insured XRERMIKC,621111,Physician Offices,WA,West,79,8899246.16,34290745.79,7,0,2e+06,10000,0.5507,0.95
POL003667,Insured NBDXYMNR,541330,Engineering Services,TX,South,12,542351.81,988997.91,33,1,2e+06,5000,1.1783,0.85
POL003668,Insured YETAEUOE,541330,Engineering Services,GA,South,24,1251811.94,4902459.95,26,3,2e+06,5000,0.8468,0.85
POL003669,Insured PFTFWYPU,812112,Beauty Salons,TX,South,108,8789359.26,38627922.52,5,2,1e+06,5000,0.4915,1.1
POL003670,Insured ZITLDSPB,722511,Restaurants,FL,South,55,5879222.85,14670964.97,18,2,2e+06,25000,1.2997,1.15
POL003671,Insured DVQJFXZF,812112,Beauty Salons,CA,West,67,6406670.37,13606664.76,8,2,1e+06,5000,0.9064,1.1
POL003672,Insured UJXKEOXM,236220,Construction,NC,South,8,517862.8,1895467.43,20,1,1e+06,1000,0.6734,1.35
POL003673,Insured XLMKZBUH,452319,Retail,NC,South,26,2184439.49,5800763.18,4,0,1e+06,1000,0.9638,1.05
POL003674,Insured TBRMKGUA,452319,Retail,TX,South,9,809916.6,1652173.99,38,2,2e+06,10000,1.16,1.05
POL003675,Insured OSEZNIUX,541330,Engineering Services,AZ,West,52,4573515.51,10420923.65,14,0,5e+06,1000,1.394,0.85
POL003676,Insured FFLZJPOS,611110,Schools,IL,Midwest,100,8588639.48,30171723.81,11,1,1e+06,10000,0.6155,0.9
POL003677,Insured VGSJGHJB,452319,Retail,IL,Midwest,7,434158.41,1150744.8,6,0,1e+06,25000,0.7865,1.05
POL003678,Insured NGWSMLTG,236220,Construction,CA,West,25,2973535.45,7304999.6,24,3,1e+06,2500,0.8143,1.35
POL003679,Insured DBHZWZCZ,621111,Physician Offices,WA,West,6,630426.82,1256342.46,37,1,1e+06,10000,0.6532,0.95
POL003680,Insured PATHGCGY,621111,Physician Offices,TX,South,113,10580345.64,31960802.54,9,1,2e+06,2500,0.898,0.95
POL003681,Insured SREAVLIN,621111,Physician Offices,FL,South,12,1351488.45,3191769.2,10,1,5e+06,1000,1.1784,0.95
POL003682,Insured NNHIQOYA,812112,Beauty Salons,NY,Northeast,14,1081131.35,3542043.42,13,0,2e+06,1000,0.848,1.1
POL003683,Insured SQOVGDUH,812112,Beauty Salons,WA,West,8,795981.47,2083316.43,14,0,5e+06,10000,0.9919,1.1
POL003684,Insured JZDPKUDV,541330,Engineering Services,NC,South,42,4754419.5,19033090.93,18,1,1e+06,2500,1.2362,0.85
POL003685,Insured YFXIIQTT,621111,Physician Offices,GA,South,6,568899.9,1703088.33,7,1,2e+06,10000,0.9373,0.95
POL003686,Insured MKDRHJGT,611110,Schools,TX,South,49,4029129.55,6289729.43,8,1,2e+06,2500,0.9707,0.9
POL003687,Insured ROSYJVQD,812112,Beauty Salons,FL,South,11,996088.7,3708884.95,4,1,2e+06,10000,0.8429,1.1
POL003688,Insured BRRPOTEM,611110,Schools,FL,South,47,5360598.74,8477593.19,20,0,1e+06,1000,1.2787,0.9
POL003689,Insured FVIEDXFY,611110,Schools,TX,South,5,473413.52,1543246.05,29,1,2e+06,2500,0.8439,0.9
POL003690,Insured QVFGKCJO,621111,Physician Offices,TX,South,7,569570.33,1266222.79,12,0,2e+06,5000,0.784,0.95
POL003691,Insured YOTVROTC,236220,Construction,GA,South,27,3138130.6,4887733.65,21,5,2e+06,1000,0.7801,1.35
POL003692,Insured VQGWITBB,541330,Engineering Services,FL,South,9,934257.04,2969860.06,9,1,1e+06,5000,0.8992,0.85
POL003693,Insured KAUEQQFI,722511,Restaurants,NY,Northeast,22,1254162.19,5088659.98,5,1,2e+06,2500,0.4539,1.15
POL003694,Insured GUCMSIZX,621111,Physician Offices,GA,South,45,4490082.7,10585683.8,8,2,2e+06,1000,0.8122,0.95
POL003695,Insured VFWWROSB,812112,Beauty Salons,CA,West,12,1078680.21,2580719.48,17,1,2e+06,10000,1.3436,1.1
POL003696,Insured MMCZLUXV,236220,Construction,CA,West,50,2805548.37,11044837.17,10,2,2e+06,5000,1.0489,1.35
POL003697,Insured DQXSNHOS,452319,Retail,TX,South,13,848117.8,1602011.78,25,0,2e+06,2500,1.0462,1.05
POL003698,Insured LGEUPIKR,236220,Construction,CA,West,50,5563486.11,16046355.55,9,0,5e+06,10000,1.4696,1.35
POL003699,Insured ALKKWANI,621111,Physician Offices,WA,West,47,3933606.37,6135437.85,3,1,1e+06,2500,1.2194,0.95
POL003700,Insured BAYPHHVN,452319,Retail,PA,Northeast,34,1509272.37,6369798.9,37,1,1e+06,5000,1.3063,1.05
POL003701,Insured OYGQBFMO,541330,Engineering Services,WA,West,43,2689614.23,4481627.5,8,1,2e+06,5000,0.7071,0.85
POL003702,Insured YAQTRDRB,611110,Schools,TX,South,47,4028267.81,11792027.17,12,0,1e+06,2500,0.7115,0.9
POL003703,Insured HVZYMNFX,812112,Beauty Salons,NC,South,12,1258231.88,3237888.99,11,0,1e+06,2500,0.9931,1.1
POL003704,Insured DNVHZUSQ,621111,Physician Offices,IL,Midwest,128,10371710,39931879.29,6,0,2e+06,2500,1.0712,0.95
POL003705,Insured CLZONUQO,722511,Restaurants,NC,South,59,7105529.83,25518964.23,11,2,2e+06,10000,1.3278,1.15
POL003706,Insured OVDYRMVY,611110,Schools,TX,South,14,1705200.81,2853069.15,11,3,2e+06,2500,1.1839,0.9
POL003707,Insured GSTFXEBF,541330,Engineering Services,IL,Midwest,21,2149218.31,8295406.37,8,0,1e+06,5000,1.1857,0.85
POL003708,Insured SMSKLVXP,722511,Restaurants,NC,South,70,3256468.56,13667654.87,27,2,2e+06,1000,0.5791,1.15
POL003709,Insured RFDWOXUK,236220,Construction,CA,West,19,1218283.73,4813394.12,28,1,2e+06,5000,1.249,1.35
POL003710,Insured RUMQMYLL,621111,Physician Offices,NC,South,23,2515962.15,5992662.44,3,0,2e+06,25000,1.6179,0.95
POL003711,Insured CYPOJGWO,541330,Engineering Services,IL,Midwest,24,1661988.19,3438874.87,6,0,5e+06,1000,0.8765,0.85
POL003712,Insured RJHMNYLM,621111,Physician Offices,CA,West,22,880893.19,3950741.23,6,2,5e+06,25000,1.4812,0.95
POL003713,Insured XLMQLXKQ,722511,Restaurants,AZ,West,7,428250.09,1444877.12,22,1,2e+06,2500,0.9979,1.15
POL003714,Insured AMCFXRXF,611110,Schools,WA,West,7,714559.14,1901703.24,7,1,2e+06,5000,0.8513,0.9
POL003715,Insured ONEJJTLU,611110,Schools,AZ,West,29,2509107.12,7105496.87,5,1,5e+06,1000,1.4464,0.9
POL003716,Insured TGMLLZBM,236220,Construction,TX,South,64,6761119.99,13058044.47,7,1,5e+06,2500,1.185,1.35
POL003717,Insured ARGIJYGO,722511,Restaurants,AZ,West,14,777277.78,2437934.39,5,1,5e+06,2500,0.9088,1.15
POL003718,Insured VFGQDSXY,722511,Restaurants,NC,South,75,6052317.46,23147515.47,45,1,5e+06,25000,0.6689,1.15
POL003719,Insured OEBNDNZE,452319,Retail,GA,South,73,7513654.48,18878532.4,11,0,5e+06,25000,1.3079,1.05
POL003720,Insured BJJBUCPY,236220,Construction,NC,South,43,5344829.53,19297507.14,5,2,1e+06,2500,0.7596,1.35
POL003721,Insured ZXFWSTLG,722511,Restaurants,NC,South,45,5258113.57,20637614.3,9,3,1e+06,1000,0.9945,1.15
POL003722,Insured TAVPODJS,621111,Physician Offices,AZ,West,22,1625605.54,2466369.34,17,2,1e+06,2500,0.5545,0.95
POL003723,Insured VUPLNURC,236220,Construction,AZ,West,18,817876.43,1801325.81,14,3,2e+06,2500,1.373,1.35
POL003724,Insured GGFLRPAN,236220,Construction,FL,South,13,1141768.4,2727058.12,5,0,2e+06,1000,0.7175,1.35
POL003725,Insured ZVYETBLS,611110,Schools,AZ,West,13,1546313.77,4775930.66,11,2,1e+06,5000,1.4623,0.9
POL003726,Insured LNXLFBRR,236220,Construction,TX,South,42,2139786.63,9411245.66,15,0,2e+06,10000,0.9571,1.35
POL003727,Insured MCZXLLOP,812112,Beauty Salons,GA,South,46,5055652.71,22068639.59,16,1,5e+06,5000,1.152,1.1
POL003728,Insured CBCKWZTB,611110,Schools,PA,Northeast,27,1394417.86,6003800.45,15,1,1e+06,2500,0.8809,0.9
POL003729,Insured HHZYWJWF,452319,Retail,PA,Northeast,101,9254283.32,20836025.96,16,0,1e+06,1000,0.9678,1.05
POL003730,Insured JGJFVKDH,236220,Construction,WA,West,20,975148.68,1611840.07,34,1,1e+06,1000,0.9566,1.35
POL003731,Insured ENNSOMAH,621111,Physician Offices,CA,West,17,1999308.48,5606698.26,16,0,1e+06,2500,1.4741,0.95
POL003732,Insured ADGOUIWT,621111,Physician Offices,FL,South,45,4955644.95,16483427.62,6,0,1e+06,10000,0.7457,0.95
POL003733,Insured UDIOGLLN,611110,Schools,GA,South,11,1103107.23,4885936.43,10,1,1e+06,1000,0.8317,0.9
POL003734,Insured BBGRLEFM,236220,Construction,NC,South,10,1187537.3,4577200.72,9,0,1e+06,5000,0.4888,1.35
POL003735,Insured XNHAPAKW,812112,Beauty Salons,FL,South,20,1142097.69,4270688.75,15,1,2e+06,5000,1.0859,1.1
POL003736,Insured GBAKBISU,722511,Restaurants,FL,South,6,503374.92,2244033,10,0,1e+06,2500,1.29,1.15
POL003737,Insured YIRBUPXV,541330,Engineering Services,NY,Northeast,8,674763.37,2518313.69,11,1,5e+06,5000,1.2632,0.85
POL003738,Insured SSSRSVLP,812112,Beauty Salons,TX,South,5,462261.73,1639094.27,17,2,2e+06,2500,0.864,1.1
POL003739,Insured LDBTYWZO,452319,Retail,AZ,West,30,1623708.92,5035972.16,9,2,2e+06,2500,1.2121,1.05
POL003740,Insured WDNYKQDH,812112,Beauty Salons,WA,West,21,2363887.08,10569004.32,11,0,5e+06,5000,1.1963,1.1
POL003741,Insured IWHYPAAK,541330,Engineering Services,NC,South,31,1525448.94,2692273.05,18,2,2e+06,1000,1.2762,0.85
POL003742,Insured AIDIWCSW,621111,Physician Offices,FL,South,24,1098477.01,3664129.54,29,0,1e+06,1000,1.2352,0.95
POL003743,Insured VWWMOTPK,236220,Construction,GA,South,132,15373792.89,47372490.45,17,0,1e+06,2500,0.6822,1.35
POL003744,Insured JJCXQBZJ,812112,Beauty Salons,NC,South,16,765820.85,2020212.94,14,0,1e+06,5000,0.9899,1.1
POL003745,Insured ZNYDBZSI,722511,Restaurants,GA,South,40,3572419.55,8273106.31,37,0,1e+06,2500,0.9863,1.15
POL003746,Insured AWQBWICH,541330,Engineering Services,WA,West,20,1332208.59,2737506.68,14,0,2e+06,1000,0.724,0.85
POL003747,Insured BCUYMTXT,722511,Restaurants,AZ,West,31,2430296.41,8517119.04,20,0,2e+06,1000,1.1647,1.15
POL003748,Insured EPRXIVUY,722511,Restaurants,TX,South,12,1016045.68,1890510.87,7,1,2e+06,5000,1.3364,1.15
POL003749,Insured ILOCHWJP,621111,Physician Offices,NY,Northeast,103,12828423.56,26129631.82,29,0,1e+06,1000,1.1829,0.95
POL003750,Insured LRHLTGUD,541330,Engineering Services,FL,South,31,1607052.51,4876834.98,15,0,2e+06,2500,0.5394,0.85
POL003751,Insured GRWIXBQG,611110,Schools,NY,Northeast,23,2514949.01,7490554.59,11,0,1e+06,2500,0.9935,0.9
POL003752,Insured YGQZVCFO,722511,Restaurants,AZ,West,10,1061955.6,3790544.13,25,0,1e+06,2500,1.0824,1.15
POL003753,Insured LMOODFEE,812112,Beauty Salons,IL,Midwest,87,4962606.9,17104240,19,1,1e+06,5000,1.3855,1.1
POL003754,Insured DQLYXLMF,722511,Restaurants,CA,West,19,945333.76,2358353.53,26,2,1e+06,25000,1.2883,1.15
POL003755,Insured XBERIJTM,812112,Beauty Salons,TX,South,41,4603624.15,10292585.76,13,1,5e+06,5000,0.6987,1.1
POL003756,Insured QKHASUHQ,812112,Beauty Salons,NY,Northeast,68,4810256.01,11318989.65,6,0,2e+06,2500,1.3126,1.1
POL003757,Insured KNAFZSHQ,722511,Restaurants,FL,South,43,3885226.85,12693057.02,11,0,5e+06,2500,0.793,1.15
POL003758,Insured LLWTMLBM,452319,Retail,AZ,West,16,1408993.81,6027895.07,13,0,5e+06,10000,0.9508,1.05
POL003759,Insured OKMIYTZK,236220,Construction,FL,South,19,1429740.05,6198855.7,6,0,1e+06,5000,0.8689,1.35
POL003760,Insured GKNPBHZR,621111,Physician Offices,WA,West,15,1723472.5,5978505.58,7,2,1e+06,5000,1.3024,0.95
POL003761,Insured TSWLQUNL,611110,Schools,IL,Midwest,28,3479619,8233784.83,10,0,2e+06,5000,1.0518,0.9
POL003762,Insured KFLMNRMQ,541330,Engineering Services,PA,Northeast,36,2311419.24,7948768.8,23,1,2e+06,2500,1.263,0.85
POL003763,Insured XUXUHEWO,452319,Retail,AZ,West,55,3500008.04,5847784.87,13,4,1e+06,2500,1.5851,1.05
POL003764,Insured YMKTOYCE,621111,Physician Offices,NC,South,18,2113686.69,7421570.12,3,1,5e+06,25000,1.1742,0.95
POL003765,Insured OGFNVJBN,722511,Restaurants,NC,South,10,998788.93,2400222.97,10,1,2e+06,2500,1.5961,1.15
POL003766,Insured UZNXTJCH,541330,Engineering Services,PA,Northeast,16,885272.75,2856076.95,12,0,2e+06,5000,0.8482,0.85
POL003767,Insured FHVRGEYG,611110,Schools,TX,South,34,2532381.69,9156243.32,7,3,1e+06,1000,1.1707,0.9
POL003768,Insured MKWBSRIU,812112,Beauty Salons,PA,Northeast,40,4857175.47,12230539.54,16,0,1e+06,1000,0.861,1.1
POL003769,Insured MQQLQLWD,621111,Physician Offices,IL,Midwest,205,9791348.67,24416035.39,14,1,2e+06,2500,0.8554,0.95
POL003770,Insured KWYVKIWR,611110,Schools,IL,Midwest,22,2055593.94,8598437.69,12,0,2e+06,2500,1.0799,0.9
POL003771,Insured LHPNBTRH,812112,Beauty Salons,TX,South,8,996137.4,4038993.86,12,1,2e+06,1000,1.5126,1.1
POL003772,Insured GSPSRGNT,611110,Schools,GA,South,17,1295441.78,4360490.7,10,0,5e+06,5000,1.4045,0.9
POL003773,Insured LNACJTML,621111,Physician Offices,PA,Northeast,37,1569398.02,7041444.2,23,1,2e+06,2500,0.6762,0.95
POL003774,Insured MHNYGATP,452319,Retail,PA,Northeast,11,717716.24,1226743.05,9,1,1e+06,5000,0.8475,1.05
POL003775,Insured MPQRQEAT,541330,Engineering Services,PA,Northeast,20,938074.71,2586942.38,10,3,1e+06,2500,1.0228,0.85
POL003776,Insured XONPUXIG,722511,Restaurants,NY,Northeast,12,1395744.03,5593951.76,12,0,1e+06,5000,0.9235,1.15
POL003777,Insured DCYOPBQF,236220,Construction,CA,West,22,1547391.16,3801437.81,6,0,2e+06,25000,1.8466,1.35
POL003778,Insured SGCUTSMA,722511,Restaurants,FL,South,2,234573.29,843294.24,23,1,5e+06,2500,0.7985,1.15
POL003779,Insured IJFBYBAW,812112,Beauty Salons,IL,Midwest,26,2419843.35,5880915.35,5,1,1e+06,1000,0.7988,1.1
POL003780,Insured XWBNITGN,621111,Physician Offices,CA,West,25,2182502.8,3371972.9,22,1,2e+06,2500,0.531,0.95
POL003781,Insured GKGFIQRR,452319,Retail,WA,West,24,1083798.12,2820088.43,17,3,2e+06,10000,1.0377,1.05
POL003782,Insured TSFUGTOJ,812112,Beauty Salons,NC,South,80,8441140.17,23422396.86,2,4,2e+06,5000,1.4099,1.1
POL003783,Insured EBHJZUIT,722511,Restaurants,FL,South,72,7761186.63,22403976.22,20,2,1e+06,10000,1.0029,1.15
POL003784,Insured WRDMJYVV,452319,Retail,CA,West,6,337195.59,1285059.26,15,1,2e+06,2500,1.3369,1.05
POL003785,Insured YEAYBMXN,621111,Physician Offices,NY,Northeast,22,1915808,3335020.63,5,1,1e+06,5000,0.8661,0.95
POL003786,Insured CLFMTNBC,452319,Retail,NY,Northeast,37,4349372.63,8229968.61,14,1,1e+06,1000,1.0573,1.05
POL003787,Insured TQAIHKPU,452319,Retail,CA,West,35,1849189.93,7675533.19,10,1,5e+06,2500,0.8566,1.05
POL003788,Insured FBOIEVBP,621111,Physician Offices,IL,Midwest,16,672757.07,1122921.35,7,0,5e+06,2500,1.1644,0.95
POL003789,Insured PSFYEEPG,611110,Schools,NY,Northeast,17,2062213.36,4061079.39,14,0,1e+06,2500,1.0212,0.9
POL003790,Insured PLMXPAXB,722511,Restaurants,WA,West,18,1930183.26,7462622.09,8,0,1e+06,5000,1.1714,1.15
POL003791,Insured IGFMODTA,722511,Restaurants,WA,West,48,5264151.09,11689658.25,34,2,2e+06,10000,0.7696,1.15
POL003792,Insured COZBTXUV,452319,Retail,GA,South,62,7577787.49,29590001.82,9,0,1e+06,1000,0.8156,1.05
POL003793,Insured JORXPHEK,611110,Schools,CA,West,17,1305636.1,3998457.85,8,0,1e+06,1000,1.637,0.9
POL003794,Insured MMNDFFRU,452319,Retail,GA,South,52,2875735.77,10974348.49,13,2,1e+06,5000,1.388,1.05
POL003795,Insured SCMDANYK,452319,Retail,AZ,West,72,8442460.71,22720797.3,15,1,1e+06,1000,1.1164,1.05
POL003796,Insured FYUJFSOA,452319,Retail,CA,West,62,6418144.02,26222870.28,10,1,1e+06,5000,1.2566,1.05
POL003797,Insured TISMLYDC,722511,Restaurants,NC,South,9,710757.08,2466653.53,12,1,2e+06,2500,2.0698,1.15
POL003798,Insured INEJEVWA,452319,Retail,CA,West,27,1668512.32,6437348.25,11,1,2e+06,1000,0.9477,1.05
POL003799,Insured SPRNKNZU,621111,Physician Offices,TX,South,91,8565476.08,35953265.6,11,0,1e+06,5000,1.0734,0.95
POL003800,Insured CWJXHMUZ,541330,Engineering Services,NY,Northeast,50,3309136.75,6684771.29,6,1,1e+06,1000,1.1821,0.85
POL003801,Insured TRLCCPBS,812112,Beauty Salons,AZ,West,5,317863.12,500339.07,12,4,2e+06,25000,0.9141,1.1
POL003802,Insured FHICVBSH,236220,Construction,NY,Northeast,43,3478979.01,9587584.57,54,0,1e+06,5000,1.1413,1.35
POL003803,Insured OOGTSDBT,611110,Schools,CA,West,28,2379303.64,8613630.49,3,2,5e+06,5000,1.8531,0.9
POL003804,Insured GABOSZUM,812112,Beauty Salons,WA,West,70,5777443.85,19693539.7,10,2,2e+06,5000,0.9043,1.1
POL003805,Insured CXCHIAFX,621111,Physician Offices,NC,South,35,1393176.87,5700286.98,5,2,1e+06,5000,1.1548,0.95
POL003806,Insured PQFUALTL,812112,Beauty Salons,AZ,West,61,6768349.99,11908331.99,8,0,1e+06,5000,1.0821,1.1
POL003807,Insured VDGVTWFQ,541330,Engineering Services,IL,Midwest,22,2259588.58,6269535.95,7,1,1e+06,2500,0.9697,0.85
POL003808,Insured RQGUHXLH,236220,Construction,FL,South,28,1572755.37,6685257.28,45,0,2e+06,10000,0.7411,1.35
POL003809,Insured TMAHYDOT,621111,Physician Offices,WA,West,4,448259.64,1816708.35,27,2,2e+06,1000,1.1866,0.95
POL003810,Insured VZWWEIGE,236220,Construction,NC,South,8,438636.29,1484062.97,3,1,1e+06,2500,0.5511,1.35
POL003811,Insured STKXWVYL,722511,Restaurants,FL,South,46,1766738.9,7191419.46,9,1,1e+06,1000,0.737,1.15
POL003812,Insured TFJYBMPB,621111,Physician Offices,CA,West,26,3233701.19,6111067.08,8,1,1e+06,5000,0.7981,0.95
POL003813,Insured JYTXELVX,236220,Construction,AZ,West,33,2672617.42,8926479.87,36,1,2e+06,10000,0.9833,1.35
POL003814,Insured EIVFMAIQ,541330,Engineering Services,NC,South,7,658814.74,1756759.8,15,0,5e+06,10000,0.6101,0.85
POL003815,Insured ELNGUHII,236220,Construction,CA,West,35,3194594.33,14073211.19,3,0,1e+06,10000,1.2258,1.35
POL003816,Insured IOZYRNXV,452319,Retail,PA,Northeast,32,1995422.18,5004742.62,9,0,2e+06,5000,1.1292,1.05
POL003817,Insured RVRHPZAJ,722511,Restaurants,AZ,West,46,5363299.54,12958901.97,13,4,1e+06,5000,1.4309,1.15
POL003818,Insured UKQRKBCR,541330,Engineering Services,GA,South,14,800861.21,1940859.79,20,0,5e+06,1000,1.3118,0.85
POL003819,Insured PXKUWNAH,812112,Beauty Salons,NC,South,33,1461057.67,6538376.94,8,2,1e+06,1000,1.0298,1.1
POL003820,Insured WCIJUKCB,611110,Schools,FL,South,26,2607718.75,4952195.05,71,0,2e+06,5000,0.6632,0.9
POL003821,Insured SVSMHQTP,541330,Engineering Services,NC,South,14,556726.53,1994073.02,14,0,1e+06,2500,0.925,0.85
POL003822,Insured NKWNKYXY,611110,Schools,NY,Northeast,25,1916253.38,7827534.39,15,1,1e+06,10000,1.2016,0.9
POL003823,Insured SXKBZZOG,611110,Schools,GA,South,19,1489064.49,5433371.03,9,3,2e+06,5000,0.7623,0.9
POL003824,Insured ULZMEXJR,611110,Schools,WA,West,30,1331707.63,2036603.04,17,2,1e+06,5000,1.2857,0.9
POL003825,Insured MTBLKEEP,812112,Beauty Salons,NC,South,10,605640.49,1776462.65,35,1,1e+06,1000,1.2366,1.1
POL003826,Insured NVGTLHLD,621111,Physician Offices,AZ,West,18,1360290.49,3335488.39,86,1,5e+06,1000,1.1231,0.95
POL003827,Insured NYYTZWNC,541330,Engineering Services,AZ,West,30,2806429.39,11047185.12,30,0,2e+06,25000,1.1261,0.85
POL003828,Insured AJAWYGZC,611110,Schools,NY,Northeast,6,243343.62,878193.03,16,2,2e+06,5000,0.7405,0.9
POL003829,Insured CGKOGOZH,541330,Engineering Services,TX,South,18,865182.65,2860983.4,13,0,1e+06,5000,0.8366,0.85
POL003830,Insured BMGQJHHX,611110,Schools,NC,South,57,3452588.07,9630518.16,9,1,1e+06,5000,1.0429,0.9
POL003831,Insured QKFLWMYZ,611110,Schools,GA,South,12,987103.81,2640041.34,23,0,2e+06,5000,1.1447,0.9
POL003832,Insured QPFROQCE,722511,Restaurants,CA,West,15,712473.3,1285323.46,20,0,1e+06,10000,0.9214,1.15
POL003833,Insured WLNEJRLM,541330,Engineering Services,WA,West,42,3401111.47,14881782.94,6,2,1e+06,5000,1.0515,0.85
POL003834,Insured GZAIDHDB,236220,Construction,NY,Northeast,3,306971.27,597437.33,4,0,2e+06,10000,1.6442,1.35
POL003835,Insured SWUVDATH,621111,Physician Offices,WA,West,38,1951114.68,4308460.5,16,1,1e+06,2500,1.4918,0.95
POL003836,Insured BIBHUSXI,541330,Engineering Services,FL,South,41,4464418.22,18376819.64,5,1,1e+06,10000,1.1115,0.85
POL003837,Insured KSWJRAKQ,452319,Retail,NC,South,16,1269604.02,2735074.42,20,0,5e+06,1000,0.6003,1.05
POL003838,Insured OOEISMLU,621111,Physician Offices,NC,South,17,662875.37,1936893.66,15,2,1e+06,2500,0.7127,0.95
POL003839,Insured ZRCVJQEH,541330,Engineering Services,FL,South,32,3965828.07,17775011.67,4,0,1e+06,1000,0.831,0.85
POL003840,Insured QBCCLLNU,236220,Construction,CA,West,2,214560.65,455746.54,18,0,5e+06,1000,1.3155,1.35
POL003841,Insured KVUKGRDH,611110,Schools,GA,South,18,1170984.02,3724945.52,27,1,5e+06,2500,0.8442,0.9
POL003842,Insured TYFCVASV,722511,Restaurants,NC,South,11,561678.5,1387615.97,14,0,5e+06,5000,0.8607,1.15
POL003843,Insured HCYWUDPQ,541330,Engineering Services,WA,West,72,2942615.93,6240751.31,16,0,1e+06,5000,1.0358,0.85
POL003844,Insured AXNBIKHN,722511,Restaurants,IL,Midwest,33,3879102.81,10407653.32,10,1,1e+06,10000,0.8501,1.15
POL003845,Insured IRVIGMJL,722511,Restaurants,FL,South,44,2201808.17,9899235.63,16,3,1e+06,5000,1.7919,1.15
POL003846,Insured LRTDKYDI,611110,Schools,PA,Northeast,22,1665387.26,3102029.39,22,3,2e+06,1000,1.2743,0.9
POL003847,Insured HGLZIIKF,722511,Restaurants,WA,West,19,1510242.71,6750788.96,20,1,5e+06,2500,0.7858,1.15
POL003848,Insured BXKRARZI,812112,Beauty Salons,GA,South,11,668488.94,1220275.26,7,2,1e+06,2500,1.0698,1.1
POL003849,Insured TNNFXVAZ,452319,Retail,CA,West,73,4227844.66,16393518.45,22,1,2e+06,5000,1.1831,1.05
POL003850,Insured QVEADJLH,812112,Beauty Salons,CA,West,14,699163.86,1617430.59,6,3,1e+06,10000,0.7393,1.1
POL003851,Insured CHDMOOFL,452319,Retail,FL,South,19,1360480.94,4803680.52,15,2,2e+06,2500,0.7158,1.05
POL003852,Insured GAVYNWKL,452319,Retail,FL,South,33,1760201.56,4393017.56,18,2,5e+06,2500,1.507,1.05
POL003853,Insured UCDKLYAY,611110,Schools,TX,South,16,1435961.83,4533828.5,31,2,2e+06,2500,0.9714,0.9
POL003854,Insured LHBURRRC,611110,Schools,IL,Midwest,136,11435265.58,19073045.94,13,1,1e+06,1000,1.2412,0.9
POL003855,Insured ZXXKXDIF,722511,Restaurants,TX,South,21,1954573.76,4297475.57,35,3,1e+06,25000,0.9811,1.15
POL003856,Insured KRVPTGMZ,812112,Beauty Salons,NC,South,6,693557.98,2625434.67,7,1,1e+06,2500,1.1232,1.1
POL003857,Insured EUMJHHMP,452319,Retail,NY,Northeast,30,3621827.74,9998264.16,4,0,2e+06,2500,0.9058,1.05
POL003858,Insured DIKJPCAB,621111,Physician Offices,FL,South,36,4325003.81,6502475.32,35,2,1e+06,1000,1.0909,0.95
POL003859,Insured WBIONSHJ,541330,Engineering Services,AZ,West,7,398268.73,1299455.87,6,2,1e+06,1000,1.0548,0.85
POL003860,Insured FSFKGGUV,452319,Retail,TX,South,68,2822888.45,10878832.77,13,0,2e+06,2500,0.7938,1.05
POL003861,Insured EDTHFEKC,452319,Retail,NC,South,17,882260.28,2302969.05,14,1,1e+06,2500,0.8579,1.05
POL003862,Insured AAKLVQCW,236220,Construction,CA,West,18,1129857.57,3188467.15,14,1,1e+06,5000,0.8001,1.35
POL003863,Insured AILRTBTA,236220,Construction,NY,Northeast,32,3166385.02,6780308.39,25,0,2e+06,25000,0.8222,1.35
POL003864,Insured USKDYFFE,541330,Engineering Services,TX,South,12,606001.89,1018490.72,32,1,2e+06,10000,1.4387,0.85
POL003865,Insured UMBVORLA,452319,Retail,NC,South,14,1404132.12,4140855.3,24,0,2e+06,10000,1.1862,1.05
POL003866,Insured OQLSZIRC,621111,Physician Offices,NC,South,8,875212.73,3499615.48,57,1,1e+06,1000,1.3296,0.95
POL003867,Insured IWCBANUT,722511,Restaurants,TX,South,48,3426218.97,12798637.99,10,2,2e+06,2500,1.2389,1.15
POL003868,Insured LKUUVKSM,541330,Engineering Services,NY,Northeast,36,1517702.11,5479950.15,12,2,1e+06,5000,0.8966,0.85
POL003869,Insured JTYMDRMN,611110,Schools,PA,Northeast,54,4243226.62,15558461.26,21,1,1e+06,10000,1.3899,0.9
POL003870,Insured EEHMCBPK,722511,Restaurants,NC,South,35,1678443.46,2554807.93,8,1,1e+06,5000,1.1833,1.15
POL003871,Insured ACYFDJQU,722511,Restaurants,IL,Midwest,42,4372734.52,10108360.09,11,1,1e+06,25000,0.8866,1.15
POL003872,Insured NFBPBHIM,541330,Engineering Services,GA,South,12,766130.81,3301580.53,7,1,2e+06,10000,0.6746,0.85
POL003873,Insured HGIUJBNK,722511,Restaurants,NY,Northeast,43,3008779.8,10030357.16,21,0,2e+06,1000,1.3591,1.15
POL003874,Insured VMPGSKWG,812112,Beauty Salons,AZ,West,47,2945703.85,13150547.89,12,1,1e+06,25000,0.584,1.1
POL003875,Insured LKBVRTXT,621111,Physician Offices,PA,Northeast,22,1752187.3,6077578.06,17,1,5e+06,2500,0.8257,0.95
POL003876,Insured LIYXQAHA,812112,Beauty Salons,PA,Northeast,12,1218130.56,4532095.58,16,2,2e+06,10000,0.7779,1.1
POL003877,Insured LKODSPHP,812112,Beauty Salons,CA,West,19,2023145.76,7136541.82,9,1,2e+06,2500,0.9666,1.1
POL003878,Insured AVEHRQPL,236220,Construction,PA,Northeast,19,2156880.06,6853308.3,23,1,1e+06,10000,0.8756,1.35
POL003879,Insured QACLXDGZ,541330,Engineering Services,WA,West,9,1114141.1,1968841.01,13,0,1e+06,10000,0.9167,0.85
POL003880,Insured AGUGTMVV,611110,Schools,CA,West,10,1113172.59,4565371.95,4,0,2e+06,1000,1.1001,0.9
POL003881,Insured VPHWJQWX,541330,Engineering Services,AZ,West,14,1464190.87,5011695.23,6,0,5e+06,1000,0.8026,0.85
POL003882,Insured IUESXBQD,236220,Construction,CA,West,12,1198483.25,3544991.3,5,1,1e+06,10000,1.0756,1.35
POL003883,Insured HVNCTSAA,541330,Engineering Services,WA,West,55,3411813.23,12555511.04,37,0,1e+06,2500,0.716,0.85
POL003884,Insured MQYKBDWG,611110,Schools,AZ,West,25,2245588.02,4137576.27,7,1,1e+06,5000,0.7437,0.9
POL003885,Insured UDXJUDOD,611110,Schools,WA,West,38,2141238.49,6681391.27,10,2,5e+06,5000,1.1636,0.9
POL003886,Insured WYSEVCAW,611110,Schools,NC,South,23,1593010.08,6790355.37,16,2,2e+06,10000,0.8785,0.9
POL003887,Insured TOJBSGOR,621111,Physician Offices,NY,Northeast,19,1324526.53,4310757.36,20,5,1e+06,2500,0.8157,0.95
POL003888,Insured KWNIWKSO,621111,Physician Offices,IL,Midwest,37,1678418.49,3826824.36,15,1,1e+06,1000,1.1288,0.95
POL003889,Insured XNJKFWZU,621111,Physician Offices,AZ,West,25,1710278.07,5293842.97,10,2,1e+06,10000,1.038,0.95
POL003890,Insured CXYLOYGO,812112,Beauty Salons,GA,South,41,2946443.34,8389453.33,13,2,1e+06,2500,0.6956,1.1
POL003891,Insured QGWRFSNJ,621111,Physician Offices,CA,West,25,1168690.97,2745035.25,6,3,1e+06,1000,0.7349,0.95
POL003892,Insured NJLGFDVW,812112,Beauty Salons,AZ,West,11,444971.74,1589814.7,8,2,2e+06,1000,0.6603,1.1
POL003893,Insured GCXOOTVP,812112,Beauty Salons,GA,South,60,5438611.17,22441816.02,24,0,2e+06,2500,0.9093,1.1
POL003894,Insured VJETBMFD,611110,Schools,NY,Northeast,15,1335380.7,3612681.17,10,1,1e+06,5000,0.645,0.9
POL003895,Insured YLCUPJQD,722511,Restaurants,GA,South,4,175722.01,685132.98,8,1,2e+06,5000,0.4301,1.15
POL003896,Insured QKCCVXZM,722511,Restaurants,TX,South,11,1086142.14,4633856.56,32,0,2e+06,2500,0.9256,1.15
POL003897,Insured FJAEDQPT,611110,Schools,NY,Northeast,94,7708122.95,17218123,14,0,1e+06,2500,1.7976,0.9
POL003898,Insured AIOTMEAM,812112,Beauty Salons,FL,South,17,1380371.16,2979653.63,17,1,2e+06,10000,1.0607,1.1
POL003899,Insured PMHFNPID,621111,Physician Offices,NY,Northeast,30,1352344.73,4168636.34,14,0,1e+06,25000,0.6292,0.95
POL003900,Insured HCCEMPZD,722511,Restaurants,FL,South,11,429214.33,1828623.14,29,1,1e+06,2500,0.9679,1.15
POL003901,Insured AQTTALBH,236220,Construction,TX,South,66,7312517.49,12561054.16,14,2,2e+06,1000,0.7953,1.35
POL003902,Insured JTWQYSES,722511,Restaurants,WA,West,11,513571.65,994458.72,10,0,2e+06,1000,1.3506,1.15
POL003903,Insured ARKXFZZK,452319,Retail,NC,South,12,898446.95,1366477.78,11,2,5e+06,2500,1.0916,1.05
POL003904,Insured YZKILNJR,611110,Schools,AZ,West,14,615941.45,997227.5,57,0,1e+06,2500,0.7783,0.9
POL003905,Insured QKSFXKMS,236220,Construction,GA,South,36,4209764.29,11247424.99,13,0,1e+06,2500,0.9543,1.35
POL003906,Insured SSPZLAKW,812112,Beauty Salons,PA,Northeast,14,1276555.92,4722082.03,18,2,1e+06,10000,0.889,1.1
POL003907,Insured QDEVQHZE,611110,Schools,IL,Midwest,18,2073069.27,4342533.36,8,1,1e+06,5000,1.6647,0.9
POL003908,Insured WBYQWFTL,541330,Engineering Services,PA,Northeast,24,1434756.62,4883084.96,13,1,1e+06,5000,0.9181,0.85
POL003909,Insured UHZRZLBI,611110,Schools,TX,South,22,2696351.9,7075553.42,23,1,2e+06,5000,1.9951,0.9
POL003910,Insured ZSRMSDOV,621111,Physician Offices,FL,South,15,1380892.96,3866508.88,4,0,2e+06,10000,1.0713,0.95
POL003911,Insured SIUTCZQE,722511,Restaurants,NC,South,17,842428.17,2072643.77,8,3,5e+06,10000,1.09,1.15
POL003912,Insured HJQYZLWF,541330,Engineering Services,CA,West,11,1158859.2,4466766.81,10,0,2e+06,2500,1.083,0.85
POL003913,Insured JTZCYFQB,236220,Construction,CA,West,9,476567.97,1601305.86,18,1,2e+06,2500,0.7086,1.35
POL003914,Insured ILGUTJAZ,722511,Restaurants,CA,West,19,1970299.16,7849542.01,48,1,1e+06,5000,0.8342,1.15
POL003915,Insured TATSUJXQ,722511,Restaurants,CA,West,45,3871301.97,9145726.86,7,2,1e+06,2500,1.8316,1.15
POL003916,Insured WUDKTRLV,236220,Construction,NY,Northeast,20,1089253.58,3289764.15,5,0,1e+06,5000,0.7019,1.35
POL003917,Insured ETMANZAG,722511,Restaurants,TX,South,9,922130.62,3172931.15,3,1,1e+06,2500,0.8444,1.15
POL003918,Insured VLNHCYAX,722511,Restaurants,IL,Midwest,104,6399199.27,12989917.54,15,2,2e+06,2500,0.706,1.15
POL003919,Insured QLRVHWLA,541330,Engineering Services,TX,South,15,1738326.64,5201171.52,18,0,1e+06,1000,0.417,0.85
POL003920,Insured WSXIFOFS,236220,Construction,AZ,West,9,688862.45,1558948.2,8,1,2e+06,25000,0.7734,1.35
POL003921,Insured OUQZHLGP,236220,Construction,NC,South,45,4960735.73,15986568.28,7,1,2e+06,25000,0.9233,1.35
POL003922,Insured FOIUMXPB,452319,Retail,IL,Midwest,26,1363499.42,5345719.24,12,1,5e+06,10000,1.6352,1.05
POL003923,Insured RIFYXBCU,452319,Retail,IL,Midwest,10,1227755.47,4975551.29,5,0,1e+06,1000,1.0255,1.05
POL003924,Insured ZAIQLVNM,611110,Schools,FL,South,46,2874482.37,5777109.51,3,0,1e+06,2500,1.0416,0.9
POL003925,Insured CKBHVIST,236220,Construction,PA,Northeast,22,2112181.28,9093709.48,12,0,2e+06,2500,0.9492,1.35
POL003926,Insured OHGTGMOS,611110,Schools,AZ,West,49,3619625.75,13699903.28,6,0,2e+06,5000,1.0139,0.9
POL003927,Insured AZOQZBKC,621111,Physician Offices,WA,West,34,1814906.96,7090111.6,5,1,1e+06,5000,1.0747,0.95
POL003928,Insured RGHBVWCE,722511,Restaurants,PA,Northeast,31,2374674.31,8567200.65,6,2,1e+06,5000,0.6302,1.15
POL003929,Insured OYCJWMCS,236220,Construction,IL,Midwest,88,5659046.19,10197867.76,30,0,2e+06,5000,1.0552,1.35
POL003930,Insured RFKPQQCS,236220,Construction,FL,South,39,4120130.11,12282614.66,8,3,2e+06,5000,1.2844,1.35
POL003931,Insured KPJBZBXH,812112,Beauty Salons,AZ,West,17,671810.18,1290518.55,13,2,2e+06,5000,0.8902,1.1
POL003932,Insured RCGUDGSI,812112,Beauty Salons,WA,West,4,472796.76,1496218.35,48,1,1e+06,5000,0.6549,1.1
POL003933,Insured ORFFVDBA,812112,Beauty Salons,CA,West,124,7409827.17,12936699.56,40,0,1e+06,10000,0.4511,1.1
POL003934,Insured TDXLNIZN,541330,Engineering Services,WA,West,177,14594017.51,45127664.33,5,0,2e+06,10000,1.2648,0.85
POL003935,Insured MTWSKBTD,621111,Physician Offices,PA,Northeast,6,621925.7,1667520.7,4,0,1e+06,2500,1.219,0.95
POL003936,Insured ZGWETCDN,621111,Physician Offices,PA,Northeast,65,4269009.56,7794588.83,7,1,1e+06,2500,0.9745,0.95
POL003937,Insured TYAHOBEJ,812112,Beauty Salons,AZ,West,51,6047790.89,14616045.25,5,0,1e+06,2500,1.0647,1.1
POL003938,Insured XISPKMAG,812112,Beauty Salons,PA,Northeast,37,1852348.66,5801448.95,20,0,1e+06,2500,0.9249,1.1
POL003939,Insured RMPSWYHD,611110,Schools,AZ,West,49,4107945.69,12009141.24,12,4,1e+06,2500,1.5272,0.9
POL003940,Insured OJLOIJQV,722511,Restaurants,NC,South,6,721250.99,3029664.76,22,0,1e+06,1000,1.3469,1.15
POL003941,Insured DXKRVEXW,236220,Construction,FL,South,41,4848657.13,18668763.33,5,0,2e+06,2500,0.9195,1.35
POL003942,Insured YFJAMTXA,722511,Restaurants,IL,Midwest,25,2808274.27,5260740.57,39,0,2e+06,2500,0.9039,1.15
POL003943,Insured MLREOTKB,452319,Retail,NC,South,40,3612379.56,11461040.64,20,1,1e+06,1000,0.9501,1.05
POL003944,Insured TVVFQQXC,452319,Retail,NC,South,12,665352.6,2810735.19,11,1,2e+06,2500,1.0517,1.05
POL003945,Insured QEBXLVUA,722511,Restaurants,PA,Northeast,11,543889.69,1229439.83,18,1,2e+06,10000,0.8804,1.15
POL003946,Insured SQAATYTO,452319,Retail,PA,Northeast,64,4403066.86,18138621.37,23,3,2e+06,2500,1.1762,1.05
POL003947,Insured AWDTLQRI,452319,Retail,PA,Northeast,18,702914.47,2479935.44,6,1,2e+06,10000,1.4266,1.05
POL003948,Insured DZQVFRMU,621111,Physician Offices,IL,Midwest,60,6539308.69,10058325.55,22,1,1e+06,10000,0.8639,0.95
POL003949,Insured AORCQGOS,722511,Restaurants,NY,Northeast,7,613477.91,1171913.37,36,1,2e+06,25000,1.2422,1.15
POL003950,Insured NVFPDZAK,812112,Beauty Salons,CA,West,6,326530.41,533679.54,8,1,1e+06,5000,1.2327,1.1
POL003951,Insured QXXYIAYM,236220,Construction,GA,South,16,1316172.8,5018575.49,8,0,2e+06,2500,1.098,1.35
POL003952,Insured ERSSFVDC,236220,Construction,FL,South,35,4130775.16,14059696.4,17,1,2e+06,5000,1.6147,1.35
POL003953,Insured TJBNCPHZ,722511,Restaurants,GA,South,18,1863105.27,6557941.66,31,1,2e+06,2500,1.433,1.15
POL003954,Insured IEHHNTTV,722511,Restaurants,CA,West,14,1084114.01,4670004.21,12,0,5e+06,1000,1.1342,1.15
POL003955,Insured DFMDFYMA,452319,Retail,CA,West,40,3127775.11,11427595.17,21,1,1e+06,10000,0.9624,1.05
POL003956,Insured LQQGBAFS,812112,Beauty Salons,TX,South,73,7357948.16,26902035.81,23,0,5e+06,10000,0.6693,1.1
POL003957,Insured HAYYTHTG,611110,Schools,NY,Northeast,44,1920189.79,7820748.76,18,1,5e+06,25000,1.052,0.9
POL003958,Insured YVWUIBHU,236220,Construction,FL,South,45,5039217.59,19494129.51,8,3,1e+06,25000,0.9693,1.35
POL003959,Insured YZJXTPHA,722511,Restaurants,PA,Northeast,20,1448979.82,6231493.62,25,2,2e+06,5000,0.6831,1.15
POL003960,Insured XWNRRANJ,722511,Restaurants,TX,South,32,3542793.4,10076748.33,18,2,2e+06,2500,0.6869,1.15
POL003961,Insured LWQUPLTK,611110,Schools,TX,South,26,3221197.16,12459533.65,13,1,1e+06,2500,1.2491,0.9
POL003962,Insured PQVYKENS,722511,Restaurants,TX,South,21,2185471.33,3775859.08,5,0,1e+06,2500,0.7624,1.15
POL003963,Insured PUHWBIFV,541330,Engineering Services,GA,South,17,793557.71,1423338.97,9,1,5e+06,1000,0.903,0.85
POL003964,Insured SSDPGHDS,812112,Beauty Salons,TX,South,91,9586536.86,41534720.51,24,1,2e+06,5000,1.0234,1.1
POL003965,Insured DBTIQEBZ,452319,Retail,FL,South,13,729117.56,3017432.27,12,0,1e+06,2500,1.0557,1.05
POL003966,Insured AGMRSKIQ,541330,Engineering Services,WA,West,27,2048782.56,3663491.47,16,0,1e+06,1000,0.8691,0.85
POL003967,Insured ITOPAOWY,236220,Construction,AZ,West,38,1871085.14,4993895.6,13,2,5e+06,1000,0.7152,1.35
POL003968,Insured RRQGNFVI,236220,Construction,NC,South,17,1725498.42,6447500.89,12,1,2e+06,2500,0.8954,1.35
POL003969,Insured AHTBDKFI,541330,Engineering Services,NY,Northeast,101,12289363.94,44193409.12,5,0,2e+06,2500,0.6119,0.85
POL003970,Insured YRKGOTUN,611110,Schools,AZ,West,47,4374248.63,11914767.51,14,1,5e+06,5000,0.9774,0.9
POL003971,Insured DALWLOMU,236220,Construction,NC,South,12,691971.19,1227735.7,5,2,1e+06,5000,0.7563,1.35
POL003972,Insured RNCJGECV,812112,Beauty Salons,AZ,West,60,4894980.36,20610042.15,6,0,1e+06,2500,0.6182,1.1
POL003973,Insured FBFRSFDW,541330,Engineering Services,TX,South,37,2431570.9,5296210.81,5,1,1e+06,1000,1.0588,0.85
POL003974,Insured YPXKBDSC,722511,Restaurants,IL,Midwest,12,1051857.38,3111143.85,5,0,2e+06,1000,1.2739,1.15
POL003975,Insured LAJISWTF,621111,Physician Offices,TX,South,13,954773.08,1443953.73,13,0,2e+06,10000,1.185,0.95
POL003976,Insured NHWJJHTU,722511,Restaurants,PA,Northeast,21,966629,3178800.02,19,1,1e+06,1000,1.0243,1.15
POL003977,Insured GQIYCYSI,722511,Restaurants,FL,South,65,7618080.55,14955425.82,27,1,2e+06,2500,0.6657,1.15
POL003978,Insured OCYCLYIR,812112,Beauty Salons,WA,West,9,908554.43,2355299.76,9,3,5e+06,2500,0.7339,1.1
POL003979,Insured IUYLRTXV,452319,Retail,NC,South,142,12402260.75,22271034.16,9,1,2e+06,25000,0.6283,1.05
POL003980,Insured RMZCWGKB,236220,Construction,PA,Northeast,18,2164055.52,4914398.8,21,2,2e+06,1000,1.4544,1.35
POL003981,Insured YOCXQXJK,722511,Restaurants,WA,West,11,940110.53,1574615.8,11,1,2e+06,10000,0.8522,1.15
POL003982,Insured SBBQDZQW,621111,Physician Offices,CA,West,18,2035728.67,4649711.98,11,1,1e+06,2500,0.6539,0.95
POL003983,Insured HODQPOCZ,611110,Schools,WA,West,24,2025142.96,8062230.14,21,2,2e+06,1000,1.5809,0.9
POL003984,Insured JMFNHIYT,722511,Restaurants,PA,Northeast,57,6935241.91,19693168.33,10,0,1e+06,10000,1.1748,1.15
POL003985,Insured TZIYGCMT,722511,Restaurants,GA,South,37,2825232.61,8821182.11,4,1,5e+06,10000,1.4156,1.15
POL003986,Insured DAIYUGOE,621111,Physician Offices,WA,West,4,350050.92,1383717.99,13,1,2e+06,5000,0.9232,0.95
POL003987,Insured RQLPCNGE,541330,Engineering Services,IL,Midwest,23,1823716.39,4654967.81,33,2,1e+06,1000,0.9691,0.85
POL003988,Insured YLSSBXBR,452319,Retail,NC,South,21,2209778.1,4184886,9,0,2e+06,10000,0.9201,1.05
POL003989,Insured SMARWRTP,611110,Schools,AZ,West,21,1101249.96,3063426.22,14,4,2e+06,2500,1.2464,0.9
POL003990,Insured WTPISOAS,722511,Restaurants,WA,West,13,1171137.2,4898405.35,49,1,1e+06,5000,1.0056,1.15
POL003991,Insured XZENAVCZ,812112,Beauty Salons,NY,Northeast,10,1062978.56,2040276.68,12,0,5e+06,1000,1.173,1.1
POL003992,Insured BLJGCRBC,541330,Engineering Services,NY,Northeast,17,1215740.32,5348352.88,8,2,1e+06,5000,0.7629,0.85
POL003993,Insured WFPXCXVK,812112,Beauty Salons,NC,South,18,2160053.98,6270611.09,10,0,1e+06,10000,0.9071,1.1
POL003994,Insured EOEJVPGE,452319,Retail,TX,South,48,2068107.54,4853275.22,28,3,5e+06,25000,1.3494,1.05
POL003995,Insured DRYEKUIB,621111,Physician Offices,GA,South,21,1615944.13,2851128.88,8,0,1e+06,2500,1.0985,0.95
POL003996,Insured HFUDRYQH,722511,Restaurants,FL,South,10,665065.83,1006432.33,22,3,5e+06,1000,0.7105,1.15
POL003997,Insured VGZKLEYX,621111,Physician Offices,FL,South,20,1874818.14,7583833.93,3,1,2e+06,2500,1.0528,0.95
POL003998,Insured NDFHYMZS,621111,Physician Offices,IL,Midwest,29,2053043.21,3522374.08,28,0,1e+06,1000,1.5694,0.95
POL003999,Insured AQWCELZJ,236220,Construction,AZ,West,81,8244131.01,18868767.44,14,3,5e+06,1000,1.5374,1.35
POL004000,Insured NXRNQSGX,812112,Beauty Salons,GA,South,70,7466535.88,15464814.39,15,3,1e+06,5000,0.6123,1.1
